[2026-03-30 00:14:42][INFO] /0:0:0:0:0:0:0:1 "GET / HTTP/1.1" 200 OK
[2026-03-30 00:14:42][INFO] /0:0:0:0:0:0:0:1 "GET /settings.json?519679 HTTP/1.1" 200 OK
[2026-03-30 00:14:43][INFO] /0:0:0:0:0:0:0:1 "GET /maps/world/settings.json?665195 HTTP/1.1" 200 OK
[2026-03-30 00:14:43][INFO] /0:0:0:0:0:0:0:1 "GET /maps/world_the_end/settings.json?665195 HTTP/1.1" 200 OK
[2026-03-30 00:14:43][INFO] /0:0:0:0:0:0:0:1 "GET /maps/world_the_nether/settings.json?665195 HTTP/1.1" 200 OK
[2026-03-30 00:14:43][INFO] /0:0:0:0:0:0:0:1 "GET /logoCircle512.png HTTP/1.1" 404 Not Found
[2026-03-30 00:14:43][INFO] /0:0:0:0:0:0:0:1 "GET /maps/world/textures.json?665195 HTTP/1.1" 200 OK
[2026-03-30 00:14:43][INFO] /0:0:0:0:0:0:0:1 "GET /maps/world/live/players.json?82710 HTTP/1.1" 200 OK
[2026-03-30 00:14:43][INFO] /0:0:0:0:0:0:0:1 "GET /maps/world/live/markers.json?990606 HTTP/1.1" 200 OK
[2026-03-30 00:14:43][INFO] /0:0:0:0:0:0:0:1 "GET /maps/world/tiles/3/x0/z0.png?665195 HTTP/1.1" 200 OK
[2026-03-30 00:14:43][INFO] /0:0:0:0:0:0:0:1 "GET /maps/world/tiles/2/x0/z0.png?665195 HTTP/1.1" 200 OK
[2026-03-30 00:14:43][INFO] /0:0:0:0:0:0:0:1 "GET /maps/world/tiles/2/x1/z0.png?665195 HTTP/1.1" 204 No Content
[2026-03-30 00:14:43][INFO] /0:0:0:0:0:0:0:1 "GET /maps/world/tiles/1/x0/z0.png?665195 HTTP/1.1" 200 OK
[2026-03-30 00:14:43][INFO] /0:0:0:0:0:0:0:1 "GET /maps/world/tiles/3/x1/z0.png?665195 HTTP/1.1" 204 No Content
[2026-03-30 00:14:43][INFO] /0:0:0:0:0:0:0:1 "GET /maps/world/tiles/3/x1/z1.png?665195 HTTP/1.1" 204 No Content
[2026-03-30 00:14:43][INFO] /0:0:0:0:0:0:0:1 "GET /maps/world/tiles/1/x1/z0.png?665195 HTTP/1.1" 200 OK
[2026-03-30 00:14:43][INFO] /0:0:0:0:0:0:0:1 "GET /maps/world/tiles/2/x1/z1.png?665195 HTTP/1.1" 204 No Content
[2026-03-30 00:14:43][INFO] /0:0:0:0:0:0:0:1 "GET /maps/world/tiles/0/x-1/z-1.prbm?665195 HTTP/1.1" 200 OK
[2026-03-30 00:14:43][INFO] /0:0:0:0:0:0:0:1 "GET /maps/world/tiles/1/x1/z1.png?665195 HTTP/1.1" 200 OK
[2026-03-30 00:14:43][INFO] /0:0:0:0:0:0:0:1 "GET /maps/world/tiles/3/x0/z1.png?665195 HTTP/1.1" 204 No Content
[2026-03-30 00:14:43][INFO] /0:0:0:0:0:0:0:1 "GET /maps/world/tiles/0/x0/z-1.prbm?665195 HTTP/1.1" 200 OK
[2026-03-30 00:14:43][INFO] /0:0:0:0:0:0:0:1 "GET /maps/world/tiles/0/x0/z0.prbm?665195 HTTP/1.1" 200 OK
[2026-03-30 00:14:43][INFO] /0:0:0:0:0:0:0:1 "GET /maps/world/tiles/0/x-1/z0.prbm?665195 HTTP/1.1" 200 OK
[2026-03-30 00:14:43][INFO] /0:0:0:0:0:0:0:1 "GET /maps/world/tiles/0/x-2/z0.prbm?665195 HTTP/1.1" 200 OK
[2026-03-30 00:14:43][INFO] /0:0:0:0:0:0:0:1 "GET /maps/world/tiles/0/x-2/z-1.prbm?665195 HTTP/1.1" 200 OK
[2026-03-30 00:14:43][INFO] /0:0:0:0:0:0:0:1 "GET /maps/world/tiles/0/x-2/z-2.prbm?665195 HTTP/1.1" 200 OK
[2026-03-30 00:14:43][INFO] /0:0:0:0:0:0:0:1 "GET /maps/world/tiles/0/x-1/8/z1/9.prbm?665195 HTTP/1.1" 200 OK
[2026-03-30 00:14:43][INFO] /0:0:0:0:0:0:0:1 "GET /maps/world/tiles/2/x0/z1.png?665195 HTTP/1.1" 200 OK
[2026-03-30 00:14:43][INFO] /0:0:0:0:0:0:0:1 "GET /maps/world/tiles/1/x0/z1.png?665195 HTTP/1.1" 200 OK
[2026-03-30 00:14:43][INFO] /0:0:0:0:0:0:0:1 "GET /maps/world/tiles/3/x-1/z1.png?665195 HTTP/1.1" 204 No Content
[2026-03-30 00:14:43][INFO] /0:0:0:0:0:0:0:1 "GET /maps/world/tiles/2/x-1/z1.png?665195 HTTP/1.1" 200 OK
[2026-03-30 00:14:43][INFO] /0:0:0:0:0:0:0:1 "GET /maps/world/tiles/1/x-1/z1.png?665195 HTTP/1.1" 200 OK
[2026-03-30 00:14:43][INFO] /0:0:0:0:0:0:0:1 "GET /maps/world/tiles/3/x-1/z0.png?665195 HTTP/1.1" 200 OK
[2026-03-30 00:14:43][INFO] /0:0:0:0:0:0:0:1 "GET /maps/world/tiles/2/x-1/z0.png?665195 HTTP/1.1" 200 OK
[2026-03-30 00:14:43][INFO] /0:0:0:0:0:0:0:1 "GET /maps/world/tiles/1/x-1/z0.png?665195 HTTP/1.1" 200 OK
[2026-03-30 00:14:43][INFO] /0:0:0:0:0:0:0:1 "GET /maps/world/tiles/3/x-2/z1.png?665195 HTTP/1.1" 204 No Content
[2026-03-30 00:14:43][INFO] /0:0:0:0:0:0:0:1 "GET /maps/world/tiles/2/x-2/z1.png?665195 HTTP/1.1" 204 No Content
[2026-03-30 00:14:43][INFO] /0:0:0:0:0:0:0:1 "GET /maps/world/tiles/1/x-2/z1.png?665195 HTTP/1.1" 200 OK
[2026-03-30 00:14:43][INFO] /0:0:0:0:0:0:0:1 "GET /maps/world/tiles/3/x-2/z0.png?665195 HTTP/1.1" 204 No Content
[2026-03-30 00:14:43][INFO] /0:0:0:0:0:0:0:1 "GET /maps/world/tiles/2/x-2/z0.png?665195 HTTP/1.1" 200 OK
[2026-03-30 00:14:43][INFO] /0:0:0:0:0:0:0:1 "GET /maps/world/tiles/1/x-1/z2.png?665195 HTTP/1.1" 200 OK
[2026-03-30 00:14:43][INFO] /0:0:0:0:0:0:0:1 "GET /maps/world/tiles/1/x-2/z2.png?665195 HTTP/1.1" 200 OK
[2026-03-30 00:14:43][INFO] /0:0:0:0:0:0:0:1 "GET /maps/world/tiles/1/x-3/z2.png?665195 HTTP/1.1" 200 OK
[2026-03-30 00:14:43][INFO] /0:0:0:0:0:0:0:1 "GET /maps/world/tiles/1/x-3/z1.png?665195 HTTP/1.1" 200 OK
[2026-03-30 00:14:43][INFO] /0:0:0:0:0:0:0:1 "GET /maps/world/tiles/0/x-1/7/z1/9.prbm?665195 HTTP/1.1" 200 OK
[2026-03-30 00:14:43][INFO] /0:0:0:0:0:0:0:1 "GET /maps/world/tiles/0/x-1/7/z2/0.prbm?665195 HTTP/1.1" 200 OK
[2026-03-30 00:14:43][INFO] /0:0:0:0:0:0:0:1 "GET /maps/world/tiles/0/x-1/8/z2/0.prbm?665195 HTTP/1.1" 200 OK
[2026-03-30 00:14:43][INFO] /0:0:0:0:0:0:0:1 "GET /maps/world/tiles/0/x-1/9/z2/0.prbm?665195 HTTP/1.1" 200 OK
[2026-03-30 00:14:43][INFO] /0:0:0:0:0:0:0:1 "GET /maps/world/tiles/0/x-1/9/z1/9.prbm?665195 HTTP/1.1" 200 OK
[2026-03-30 00:14:43][INFO] /0:0:0:0:0:0:0:1 "GET /maps/world/tiles/0/x-1/9/z1/8.prbm?665195 HTTP/1.1" 200 OK
[2026-03-30 00:14:43][INFO] /0:0:0:0:0:0:0:1 "GET /maps/world/tiles/0/x-1/8/z1/8.prbm?665195 HTTP/1.1" 200 OK
[2026-03-30 00:14:43][INFO] /0:0:0:0:0:0:0:1 "GET /maps/world/tiles/0/x-1/7/z1/8.prbm?665195 HTTP/1.1" 200 OK
[2026-03-30 00:14:43][INFO] /0:0:0:0:0:0:0:1 "GET /maps/world/tiles/0/x-1/6/z1/8.prbm?665195 HTTP/1.1" 200 OK
[2026-03-30 00:14:43][INFO] /0:0:0:0:0:0:0:1 "GET /maps/world/tiles/0/x-1/6/z1/9.prbm?665195 HTTP/1.1" 200 OK
[2026-03-30 00:14:43][INFO] /0:0:0:0:0:0:0:1 "GET /maps/world/tiles/0/x-1/6/z2/0.prbm?665195 HTTP/1.1" 200 OK
[2026-03-30 00:14:43][INFO] /0:0:0:0:0:0:0:1 "GET /maps/world/tiles/0/x-1/6/z2/1.prbm?665195 HTTP/1.1" 200 OK
[2026-03-30 00:14:43][INFO] /0:0:0:0:0:0:0:1 "GET /maps/world/tiles/0/x-1/7/z2/1.prbm?665195 HTTP/1.1" 200 OK
[2026-03-30 00:14:43][INFO] /0:0:0:0:0:0:0:1 "GET /maps/world/tiles/0/x-1/8/z2/1.prbm?665195 HTTP/1.1" 200 OK
[2026-03-30 00:14:43][INFO] /0:0:0:0:0:0:0:1 "GET /maps/world/tiles/0/x-1/9/z2/1.prbm?665195 HTTP/1.1" 200 OK
[2026-03-30 00:14:43][INFO] /0:0:0:0:0:0:0:1 "GET /maps/world/tiles/0/x-2/0/z2/1.prbm?665195 HTTP/1.1" 200 OK
[2026-03-30 00:14:43][INFO] /0:0:0:0:0:0:0:1 "GET /maps/world/tiles/0/x-2/0/z2/0.prbm?665195 HTTP/1.1" 200 OK
[2026-03-30 00:14:43][INFO] /0:0:0:0:0:0:0:1 "GET /maps/world/tiles/0/x-2/0/z1/9.prbm?665195 HTTP/1.1" 200 OK
[2026-03-30 00:14:43][INFO] /0:0:0:0:0:0:0:1 "GET /maps/world/tiles/0/x-2/0/z1/8.prbm?665195 HTTP/1.1" 200 OK
[2026-03-30 00:14:43][INFO] /0:0:0:0:0:0:0:1 "GET /maps/world/tiles/0/x-2/0/z1/7.prbm?665195 HTTP/1.1" 200 OK
[2026-03-30 00:14:43][INFO] /0:0:0:0:0:0:0:1 "GET /maps/world/tiles/0/x-1/9/z1/7.prbm?665195 HTTP/1.1" 200 OK
[2026-03-30 00:14:43][INFO] /0:0:0:0:0:0:0:1 "GET /maps/world/tiles/0/x-1/8/z1/7.prbm?665195 HTTP/1.1" 200 OK
[2026-03-30 00:14:43][INFO] /0:0:0:0:0:0:0:1 "GET /maps/world/tiles/0/x-1/7/z1/7.prbm?665195 HTTP/1.1" 200 OK
[2026-03-30 00:14:43][INFO] /0:0:0:0:0:0:0:1 "GET /maps/world/tiles/0/x-1/6/z1/7.prbm?665195 HTTP/1.1" 200 OK
[2026-03-30 00:14:43][INFO] /0:0:0:0:0:0:0:1 "GET /maps/world/tiles/0/x-1/5/z1/7.prbm?665195 HTTP/1.1" 200 OK
[2026-03-30 00:14:43][INFO] /0:0:0:0:0:0:0:1 "GET /maps/world/tiles/0/x-1/5/z1/8.prbm?665195 HTTP/1.1" 200 OK
[2026-03-30 00:14:43][INFO] /0:0:0:0:0:0:0:1 "GET /maps/world/tiles/0/x-1/5/z1/9.prbm?665195 HTTP/1.1" 200 OK
[2026-03-30 00:14:43][INFO] /0:0:0:0:0:0:0:1 "GET /maps/world/tiles/0/x-1/5/z2/0.prbm?665195 HTTP/1.1" 200 OK
[2026-03-30 00:14:43][INFO] /0:0:0:0:0:0:0:1 "GET /maps/world/tiles/0/x-1/5/z2/1.prbm?665195 HTTP/1.1" 200 OK
[2026-03-30 00:14:43][INFO] /0:0:0:0:0:0:0:1 "GET /maps/world/tiles/0/x-1/5/z2/2.prbm?665195 HTTP/1.1" 200 OK
[2026-03-30 00:14:43][INFO] /0:0:0:0:0:0:0:1 "GET /maps/world/tiles/0/x-1/6/z2/2.prbm?665195 HTTP/1.1" 200 OK
[2026-03-30 00:14:43][INFO] /0:0:0:0:0:0:0:1 "GET /maps/world/tiles/0/x-1/7/z2/2.prbm?665195 HTTP/1.1" 200 OK
[2026-03-30 00:14:43][INFO] /0:0:0:0:0:0:0:1 "GET /maps/world/tiles/0/x-1/8/z2/2.prbm?665195 HTTP/1.1" 200 OK
[2026-03-30 00:14:43][INFO] /0:0:0:0:0:0:0:1 "GET /maps/world/tiles/0/x-1/9/z2/2.prbm?665195 HTTP/1.1" 200 OK
[2026-03-30 00:14:43][INFO] /0:0:0:0:0:0:0:1 "GET /maps/world/tiles/0/x-2/0/z2/2.prbm?665195 HTTP/1.1" 200 OK
[2026-03-30 00:14:43][INFO] /0:0:0:0:0:0:0:1 "GET /maps/world/tiles/0/x-2/1/z2/2.prbm?665195 HTTP/1.1" 200 OK
[2026-03-30 00:14:43][INFO] /0:0:0:0:0:0:0:1 "GET /maps/world/tiles/0/x-2/1/z2/1.prbm?665195 HTTP/1.1" 200 OK
[2026-03-30 00:14:43][INFO] /0:0:0:0:0:0:0:1 "GET /maps/world/tiles/0/x-2/1/z2/0.prbm?665195 HTTP/1.1" 200 OK
[2026-03-30 00:14:43][INFO] /0:0:0:0:0:0:0:1 "GET /maps/world/tiles/0/x-2/1/z1/9.prbm?665195 HTTP/1.1" 200 OK
[2026-03-30 00:14:43][INFO] /0:0:0:0:0:0:0:1 "GET /maps/world/tiles/0/x-2/1/z1/8.prbm?665195 HTTP/1.1" 200 OK
[2026-03-30 00:14:43][INFO] /0:0:0:0:0:0:0:1 "GET /maps/world/tiles/0/x-2/1/z1/7.prbm?665195 HTTP/1.1" 200 OK
[2026-03-30 00:14:43][INFO] /0:0:0:0:0:0:0:1 "GET /maps/world/tiles/0/x-2/1/z1/6.prbm?665195 HTTP/1.1" 200 OK
[2026-03-30 00:14:43][INFO] /0:0:0:0:0:0:0:1 "GET /maps/world/tiles/0/x-2/0/z1/6.prbm?665195 HTTP/1.1" 200 OK
[2026-03-30 00:14:43][INFO] /0:0:0:0:0:0:0:1 "GET /maps/world/tiles/0/x-1/9/z1/6.prbm?665195 HTTP/1.1" 200 OK
[2026-03-30 00:14:43][INFO] /0:0:0:0:0:0:0:1 "GET /maps/world/tiles/0/x-1/8/z1/6.prbm?665195 HTTP/1.1" 200 OK
[2026-03-30 00:14:43][INFO] /0:0:0:0:0:0:0:1 "GET /maps/world/tiles/0/x-1/7/z1/6.prbm?665195 HTTP/1.1" 200 OK
[2026-03-30 00:14:43][INFO] /0:0:0:0:0:0:0:1 "GET /maps/world/tiles/0/x-1/6/z1/6.prbm?665195 HTTP/1.1" 200 OK
[2026-03-30 00:14:44][INFO] /0:0:0:0:0:0:0:1 "GET /maps/world/tiles/0/x-1/5/z1/6.prbm?665195 HTTP/1.1" 200 OK
[2026-03-30 00:14:44][INFO] /0:0:0:0:0:0:0:1 "GET /maps/world/tiles/0/x-1/4/z1/6.prbm?665195 HTTP/1.1" 200 OK
[2026-03-30 00:14:44][INFO] /0:0:0:0:0:0:0:1 "GET /maps/world/tiles/0/x-1/4/z1/7.prbm?665195 HTTP/1.1" 200 OK
[2026-03-30 00:14:44][INFO] /0:0:0:0:0:0:0:1 "GET /maps/world/tiles/0/x-1/4/z1/8.prbm?665195 HTTP/1.1" 200 OK
[2026-03-30 00:14:44][INFO] /0:0:0:0:0:0:0:1 "GET /maps/world/tiles/0/x-1/4/z1/9.prbm?665195 HTTP/1.1" 200 OK
[2026-03-30 00:14:44][INFO] /0:0:0:0:0:0:0:1 "GET /maps/world/tiles/0/x-1/4/z2/0.prbm?665195 HTTP/1.1" 200 OK
[2026-03-30 00:14:44][INFO] /0:0:0:0:0:0:0:1 "GET /maps/world/tiles/0/x-1/4/z2/1.prbm?665195 HTTP/1.1" 200 OK
[2026-03-30 00:14:44][INFO] /0:0:0:0:0:0:0:1 "GET /maps/world/tiles/0/x-1/4/z2/2.prbm?665195 HTTP/1.1" 200 OK
[2026-03-30 00:14:44][INFO] /0:0:0:0:0:0:0:1 "GET /maps/world/tiles/0/x-1/4/z2/3.prbm?665195 HTTP/1.1" 200 OK
[2026-03-30 00:14:44][INFO] /0:0:0:0:0:0:0:1 "GET /maps/world/tiles/0/x-1/5/z2/3.prbm?665195 HTTP/1.1" 200 OK
[2026-03-30 00:14:44][INFO] /0:0:0:0:0:0:0:1 "GET /maps/world/tiles/0/x-1/6/z2/3.prbm?665195 HTTP/1.1" 200 OK
[2026-03-30 00:14:44][INFO] /0:0:0:0:0:0:0:1 "GET /maps/world/tiles/0/x-1/7/z2/3.prbm?665195 HTTP/1.1" 200 OK
[2026-03-30 00:14:44][INFO] /0:0:0:0:0:0:0:1 "GET /maps/world/tiles/0/x-1/8/z2/3.prbm?665195 HTTP/1.1" 200 OK
[2026-03-30 00:14:44][INFO] /0:0:0:0:0:0:0:1 "GET /maps/world/tiles/0/x-1/9/z2/3.prbm?665195 HTTP/1.1" 200 OK
[2026-03-30 00:14:44][INFO] /0:0:0:0:0:0:0:1 "GET /maps/world/tiles/0/x-2/0/z2/3.prbm?665195 HTTP/1.1" 200 OK
[2026-03-30 00:14:44][INFO] /0:0:0:0:0:0:0:1 "GET /maps/world/tiles/0/x-2/1/z2/3.prbm?665195 HTTP/1.1" 200 OK
[2026-03-30 00:14:44][INFO] /0:0:0:0:0:0:0:1 "GET /maps/world/tiles/0/x-2/2/z2/3.prbm?665195 HTTP/1.1" 200 OK
[2026-03-30 00:14:44][INFO] /0:0:0:0:0:0:0:1 "GET /maps/world/tiles/0/x-2/2/z2/2.prbm?665195 HTTP/1.1" 200 OK
[2026-03-30 00:14:44][INFO] /0:0:0:0:0:0:0:1 "GET /maps/world/tiles/0/x-2/2/z2/1.prbm?665195 HTTP/1.1" 200 OK
[2026-03-30 00:14:44][INFO] /0:0:0:0:0:0:0:1 "GET /maps/world/tiles/0/x-2/2/z2/0.prbm?665195 HTTP/1.1" 200 OK
[2026-03-30 00:14:44][INFO] /0:0:0:0:0:0:0:1 "GET /maps/world/tiles/0/x-2/2/z1/9.prbm?665195 HTTP/1.1" 200 OK
[2026-03-30 00:14:44][INFO] /0:0:0:0:0:0:0:1 "GET /maps/world/tiles/0/x-2/2/z1/8.prbm?665195 HTTP/1.1" 200 OK
[2026-03-30 00:14:44][INFO] /0:0:0:0:0:0:0:1 "GET /maps/world/tiles/0/x-2/2/z1/7.prbm?665195 HTTP/1.1" 200 OK
[2026-03-30 00:14:44][INFO] /0:0:0:0:0:0:0:1 "GET /maps/world/tiles/0/x-2/2/z1/6.prbm?665195 HTTP/1.1" 200 OK
[2026-03-30 00:14:44][INFO] /0:0:0:0:0:0:0:1 "GET /maps/world/tiles/0/x-2/2/z1/5.prbm?665195 HTTP/1.1" 200 OK
[2026-03-30 00:14:44][INFO] /0:0:0:0:0:0:0:1 "GET /maps/world/tiles/0/x-2/1/z1/5.prbm?665195 HTTP/1.1" 200 OK
[2026-03-30 00:14:44][INFO] /0:0:0:0:0:0:0:1 "GET /maps/world/tiles/0/x-2/0/z1/5.prbm?665195 HTTP/1.1" 200 OK
[2026-03-30 00:14:44][INFO] /0:0:0:0:0:0:0:1 "GET /maps/world/tiles/0/x-1/9/z1/5.prbm?665195 HTTP/1.1" 200 OK
[2026-03-30 00:14:44][INFO] /0:0:0:0:0:0:0:1 "GET /maps/world/tiles/0/x-1/8/z1/5.prbm?665195 HTTP/1.1" 200 OK
[2026-03-30 00:14:44][INFO] /0:0:0:0:0:0:0:1 "GET /maps/world/tiles/0/x-1/7/z1/5.prbm?665195 HTTP/1.1" 200 OK
[2026-03-30 00:14:44][INFO] /0:0:0:0:0:0:0:1 "GET /maps/world/tiles/0/x-1/6/z1/5.prbm?665195 HTTP/1.1" 200 OK
[2026-03-30 00:14:44][INFO] /0:0:0:0:0:0:0:1 "GET /maps/world/tiles/0/x-1/5/z1/5.prbm?665195 HTTP/1.1" 200 OK
[2026-03-30 00:14:44][INFO] /0:0:0:0:0:0:0:1 "GET /maps/world/tiles/0/x-1/4/z1/5.prbm?665195 HTTP/1.1" 200 OK
[2026-03-30 00:14:44][INFO] /0:0:0:0:0:0:0:1 "GET /maps/world/tiles/0/x-1/3/z1/5.prbm?665195 HTTP/1.1" 200 OK
[2026-03-30 00:14:44][INFO] /0:0:0:0:0:0:0:1 "GET /maps/world/tiles/0/x-1/3/z1/6.prbm?665195 HTTP/1.1" 200 OK
[2026-03-30 00:14:44][INFO] /0:0:0:0:0:0:0:1 "GET /maps/world/tiles/0/x-1/3/z1/7.prbm?665195 HTTP/1.1" 200 OK
[2026-03-30 00:14:44][INFO] /0:0:0:0:0:0:0:1 "GET /maps/world/tiles/0/x-1/3/z1/8.prbm?665195 HTTP/1.1" 200 OK
[2026-03-30 00:14:44][INFO] /0:0:0:0:0:0:0:1 "GET /maps/world/tiles/0/x-1/3/z1/9.prbm?665195 HTTP/1.1" 200 OK
[2026-03-30 00:14:44][INFO] /0:0:0:0:0:0:0:1 "GET /maps/world/tiles/0/x-1/3/z2/0.prbm?665195 HTTP/1.1" 200 OK
[2026-03-30 00:14:44][INFO] /0:0:0:0:0:0:0:1 "GET /maps/world/tiles/0/x-1/3/z2/1.prbm?665195 HTTP/1.1" 200 OK
[2026-03-30 00:14:44][INFO] /0:0:0:0:0:0:0:1 "GET /maps/world/tiles/0/x-1/3/z2/2.prbm?665195 HTTP/1.1" 200 OK
[2026-03-30 00:14:44][INFO] /0:0:0:0:0:0:0:1 "GET /maps/world/live/players.json?450667 HTTP/1.1" 200 OK
[2026-03-30 00:14:44][INFO] /0:0:0:0:0:0:0:1 "GET /maps/world/tiles/0/x-1/3/z2/3.prbm?665195 HTTP/1.1" 200 OK
[2026-03-30 00:14:44][INFO] /0:0:0:0:0:0:0:1 "GET /maps/world/tiles/0/x-1/3/z2/4.prbm?665195 HTTP/1.1" 200 OK
[2026-03-30 00:14:44][INFO] /0:0:0:0:0:0:0:1 "GET /maps/world/tiles/0/x-1/4/z2/4.prbm?665195 HTTP/1.1" 200 OK
[2026-03-30 00:14:44][INFO] /0:0:0:0:0:0:0:1 "GET /maps/world/tiles/0/x-1/5/z2/4.prbm?665195 HTTP/1.1" 200 OK
[2026-03-30 00:14:44][INFO] /0:0:0:0:0:0:0:1 "GET /maps/world/tiles/0/x-1/6/z2/4.prbm?665195 HTTP/1.1" 200 OK
[2026-03-30 00:14:44][INFO] /0:0:0:0:0:0:0:1 "GET /maps/world/tiles/0/x-1/7/z2/4.prbm?665195 HTTP/1.1" 200 OK
[2026-03-30 00:14:44][INFO] /0:0:0:0:0:0:0:1 "GET /maps/world/tiles/0/x-1/8/z2/4.prbm?665195 HTTP/1.1" 200 OK
[2026-03-30 00:14:44][INFO] /0:0:0:0:0:0:0:1 "GET /maps/world/tiles/0/x-1/9/z2/4.prbm?665195 HTTP/1.1" 200 OK
[2026-03-30 00:14:44][INFO] /0:0:0:0:0:0:0:1 "GET /maps/world/tiles/0/x-2/0/z2/4.prbm?665195 HTTP/1.1" 200 OK
[2026-03-30 00:14:44][INFO] /0:0:0:0:0:0:0:1 "GET /maps/world/tiles/0/x-2/1/z2/4.prbm?665195 HTTP/1.1" 200 OK
[2026-03-30 00:14:44][INFO] /0:0:0:0:0:0:0:1 "GET /maps/world/tiles/0/x-2/2/z2/4.prbm?665195 HTTP/1.1" 200 OK
[2026-03-30 00:14:44][INFO] /0:0:0:0:0:0:0:1 "GET /maps/world/tiles/0/x-2/3/z2/4.prbm?665195 HTTP/1.1" 200 OK
[2026-03-30 00:14:44][INFO] /0:0:0:0:0:0:0:1 "GET /maps/world/tiles/0/x-2/3/z2/3.prbm?665195 HTTP/1.1" 200 OK
[2026-03-30 00:14:44][INFO] /0:0:0:0:0:0:0:1 "GET /maps/world/tiles/0/x-2/3/z2/2.prbm?665195 HTTP/1.1" 200 OK
[2026-03-30 00:14:44][INFO] /0:0:0:0:0:0:0:1 "GET /maps/world/tiles/0/x-2/3/z2/1.prbm?665195 HTTP/1.1" 200 OK
[2026-03-30 00:14:44][INFO] /0:0:0:0:0:0:0:1 "GET /maps/world/tiles/0/x-2/3/z2/0.prbm?665195 HTTP/1.1" 200 OK
[2026-03-30 00:14:44][INFO] /0:0:0:0:0:0:0:1 "GET /maps/world/tiles/0/x-2/3/z1/9.prbm?665195 HTTP/1.1" 200 OK
[2026-03-30 00:14:44][INFO] /0:0:0:0:0:0:0:1 "GET /maps/world/tiles/0/x-2/3/z1/8.prbm?665195 HTTP/1.1" 200 OK
[2026-03-30 00:14:44][INFO] /0:0:0:0:0:0:0:1 "GET /maps/world/tiles/0/x-2/3/z1/7.prbm?665195 HTTP/1.1" 200 OK
[2026-03-30 00:14:44][INFO] /0:0:0:0:0:0:0:1 "GET /maps/world/tiles/0/x-2/3/z1/6.prbm?665195 HTTP/1.1" 200 OK
[2026-03-30 00:14:44][INFO] /0:0:0:0:0:0:0:1 "GET /maps/world/tiles/0/x-2/3/z1/5.prbm?665195 HTTP/1.1" 200 OK
[2026-03-30 00:14:44][INFO] /0:0:0:0:0:0:0:1 "GET /maps/world/tiles/0/x-2/3/z1/4.prbm?665195 HTTP/1.1" 200 OK
[2026-03-30 00:14:44][INFO] /0:0:0:0:0:0:0:1 "GET /maps/world/tiles/0/x-2/2/z1/4.prbm?665195 HTTP/1.1" 200 OK
[2026-03-30 00:14:44][INFO] /0:0:0:0:0:0:0:1 "GET /maps/world/tiles/0/x-2/1/z1/4.prbm?665195 HTTP/1.1" 200 OK
[2026-03-30 00:14:44][INFO] /0:0:0:0:0:0:0:1 "GET /maps/world/tiles/0/x-2/0/z1/4.prbm?665195 HTTP/1.1" 200 OK
[2026-03-30 00:14:44][INFO] /0:0:0:0:0:0:0:1 "GET /maps/world/tiles/0/x-1/9/z1/4.prbm?665195 HTTP/1.1" 200 OK
[2026-03-30 00:14:44][INFO] /0:0:0:0:0:0:0:1 "GET /maps/world/tiles/0/x-1/8/z1/4.prbm?665195 HTTP/1.1" 200 OK
[2026-03-30 00:14:44][INFO] /0:0:0:0:0:0:0:1 "GET /maps/world/tiles/0/x-1/7/z1/4.prbm?665195 HTTP/1.1" 200 OK
[2026-03-30 00:14:44][INFO] /0:0:0:0:0:0:0:1 "GET /maps/world/tiles/0/x-1/6/z1/4.prbm?665195 HTTP/1.1" 200 OK
[2026-03-30 00:14:45][INFO] /0:0:0:0:0:0:0:1 "GET /maps/world/tiles/0/x-1/5/z1/4.prbm?665195 HTTP/1.1" 200 OK
[2026-03-30 00:14:45][INFO] /0:0:0:0:0:0:0:1 "GET /maps/world/tiles/0/x-1/4/z1/4.prbm?665195 HTTP/1.1" 200 OK
[2026-03-30 00:14:45][INFO] /0:0:0:0:0:0:0:1 "GET /maps/world/tiles/0/x-1/3/z1/4.prbm?665195 HTTP/1.1" 200 OK
[2026-03-30 00:14:45][INFO] /0:0:0:0:0:0:0:1 "GET /maps/world/tiles/0/x-1/2/z1/4.prbm?665195 HTTP/1.1" 200 OK
[2026-03-30 00:14:45][INFO] /0:0:0:0:0:0:0:1 "GET /maps/world/tiles/0/x-1/2/z1/5.prbm?665195 HTTP/1.1" 200 OK
[2026-03-30 00:14:45][INFO] /0:0:0:0:0:0:0:1 "GET /maps/world/tiles/0/x-1/2/z1/6.prbm?665195 HTTP/1.1" 200 OK
[2026-03-30 00:14:45][INFO] /0:0:0:0:0:0:0:1 "GET /maps/world/tiles/0/x-1/2/z1/7.prbm?665195 HTTP/1.1" 200 OK
[2026-03-30 00:14:45][INFO] /0:0:0:0:0:0:0:1 "GET /maps/world/tiles/0/x-1/2/z1/8.prbm?665195 HTTP/1.1" 200 OK
[2026-03-30 00:14:45][INFO] /0:0:0:0:0:0:0:1 "GET /maps/world/tiles/0/x-1/2/z1/9.prbm?665195 HTTP/1.1" 200 OK
[2026-03-30 00:14:45][INFO] /0:0:0:0:0:0:0:1 "GET /maps/world/tiles/0/x-1/2/z2/0.prbm?665195 HTTP/1.1" 200 OK
[2026-03-30 00:14:45][INFO] /0:0:0:0:0:0:0:1 "GET /maps/world/tiles/0/x-1/2/z2/1.prbm?665195 HTTP/1.1" 200 OK
[2026-03-30 00:14:45][INFO] /0:0:0:0:0:0:0:1 "GET /maps/world/tiles/0/x-1/2/z2/2.prbm?665195 HTTP/1.1" 200 OK
[2026-03-30 00:14:45][INFO] /0:0:0:0:0:0:0:1 "GET /maps/world/tiles/0/x-1/2/z2/3.prbm?665195 HTTP/1.1" 200 OK
[2026-03-30 00:14:45][INFO] /0:0:0:0:0:0:0:1 "GET /maps/world/tiles/0/x-1/2/z2/4.prbm?665195 HTTP/1.1" 200 OK
[2026-03-30 00:14:45][INFO] /0:0:0:0:0:0:0:1 "GET /maps/world/tiles/0/x-1/2/z2/5.prbm?665195 HTTP/1.1" 200 OK
[2026-03-30 00:14:45][INFO] /0:0:0:0:0:0:0:1 "GET /maps/world/tiles/0/x-1/3/z2/5.prbm?665195 HTTP/1.1" 200 OK
[2026-03-30 00:14:45][INFO] /0:0:0:0:0:0:0:1 "GET /maps/world/tiles/0/x-1/4/z2/5.prbm?665195 HTTP/1.1" 200 OK
[2026-03-30 00:14:45][INFO] /0:0:0:0:0:0:0:1 "GET /maps/world/tiles/0/x-1/5/z2/5.prbm?665195 HTTP/1.1" 200 OK
[2026-03-30 00:14:45][INFO] /0:0:0:0:0:0:0:1 "GET /maps/world/tiles/0/x-1/6/z2/5.prbm?665195 HTTP/1.1" 200 OK
[2026-03-30 00:14:45][INFO] /0:0:0:0:0:0:0:1 "GET /maps/world/tiles/0/x-1/7/z2/5.prbm?665195 HTTP/1.1" 200 OK
[2026-03-30 00:14:45][INFO] /0:0:0:0:0:0:0:1 "GET /maps/world/tiles/0/x-1/8/z2/5.prbm?665195 HTTP/1.1" 200 OK
[2026-03-30 00:14:45][INFO] /0:0:0:0:0:0:0:1 "GET /maps/world/tiles/0/x-1/9/z2/5.prbm?665195 HTTP/1.1" 200 OK
[2026-03-30 00:14:45][INFO] /0:0:0:0:0:0:0:1 "GET /maps/world/tiles/0/x-2/0/z2/5.prbm?665195 HTTP/1.1" 200 OK
[2026-03-30 00:14:45][INFO] /0:0:0:0:0:0:0:1 "GET /maps/world/tiles/0/x-2/1/z2/5.prbm?665195 HTTP/1.1" 200 OK
[2026-03-30 00:14:45][INFO] /0:0:0:0:0:0:0:1 "GET /maps/world/tiles/0/x-2/2/z2/5.prbm?665195 HTTP/1.1" 200 OK
[2026-03-30 00:14:45][INFO] /0:0:0:0:0:0:0:1 "GET /maps/world/tiles/0/x-2/3/z2/5.prbm?665195 HTTP/1.1" 200 OK
[2026-03-30 00:14:45][INFO] /0:0:0:0:0:0:0:1 "GET /maps/world/tiles/0/x-2/4/z2/5.prbm?665195 HTTP/1.1" 200 OK
[2026-03-30 00:14:45][INFO] /0:0:0:0:0:0:0:1 "GET /maps/world/tiles/0/x-2/4/z2/4.prbm?665195 HTTP/1.1" 200 OK
[2026-03-30 00:14:45][INFO] /0:0:0:0:0:0:0:1 "GET /maps/world/tiles/0/x-2/4/z2/3.prbm?665195 HTTP/1.1" 200 OK
[2026-03-30 00:14:45][INFO] /0:0:0:0:0:0:0:1 "GET /maps/world/tiles/0/x-2/4/z2/2.prbm?665195 HTTP/1.1" 200 OK
[2026-03-30 00:14:45][INFO] /0:0:0:0:0:0:0:1 "GET /maps/world/tiles/0/x-2/4/z2/1.prbm?665195 HTTP/1.1" 200 OK
[2026-03-30 00:14:45][INFO] /0:0:0:0:0:0:0:1 "GET /maps/world/live/players.json?193854 HTTP/1.1" 200 OK
[2026-03-30 00:14:45][INFO] /0:0:0:0:0:0:0:1 "GET /maps/world/tiles/0/x-2/4/z2/0.prbm?665195 HTTP/1.1" 200 OK
[2026-03-30 00:14:45][INFO] /0:0:0:0:0:0:0:1 "GET /maps/world/tiles/0/x-2/4/z1/9.prbm?665195 HTTP/1.1" 200 OK
[2026-03-30 00:14:45][INFO] /0:0:0:0:0:0:0:1 "GET /maps/world/tiles/0/x-2/4/z1/8.prbm?665195 HTTP/1.1" 200 OK
[2026-03-30 00:14:45][INFO] /0:0:0:0:0:0:0:1 "GET /maps/world/tiles/0/x-2/4/z1/7.prbm?665195 HTTP/1.1" 200 OK
[2026-03-30 00:14:45][INFO] /0:0:0:0:0:0:0:1 "GET /maps/world/tiles/0/x-2/4/z1/6.prbm?665195 HTTP/1.1" 200 OK
[2026-03-30 00:14:45][INFO] /0:0:0:0:0:0:0:1 "GET /maps/world/tiles/0/x-2/5/z1/9.prbm?665195 HTTP/1.1" 200 OK
[2026-03-30 00:14:45][INFO] /0:0:0:0:0:0:0:1 "GET /maps/world/tiles/0/x-2/5/z1/8.prbm?665195 HTTP/1.1" 200 OK
[2026-03-30 00:14:45][INFO] /0:0:0:0:0:0:0:1 "GET /maps/world/tiles/0/x-2/5/z1/7.prbm?665195 HTTP/1.1" 200 OK
[2026-03-30 00:14:45][INFO] /0:0:0:0:0:0:0:1 "GET /maps/world/tiles/0/x-2/5/z1/6.prbm?665195 HTTP/1.1" 200 OK
[2026-03-30 00:14:45][INFO] /0:0:0:0:0:0:0:1 "GET /maps/world/tiles/0/x-2/5/z1/5.prbm?665195 HTTP/1.1" 200 OK
[2026-03-30 00:14:45][INFO] /0:0:0:0:0:0:0:1 "GET /maps/world/tiles/0/x-2/4/z1/5.prbm?665195 HTTP/1.1" 200 OK
[2026-03-30 00:14:45][INFO] /0:0:0:0:0:0:0:1 "GET /maps/world/tiles/0/x-2/5/z2/0.prbm?665195 HTTP/1.1" 200 OK
[2026-03-30 00:14:45][INFO] /0:0:0:0:0:0:0:1 "GET /maps/world/tiles/0/x-2/6/z2/0.prbm?665195 HTTP/1.1" 200 OK
[2026-03-30 00:14:45][INFO] /0:0:0:0:0:0:0:1 "GET /maps/world/tiles/0/x-2/6/z1/9.prbm?665195 HTTP/1.1" 200 OK
[2026-03-30 00:14:45][INFO] /0:0:0:0:0:0:0:1 "GET /maps/world/tiles/0/x-2/6/z1/8.prbm?665195 HTTP/1.1" 200 OK
[2026-03-30 00:14:45][INFO] /0:0:0:0:0:0:0:1 "GET /maps/world/tiles/0/x-2/6/z1/7.prbm?665195 HTTP/1.1" 200 OK
[2026-03-30 00:14:45][INFO] /0:0:0:0:0:0:0:1 "GET /maps/world/tiles/0/x-2/6/z1/6.prbm?665195 HTTP/1.1" 200 OK
[2026-03-30 00:14:45][INFO] /0:0:0:0:0:0:0:1 "GET /maps/world/tiles/0/x-2/6/z1/5.prbm?665195 HTTP/1.1" 200 OK
[2026-03-30 00:14:45][INFO] /0:0:0:0:0:0:0:1 "GET /maps/world/tiles/0/x-2/6/z1/4.prbm?665195 HTTP/1.1" 200 OK
[2026-03-30 00:14:45][INFO] /0:0:0:0:0:0:0:1 "GET /maps/world/tiles/0/x-2/5/z1/4.prbm?665195 HTTP/1.1" 200 OK
[2026-03-30 00:14:45][INFO] /0:0:0:0:0:0:0:1 "GET /maps/world/tiles/0/x-2/4/z1/4.prbm?665195 HTTP/1.1" 200 OK
[2026-03-30 00:14:45][INFO] /0:0:0:0:0:0:0:1 "GET /maps/world/tiles/0/x-2/5/z2/1.prbm?665195 HTTP/1.1" 200 OK
[2026-03-30 00:14:45][INFO] /0:0:0:0:0:0:0:1 "GET /maps/world/tiles/0/x-2/6/z2/1.prbm?665195 HTTP/1.1" 200 OK
[2026-03-30 00:14:45][INFO] /0:0:0:0:0:0:0:1 "GET /maps/world/tiles/0/x-2/7/z1/5.prbm?665195 HTTP/1.1" 200 OK
[2026-03-30 00:14:45][INFO] /0:0:0:0:0:0:0:1 "GET /maps/world/tiles/0/x-2/7/z1/6.prbm?665195 HTTP/1.1" 200 OK
[2026-03-30 00:14:45][INFO] /0:0:0:0:0:0:0:1 "GET /maps/world/tiles/0/x-2/8/z1/6.prbm?665195 HTTP/1.1" 200 OK
[2026-03-30 00:14:45][INFO] /0:0:0:0:0:0:0:1 "GET /maps/world/tiles/0/x-2/8/z1/5.prbm?665195 HTTP/1.1" 200 OK
[2026-03-30 00:14:45][INFO] /0:0:0:0:0:0:0:1 "GET /maps/world/tiles/0/x-2/8/z1/4.prbm?665195 HTTP/1.1" 200 OK
[2026-03-30 00:14:45][INFO] /0:0:0:0:0:0:0:1 "GET /maps/world/tiles/0/x-2/7/z1/4.prbm?665195 HTTP/1.1" 200 OK
[2026-03-30 00:14:45][INFO] /0:0:0:0:0:0:0:1 "GET /maps/world/tiles/0/x-2/7/z1/7.prbm?665195 HTTP/1.1" 200 OK
[2026-03-30 00:14:46][INFO] /0:0:0:0:0:0:0:1 "GET /maps/world/tiles/0/x-2/8/z1/7.prbm?665195 HTTP/1.1" 200 OK
[2026-03-30 00:14:46][INFO] /0:0:0:0:0:0:0:1 "GET /maps/world/tiles/0/x-2/9/z1/7.prbm?665195 HTTP/1.1" 200 OK
[2026-03-30 00:14:46][INFO] /0:0:0:0:0:0:0:1 "GET /maps/world/tiles/0/x-2/9/z1/6.prbm?665195 HTTP/1.1" 200 OK
[2026-03-30 00:14:46][INFO] /0:0:0:0:0:0:0:1 "GET /maps/world/tiles/0/x-2/9/z1/5.prbm?665195 HTTP/1.1" 200 OK
[2026-03-30 00:14:46][INFO] /0:0:0:0:0:0:0:1 "GET /maps/world/tiles/0/x-2/9/z1/4.prbm?665195 HTTP/1.1" 200 OK
[2026-03-30 00:14:46][INFO] /0:0:0:0:0:0:0:1 "GET /maps/world/tiles/0/x-2/9/z1/3.prbm?665195 HTTP/1.1" 200 OK
[2026-03-30 00:14:46][INFO] /0:0:0:0:0:0:0:1 "GET /maps/world/tiles/0/x-2/8/z1/3.prbm?665195 HTTP/1.1" 200 OK
[2026-03-30 00:14:46][INFO] /0:0:0:0:0:0:0:1 "GET /maps/world/tiles/0/x-2/7/z1/3.prbm?665195 HTTP/1.1" 200 OK
[2026-03-30 00:14:46][INFO] /0:0:0:0:0:0:0:1 "GET /maps/world/tiles/0/x-2/6/z1/3.prbm?665195 HTTP/1.1" 200 OK
[2026-03-30 00:14:46][INFO] /0:0:0:0:0:0:0:1 "GET /maps/world/tiles/0/x-2/5/z1/3.prbm?665195 HTTP/1.1" 200 OK
[2026-03-30 00:14:46][INFO] /0:0:0:0:0:0:0:1 "GET /maps/world/tiles/0/x-2/4/z1/3.prbm?665195 HTTP/1.1" 200 OK
[2026-03-30 00:14:46][INFO] /0:0:0:0:0:0:0:1 "GET /maps/world/tiles/0/x-2/7/z1/8.prbm?665195 HTTP/1.1" 200 OK
[2026-03-30 00:14:46][INFO] /0:0:0:0:0:0:0:1 "GET /maps/world/tiles/0/x-2/8/z1/8.prbm?665195 HTTP/1.1" 200 OK
[2026-03-30 00:14:46][INFO] /0:0:0:0:0:0:0:1 "GET /maps/world/tiles/0/x-2/9/z1/8.prbm?665195 HTTP/1.1" 200 OK
[2026-03-30 00:14:46][INFO] /0:0:0:0:0:0:0:1 "GET /maps/world/tiles/0/x-3/0/z1/8.prbm?665195 HTTP/1.1" 200 OK
[2026-03-30 00:14:46][INFO] /0:0:0:0:0:0:0:1 "GET /maps/world/tiles/0/x-3/0/z1/7.prbm?665195 HTTP/1.1" 200 OK
[2026-03-30 00:14:46][INFO] /0:0:0:0:0:0:0:1 "GET /maps/world/tiles/0/x-3/0/z1/6.prbm?665195 HTTP/1.1" 200 OK
[2026-03-30 00:14:46][INFO] /0:0:0:0:0:0:0:1 "GET /maps/world/tiles/0/x-3/0/z1/5.prbm?665195 HTTP/1.1" 200 OK
[2026-03-30 00:14:46][INFO] /0:0:0:0:0:0:0:1 "GET /maps/world/tiles/0/x-3/0/z1/4.prbm?665195 HTTP/1.1" 200 OK
[2026-03-30 00:14:46][INFO] /0:0:0:0:0:0:0:1 "GET /maps/world/tiles/0/x-3/0/z1/3.prbm?665195 HTTP/1.1" 200 OK
[2026-03-30 00:14:46][INFO] /0:0:0:0:0:0:0:1 "GET /maps/world/tiles/0/x-3/0/z1/2.prbm?665195 HTTP/1.1" 200 OK
[2026-03-30 00:14:46][INFO] /0:0:0:0:0:0:0:1 "GET /maps/world/tiles/0/x-2/9/z1/2.prbm?665195 HTTP/1.1" 200 OK
[2026-03-30 00:14:46][INFO] /0:0:0:0:0:0:0:1 "GET /maps/world/tiles/0/x-2/8/z1/2.prbm?665195 HTTP/1.1" 200 OK
[2026-03-30 00:14:46][INFO] /0:0:0:0:0:0:0:1 "GET /maps/world/tiles/0/x-2/7/z1/2.prbm?665195 HTTP/1.1" 200 OK
[2026-03-30 00:14:46][INFO] /0:0:0:0:0:0:0:1 "GET /maps/world/tiles/0/x-2/6/z1/2.prbm?665195 HTTP/1.1" 200 OK
[2026-03-30 00:14:46][INFO] /0:0:0:0:0:0:0:1 "GET /maps/world/tiles/0/x-2/5/z1/2.prbm?665195 HTTP/1.1" 200 OK
[2026-03-30 00:14:46][INFO] /0:0:0:0:0:0:0:1 "GET /maps/world/tiles/0/x-2/4/z1/2.prbm?665195 HTTP/1.1" 200 OK
[2026-03-30 00:14:46][INFO] /0:0:0:0:0:0:0:1 "GET /maps/world/tiles/0/x-2/3/z1/2.prbm?665195 HTTP/1.1" 200 OK
[2026-03-30 00:14:46][INFO] /0:0:0:0:0:0:0:1 "GET /maps/world/tiles/0/x-2/6/z1/1.prbm?665195 HTTP/1.1" 200 OK
[2026-03-30 00:14:46][INFO] /0:0:0:0:0:0:0:1 "GET /maps/world/tiles/1/x-2/z0.png?665195 HTTP/1.1" 200 OK
[2026-03-30 00:14:46][INFO] /0:0:0:0:0:0:0:1 "GET /maps/world/tiles/1/x-3/z0.png?665195 HTTP/1.1" 200 OK
[2026-03-30 00:14:46][INFO] /0:0:0:0:0:0:0:1 "GET /maps/world/tiles/0/x-2/5/z1/1.prbm?665195 HTTP/1.1" 200 OK
[2026-03-30 00:14:46][INFO] /0:0:0:0:0:0:0:1 "GET /maps/world/tiles/0/x-2/7/z1/1.prbm?665195 HTTP/1.1" 200 OK
[2026-03-30 00:14:46][INFO] /0:0:0:0:0:0:0:1 "GET /maps/world/tiles/0/x-2/7/z1/0.prbm?665195 HTTP/1.1" 200 OK
[2026-03-30 00:14:46][INFO] /0:0:0:0:0:0:0:1 "GET /maps/world/tiles/0/x-2/6/z1/0.prbm?665195 HTTP/1.1" 200 OK
[2026-03-30 00:14:46][INFO] /0:0:0:0:0:0:0:1 "GET /maps/world/tiles/0/x-2/5/z1/0.prbm?665195 HTTP/1.1" 200 OK
[2026-03-30 00:14:46][INFO] /0:0:0:0:0:0:0:1 "GET /maps/world/tiles/0/x-2/4/z1/0.prbm?665195 HTTP/1.1" 200 OK
[2026-03-30 00:14:46][INFO] /0:0:0:0:0:0:0:1 "GET /maps/world/tiles/0/x-2/4/z1/1.prbm?665195 HTTP/1.1" 200 OK
[2026-03-30 00:14:46][INFO] /0:0:0:0:0:0:0:1 "GET /maps/world/tiles/0/x-2/8/z1/1.prbm?665195 HTTP/1.1" 200 OK
[2026-03-30 00:14:46][INFO] /0:0:0:0:0:0:0:1 "GET /maps/world/tiles/0/x-2/8/z1/0.prbm?665195 HTTP/1.1" 200 OK
[2026-03-30 00:14:46][INFO] /0:0:0:0:0:0:0:1 "GET /maps/world/tiles/0/x-2/8/z9.prbm?665195 HTTP/1.1" 200 OK
[2026-03-30 00:14:46][INFO] /0:0:0:0:0:0:0:1 "GET /maps/world/tiles/0/x-2/7/z9.prbm?665195 HTTP/1.1" 200 OK
[2026-03-30 00:14:46][INFO] /0:0:0:0:0:0:0:1 "GET /maps/world/tiles/0/x-2/6/z9.prbm?665195 HTTP/1.1" 200 OK
[2026-03-30 00:14:46][INFO] /0:0:0:0:0:0:0:1 "GET /maps/world/tiles/0/x-2/5/z9.prbm?665195 HTTP/1.1" 200 OK
[2026-03-30 00:14:46][INFO] /0:0:0:0:0:0:0:1 "GET /maps/world/tiles/0/x-2/4/z9.prbm?665195 HTTP/1.1" 200 OK
[2026-03-30 00:14:46][INFO] /0:0:0:0:0:0:0:1 "GET /maps/world/tiles/0/x-2/3/z9.prbm?665195 HTTP/1.1" 200 OK
[2026-03-30 00:14:46][INFO] /0:0:0:0:0:0:0:1 "GET /maps/world/tiles/0/x-2/3/z1/0.prbm?665195 HTTP/1.1" 200 OK
[2026-03-30 00:14:46][INFO] /0:0:0:0:0:0:0:1 "GET /maps/world/tiles/0/x-2/3/z1/1.prbm?665195 HTTP/1.1" 200 OK
[2026-03-30 00:14:46][INFO] /0:0:0:0:0:0:0:1 "GET /maps/world/tiles/0/x-2/3/z1/3.prbm?665195 HTTP/1.1" 200 OK
[2026-03-30 00:14:46][INFO] /0:0:0:0:0:0:0:1 "GET /maps/world/tiles/0/x-2/9/z1/1.prbm?665195 HTTP/1.1" 200 OK
[2026-03-30 00:14:46][INFO] /0:0:0:0:0:0:0:1 "GET /maps/world/tiles/0/x-2/9/z1/0.prbm?665195 HTTP/1.1" 200 OK
[2026-03-30 00:14:46][INFO] /0:0:0:0:0:0:0:1 "GET /maps/world/tiles/0/x-2/9/z9.prbm?665195 HTTP/1.1" 200 OK
[2026-03-30 00:14:46][INFO] /0:0:0:0:0:0:0:1 "GET /maps/world/tiles/0/x-2/9/z8.prbm?665195 HTTP/1.1" 200 OK
[2026-03-30 00:14:46][INFO] /0:0:0:0:0:0:0:1 "GET /maps/world/tiles/0/x-2/8/z8.prbm?665195 HTTP/1.1" 200 OK
[2026-03-30 00:14:46][INFO] /0:0:0:0:0:0:0:1 "GET /maps/world/tiles/0/x-2/7/z8.prbm?665195 HTTP/1.1" 200 OK
[2026-03-30 00:14:46][INFO] /0:0:0:0:0:0:0:1 "GET /maps/world/tiles/0/x-2/6/z8.prbm?665195 HTTP/1.1" 200 OK
[2026-03-30 00:14:46][INFO] /0:0:0:0:0:0:0:1 "GET /maps/world/tiles/0/x-2/5/z8.prbm?665195 HTTP/1.1" 200 OK
[2026-03-30 00:14:46][INFO] /0:0:0:0:0:0:0:1 "GET /maps/world/tiles/0/x-2/4/z8.prbm?665195 HTTP/1.1" 200 OK
[2026-03-30 00:14:46][INFO] /0:0:0:0:0:0:0:1 "GET /maps/world/tiles/0/x-2/3/z8.prbm?665195 HTTP/1.1" 200 OK
[2026-03-30 00:14:46][INFO] /0:0:0:0:0:0:0:1 "GET /maps/world/tiles/0/x-2/2/z8.prbm?665195 HTTP/1.1" 200 OK
[2026-03-30 00:14:46][INFO] /0:0:0:0:0:0:0:1 "GET /maps/world/tiles/0/x-2/2/z9.prbm?665195 HTTP/1.1" 200 OK
[2026-03-30 00:14:46][INFO] /0:0:0:0:0:0:0:1 "GET /maps/world/tiles/0/x-2/2/z1/0.prbm?665195 HTTP/1.1" 200 OK
[2026-03-30 00:14:46][INFO] /0:0:0:0:0:0:0:1 "GET /maps/world/tiles/0/x-2/2/z1/1.prbm?665195 HTTP/1.1" 200 OK
[2026-03-30 00:14:46][INFO] /0:0:0:0:0:0:0:1 "GET /maps/world/tiles/0/x-2/2/z1/2.prbm?665195 HTTP/1.1" 200 OK
[2026-03-30 00:14:46][INFO] /0:0:0:0:0:0:0:1 "GET /maps/world/tiles/0/x-2/2/z1/3.prbm?665195 HTTP/1.1" 200 OK
[2026-03-30 00:14:46][INFO] /0:0:0:0:0:0:0:1 "GET /maps/world/tiles/0/x-3/0/z1/1.prbm?665195 HTTP/1.1" 200 OK
[2026-03-30 00:14:46][INFO] /0:0:0:0:0:0:0:1 "GET /maps/world/tiles/0/x-3/0/z1/0.prbm?665195 HTTP/1.1" 200 OK
[2026-03-30 00:14:46][INFO] /0:0:0:0:0:0:0:1 "GET /maps/world/tiles/0/x-3/0/z9.prbm?665195 HTTP/1.1" 200 OK
[2026-03-30 00:14:46][INFO] /0:0:0:0:0:0:0:1 "GET /maps/world/tiles/0/x-3/0/z8.prbm?665195 HTTP/1.1" 200 OK
[2026-03-30 00:14:46][INFO] /0:0:0:0:0:0:0:1 "GET /maps/world/tiles/0/x-3/0/z7.prbm?665195 HTTP/1.1" 200 OK
[2026-03-30 00:14:46][INFO] /0:0:0:0:0:0:0:1 "GET /maps/world/tiles/0/x-2/9/z7.prbm?665195 HTTP/1.1" 200 OK
[2026-03-30 00:14:46][INFO] /0:0:0:0:0:0:0:1 "GET /maps/world/tiles/0/x-2/8/z7.prbm?665195 HTTP/1.1" 200 OK
[2026-03-30 00:14:46][INFO] /0:0:0:0:0:0:0:1 "GET /maps/world/tiles/0/x-2/7/z7.prbm?665195 HTTP/1.1" 200 OK
[2026-03-30 00:14:46][INFO] /0:0:0:0:0:0:0:1 "GET /maps/world/tiles/0/x-2/6/z7.prbm?665195 HTTP/1.1" 200 OK
[2026-03-30 00:14:46][INFO] /0:0:0:0:0:0:0:1 "GET /maps/world/tiles/0/x-2/5/z7.prbm?665195 HTTP/1.1" 200 OK
[2026-03-30 00:14:46][INFO] /0:0:0:0:0:0:0:1 "GET /maps/world/tiles/0/x-2/4/z7.prbm?665195 HTTP/1.1" 200 OK
[2026-03-30 00:14:46][INFO] /0:0:0:0:0:0:0:1 "GET /maps/world/tiles/0/x-2/3/z7.prbm?665195 HTTP/1.1" 200 OK
[2026-03-30 00:14:46][INFO] /0:0:0:0:0:0:0:1 "GET /maps/world/tiles/0/x-2/2/z7.prbm?665195 HTTP/1.1" 200 OK
[2026-03-30 00:14:46][INFO] /0:0:0:0:0:0:0:1 "GET /maps/world/tiles/0/x-2/1/z7.prbm?665195 HTTP/1.1" 200 OK
[2026-03-30 00:14:46][INFO] /0:0:0:0:0:0:0:1 "GET /maps/world/tiles/0/x-2/1/z8.prbm?665195 HTTP/1.1" 200 OK
[2026-03-30 00:14:46][INFO] /0:0:0:0:0:0:0:1 "GET /maps/world/tiles/0/x-2/1/z9.prbm?665195 HTTP/1.1" 200 OK
[2026-03-30 00:14:46][INFO] /0:0:0:0:0:0:0:1 "GET /maps/world/tiles/0/x-2/1/z1/0.prbm?665195 HTTP/1.1" 200 OK
[2026-03-30 00:14:46][INFO] /0:0:0:0:0:0:0:1 "GET /maps/world/tiles/0/x-2/1/z1/1.prbm?665195 HTTP/1.1" 200 OK
[2026-03-30 00:14:46][INFO] /0:0:0:0:0:0:0:1 "GET /maps/world/tiles/0/x-2/1/z1/2.prbm?665195 HTTP/1.1" 200 OK
[2026-03-30 00:14:46][INFO] /0:0:0:0:0:0:0:1 "GET /maps/world/tiles/0/x-2/1/z1/3.prbm?665195 HTTP/1.1" 200 OK
[2026-03-30 00:14:46][INFO] /0:0:0:0:0:0:0:1 "GET /maps/world/tiles/0/x-3/1/z1/6.prbm?665195 HTTP/1.1" 200 OK
[2026-03-30 00:14:46][INFO] /0:0:0:0:0:0:0:1 "GET /maps/world/tiles/0/x-3/1/z1/5.prbm?665195 HTTP/1.1" 200 OK
[2026-03-30 00:14:46][INFO] /0:0:0:0:0:0:0:1 "GET /maps/world/tiles/0/x-3/1/z1/4.prbm?665195 HTTP/1.1" 200 OK
[2026-03-30 00:14:46][INFO] /0:0:0:0:0:0:0:1 "GET /maps/world/tiles/0/x-3/1/z1/3.prbm?665195 HTTP/1.1" 200 OK
[2026-03-30 00:14:46][INFO] /0:0:0:0:0:0:0:1 "GET /maps/world/tiles/0/x-3/1/z1/2.prbm?665195 HTTP/1.1" 200 OK
[2026-03-30 00:14:46][INFO] /0:0:0:0:0:0:0:1 "GET /maps/world/tiles/0/x-3/1/z1/1.prbm?665195 HTTP/1.1" 200 OK
[2026-03-30 00:14:46][INFO] /0:0:0:0:0:0:0:1 "GET /maps/world/tiles/3/x-1/z-1.png?665195 HTTP/1.1" 200 OK
[2026-03-30 00:14:46][INFO] /0:0:0:0:0:0:0:1 "GET /maps/world/tiles/2/x-1/z-1.png?665195 HTTP/1.1" 200 OK
[2026-03-30 00:14:46][INFO] /0:0:0:0:0:0:0:1 "GET /maps/world/tiles/1/x-2/z-1.png?665195 HTTP/1.1" 200 OK
[2026-03-30 00:14:46][INFO] /0:0:0:0:0:0:0:1 "GET /maps/world/tiles/3/x0/z-1.png?665195 HTTP/1.1" 200 OK
[2026-03-30 00:14:46][INFO] /0:0:0:0:0:0:0:1 "GET /maps/world/tiles/2/x0/z-1.png?665195 HTTP/1.1" 200 OK
[2026-03-30 00:14:46][INFO] /0:0:0:0:0:0:0:1 "GET /maps/world/tiles/1/x-1/z-1.png?665195 HTTP/1.1" 200 OK
[2026-03-30 00:14:46][INFO] /0:0:0:0:0:0:0:1 "GET /maps/world/tiles/3/x-2/z-1.png?665195 HTTP/1.1" 204 No Content
[2026-03-30 00:14:46][INFO] /0:0:0:0:0:0:0:1 "GET /maps/world/tiles/2/x-2/z-1.png?665195 HTTP/1.1" 200 OK
[2026-03-30 00:14:46][INFO] /0:0:0:0:0:0:0:1 "GET /maps/world/tiles/1/x-3/z-1.png?665195 HTTP/1.1" 200 OK
[2026-03-30 00:14:46][INFO] /0:0:0:0:0:0:0:1 "GET /maps/world/live/players.json?517847 HTTP/1.1" 200 OK
[2026-03-30 00:14:47][INFO] /0:0:0:0:0:0:0:1 "GET /maps/world/tiles/1/x-3/z-2.png?665195 HTTP/1.1" 200 OK
[2026-03-30 00:14:47][INFO] /0:0:0:0:0:0:0:1 "GET /maps/world/tiles/1/x-2/z-2.png?665195 HTTP/1.1" 200 OK
[2026-03-30 00:14:47][INFO] /0:0:0:0:0:0:0:1 "GET /maps/world/tiles/1/x-4/z-1.png?665195 HTTP/1.1" 200 OK
[2026-03-30 00:14:47][INFO] /0:0:0:0:0:0:0:1 "GET /maps/world/tiles/1/x-4/z-2.png?665195 HTTP/1.1" 204 No Content
[2026-03-30 00:14:47][INFO] /0:0:0:0:0:0:0:1 "GET /maps/world/live/players.json?270205 HTTP/1.1" 200 OK
[2026-03-30 00:14:47][INFO] /0:0:0:0:0:0:0:1 "GET /maps/world/tiles/1/x-2/z-3.png?665195 HTTP/1.1" 200 OK
[2026-03-30 00:14:47][INFO] /0:0:0:0:0:0:0:1 "GET /maps/world/tiles/1/x-1/z-3.png?665195 HTTP/1.1" 200 OK
[2026-03-30 00:14:47][INFO] /0:0:0:0:0:0:0:1 "GET /maps/world/tiles/1/x-1/z-2.png?665195 HTTP/1.1" 200 OK
[2026-03-30 00:14:47][INFO] /0:0:0:0:0:0:0:1 "GET /maps/world/tiles/1/x-3/z-3.png?665195 HTTP/1.1" 200 OK
[2026-03-30 00:14:47][INFO] /0:0:0:0:0:0:0:1 "GET /maps/world/tiles/0/x-1/9/z-3/4.prbm?665195 HTTP/1.1" 200 OK
[2026-03-30 00:14:47][INFO] /0:0:0:0:0:0:0:1 "GET /maps/world/tiles/0/x-1/8/z-3/4.prbm?665195 HTTP/1.1" 200 OK
[2026-03-30 00:14:47][INFO] /0:0:0:0:0:0:0:1 "GET /maps/world/tiles/0/x-1/8/z-3/3.prbm?665195 HTTP/1.1" 200 OK
[2026-03-30 00:14:47][INFO] /0:0:0:0:0:0:0:1 "GET /maps/world/tiles/0/x-1/9/z-3/3.prbm?665195 HTTP/1.1" 200 OK
[2026-03-30 00:14:47][INFO] /0:0:0:0:0:0:0:1 "GET /maps/world/tiles/0/x-2/0/z-3/3.prbm?665195 HTTP/1.1" 200 OK
[2026-03-30 00:14:47][INFO] /0:0:0:0:0:0:0:1 "GET /maps/world/tiles/0/x-2/0/z-3/4.prbm?665195 HTTP/1.1" 200 OK
[2026-03-30 00:14:47][INFO] /0:0:0:0:0:0:0:1 "GET /maps/world/tiles/0/x-2/0/z-3/5.prbm?665195 HTTP/1.1" 200 OK
[2026-03-30 00:14:47][INFO] /0:0:0:0:0:0:0:1 "GET /maps/world/tiles/0/x-1/9/z-3/5.prbm?665195 HTTP/1.1" 200 OK
[2026-03-30 00:14:47][INFO] /0:0:0:0:0:0:0:1 "GET /maps/world/tiles/0/x-1/8/z-3/5.prbm?665195 HTTP/1.1" 200 OK
[2026-03-30 00:14:47][INFO] /0:0:0:0:0:0:0:1 "GET /maps/world/tiles/0/x-1/7/z-3/5.prbm?665195 HTTP/1.1" 200 OK
[2026-03-30 00:14:47][INFO] /0:0:0:0:0:0:0:1 "GET /maps/world/tiles/0/x-1/7/z-3/4.prbm?665195 HTTP/1.1" 200 OK
[2026-03-30 00:14:47][INFO] /0:0:0:0:0:0:0:1 "GET /maps/world/tiles/0/x-1/7/z-3/3.prbm?665195 HTTP/1.1" 200 OK
[2026-03-30 00:14:47][INFO] /0:0:0:0:0:0:0:1 "GET /maps/world/tiles/0/x-1/7/z-3/2.prbm?665195 HTTP/1.1" 200 OK
[2026-03-30 00:14:47][INFO] /0:0:0:0:0:0:0:1 "GET /maps/world/tiles/0/x-1/8/z-3/2.prbm?665195 HTTP/1.1" 200 OK
[2026-03-30 00:14:47][INFO] /0:0:0:0:0:0:0:1 "GET /maps/world/tiles/0/x-1/9/z-3/2.prbm?665195 HTTP/1.1" 200 OK
[2026-03-30 00:14:47][INFO] /0:0:0:0:0:0:0:1 "GET /maps/world/tiles/0/x-2/0/z-3/2.prbm?665195 HTTP/1.1" 200 OK
[2026-03-30 00:14:47][INFO] /0:0:0:0:0:0:0:1 "GET /maps/world/tiles/0/x-2/1/z-3/2.prbm?665195 HTTP/1.1" 200 OK
[2026-03-30 00:14:47][INFO] /0:0:0:0:0:0:0:1 "GET /maps/world/tiles/0/x-2/1/z-3/3.prbm?665195 HTTP/1.1" 200 OK
[2026-03-30 00:14:47][INFO] /0:0:0:0:0:0:0:1 "GET /maps/world/tiles/0/x-2/1/z-3/4.prbm?665195 HTTP/1.1" 200 OK
[2026-03-30 00:14:47][INFO] /0:0:0:0:0:0:0:1 "GET /maps/world/tiles/0/x-2/1/z-3/5.prbm?665195 HTTP/1.1" 200 OK
[2026-03-30 00:14:47][INFO] /0:0:0:0:0:0:0:1 "GET /maps/world/tiles/0/x-2/1/z-3/6.prbm?665195 HTTP/1.1" 200 OK
[2026-03-30 00:14:47][INFO] /0:0:0:0:0:0:0:1 "GET /maps/world/tiles/0/x-2/0/z-3/6.prbm?665195 HTTP/1.1" 200 OK
[2026-03-30 00:14:47][INFO] /0:0:0:0:0:0:0:1 "GET /maps/world/tiles/0/x-1/9/z-3/6.prbm?665195 HTTP/1.1" 200 OK
[2026-03-30 00:14:47][INFO] /0:0:0:0:0:0:0:1 "GET /maps/world/tiles/0/x-1/8/z-3/6.prbm?665195 HTTP/1.1" 200 OK
[2026-03-30 00:14:47][INFO] /0:0:0:0:0:0:0:1 "GET /maps/world/tiles/0/x-1/7/z-3/6.prbm?665195 HTTP/1.1" 200 OK
[2026-03-30 00:14:47][INFO] /0:0:0:0:0:0:0:1 "GET /maps/world/tiles/0/x-1/6/z-3/6.prbm?665195 HTTP/1.1" 200 OK
[2026-03-30 00:14:47][INFO] /0:0:0:0:0:0:0:1 "GET /maps/world/tiles/0/x-1/6/z-3/5.prbm?665195 HTTP/1.1" 200 OK
[2026-03-30 00:14:47][INFO] /0:0:0:0:0:0:0:1 "GET /maps/world/tiles/0/x-1/6/z-3/4.prbm?665195 HTTP/1.1" 200 OK
[2026-03-30 00:14:47][INFO] /0:0:0:0:0:0:0:1 "GET /maps/world/tiles/0/x-1/6/z-3/3.prbm?665195 HTTP/1.1" 200 OK
[2026-03-30 00:14:47][INFO] /0:0:0:0:0:0:0:1 "GET /maps/world/tiles/0/x-1/6/z-3/2.prbm?665195 HTTP/1.1" 200 OK
[2026-03-30 00:14:47][INFO] /0:0:0:0:0:0:0:1 "GET /maps/world/tiles/0/x-1/6/z-3/1.prbm?665195 HTTP/1.1" 200 OK
[2026-03-30 00:14:47][INFO] /0:0:0:0:0:0:0:1 "GET /maps/world/tiles/0/x-1/7/z-3/1.prbm?665195 HTTP/1.1" 200 OK
[2026-03-30 00:14:47][INFO] /0:0:0:0:0:0:0:1 "GET /maps/world/tiles/0/x-1/8/z-3/1.prbm?665195 HTTP/1.1" 200 OK
[2026-03-30 00:14:47][INFO] /0:0:0:0:0:0:0:1 "GET /maps/world/tiles/0/x-1/9/z-3/1.prbm?665195 HTTP/1.1" 200 OK
[2026-03-30 00:14:47][INFO] /0:0:0:0:0:0:0:1 "GET /maps/world/tiles/0/x-2/0/z-3/1.prbm?665195 HTTP/1.1" 200 OK
[2026-03-30 00:14:47][INFO] /0:0:0:0:0:0:0:1 "GET /maps/world/tiles/0/x-2/1/z-3/1.prbm?665195 HTTP/1.1" 200 OK
[2026-03-30 00:14:47][INFO] /0:0:0:0:0:0:0:1 "GET /maps/world/tiles/0/x-2/2/z-3/1.prbm?665195 HTTP/1.1" 200 OK
[2026-03-30 00:14:47][INFO] /0:0:0:0:0:0:0:1 "GET /maps/world/tiles/0/x-2/2/z-3/2.prbm?665195 HTTP/1.1" 200 OK
[2026-03-30 00:14:47][INFO] /0:0:0:0:0:0:0:1 "GET /maps/world/tiles/0/x-2/2/z-3/3.prbm?665195 HTTP/1.1" 200 OK
[2026-03-30 00:14:47][INFO] /0:0:0:0:0:0:0:1 "GET /maps/world/tiles/0/x-2/2/z-3/4.prbm?665195 HTTP/1.1" 200 OK
[2026-03-30 00:14:47][INFO] /0:0:0:0:0:0:0:1 "GET /maps/world/tiles/0/x-2/2/z-3/5.prbm?665195 HTTP/1.1" 200 OK
[2026-03-30 00:14:47][INFO] /0:0:0:0:0:0:0:1 "GET /maps/world/tiles/0/x-2/2/z-3/6.prbm?665195 HTTP/1.1" 200 OK
[2026-03-30 00:14:47][INFO] /0:0:0:0:0:0:0:1 "GET /maps/world/tiles/0/x-2/2/z-3/7.prbm?665195 HTTP/1.1" 200 OK
[2026-03-30 00:14:47][INFO] /0:0:0:0:0:0:0:1 "GET /maps/world/tiles/0/x-2/1/z-3/7.prbm?665195 HTTP/1.1" 200 OK
[2026-03-30 00:14:47][INFO] /0:0:0:0:0:0:0:1 "GET /maps/world/tiles/0/x-2/0/z-3/7.prbm?665195 HTTP/1.1" 200 OK
[2026-03-30 00:14:47][INFO] /0:0:0:0:0:0:0:1 "GET /maps/world/tiles/0/x-1/9/z-3/7.prbm?665195 HTTP/1.1" 200 OK
[2026-03-30 00:14:48][INFO] /0:0:0:0:0:0:0:1 "GET /maps/world/tiles/0/x-1/8/z-3/7.prbm?665195 HTTP/1.1" 200 OK
[2026-03-30 00:14:48][INFO] /0:0:0:0:0:0:0:1 "GET /maps/world/tiles/0/x-1/7/z-3/7.prbm?665195 HTTP/1.1" 200 OK
[2026-03-30 00:14:48][INFO] /0:0:0:0:0:0:0:1 "GET /maps/world/tiles/0/x-1/6/z-3/7.prbm?665195 HTTP/1.1" 200 OK
[2026-03-30 00:14:48][INFO] /0:0:0:0:0:0:0:1 "GET /maps/world/tiles/0/x-1/5/z-3/7.prbm?665195 HTTP/1.1" 200 OK
[2026-03-30 00:14:48][INFO] /0:0:0:0:0:0:0:1 "GET /maps/world/tiles/0/x-1/5/z-3/6.prbm?665195 HTTP/1.1" 200 OK
[2026-03-30 00:14:48][INFO] /0:0:0:0:0:0:0:1 "GET /maps/world/tiles/0/x-1/5/z-3/5.prbm?665195 HTTP/1.1" 200 OK
[2026-03-30 00:14:48][INFO] /0:0:0:0:0:0:0:1 "GET /maps/world/tiles/0/x-1/5/z-3/4.prbm?665195 HTTP/1.1" 200 OK
[2026-03-30 00:14:48][INFO] /0:0:0:0:0:0:0:1 "GET /maps/world/tiles/0/x-1/5/z-3/3.prbm?665195 HTTP/1.1" 200 OK
[2026-03-30 00:14:48][INFO] /0:0:0:0:0:0:0:1 "GET /maps/world/tiles/0/x-1/5/z-3/2.prbm?665195 HTTP/1.1" 200 OK
[2026-03-30 00:14:48][INFO] /0:0:0:0:0:0:0:1 "GET /maps/world/tiles/0/x-1/5/z-3/1.prbm?665195 HTTP/1.1" 200 OK
[2026-03-30 00:14:48][INFO] /0:0:0:0:0:0:0:1 "GET /maps/world/tiles/0/x-1/5/z-3/0.prbm?665195 HTTP/1.1" 200 OK
[2026-03-30 00:14:48][INFO] /0:0:0:0:0:0:0:1 "GET /maps/world/tiles/0/x-1/6/z-3/0.prbm?665195 HTTP/1.1" 200 OK
[2026-03-30 00:14:48][INFO] /0:0:0:0:0:0:0:1 "GET /maps/world/tiles/0/x-1/7/z-3/0.prbm?665195 HTTP/1.1" 200 OK
[2026-03-30 00:14:48][INFO] /0:0:0:0:0:0:0:1 "GET /maps/world/tiles/0/x-1/8/z-3/0.prbm?665195 HTTP/1.1" 200 OK
[2026-03-30 00:14:48][INFO] /0:0:0:0:0:0:0:1 "GET /maps/world/tiles/0/x-1/9/z-3/0.prbm?665195 HTTP/1.1" 200 OK
[2026-03-30 00:14:48][INFO] /0:0:0:0:0:0:0:1 "GET /maps/world/tiles/0/x-2/0/z-3/0.prbm?665195 HTTP/1.1" 200 OK
[2026-03-30 00:14:48][INFO] /0:0:0:0:0:0:0:1 "GET /maps/world/tiles/0/x-2/1/z-3/0.prbm?665195 HTTP/1.1" 200 OK
[2026-03-30 00:14:48][INFO] /0:0:0:0:0:0:0:1 "GET /maps/world/tiles/0/x-2/2/z-3/0.prbm?665195 HTTP/1.1" 200 OK
[2026-03-30 00:14:48][INFO] /0:0:0:0:0:0:0:1 "GET /maps/world/tiles/0/x-2/3/z-3/0.prbm?665195 HTTP/1.1" 200 OK
[2026-03-30 00:14:48][INFO] /0:0:0:0:0:0:0:1 "GET /maps/world/tiles/0/x-2/3/z-3/1.prbm?665195 HTTP/1.1" 200 OK
[2026-03-30 00:14:48][INFO] /0:0:0:0:0:0:0:1 "GET /maps/world/tiles/0/x-2/3/z-3/2.prbm?665195 HTTP/1.1" 200 OK
[2026-03-30 00:14:48][INFO] /0:0:0:0:0:0:0:1 "GET /maps/world/tiles/0/x-2/3/z-3/3.prbm?665195 HTTP/1.1" 200 OK
[2026-03-30 00:14:48][INFO] /0:0:0:0:0:0:0:1 "GET /maps/world/tiles/0/x-2/3/z-3/4.prbm?665195 HTTP/1.1" 200 OK
[2026-03-30 00:14:48][INFO] /0:0:0:0:0:0:0:1 "GET /maps/world/tiles/0/x-2/3/z-3/5.prbm?665195 HTTP/1.1" 200 OK
[2026-03-30 00:14:48][INFO] /0:0:0:0:0:0:0:1 "GET /maps/world/tiles/0/x-2/3/z-3/6.prbm?665195 HTTP/1.1" 200 OK
[2026-03-30 00:14:48][INFO] /0:0:0:0:0:0:0:1 "GET /maps/world/tiles/0/x-2/3/z-3/7.prbm?665195 HTTP/1.1" 200 OK
[2026-03-30 00:14:48][INFO] /0:0:0:0:0:0:0:1 "GET /maps/world/tiles/0/x-2/3/z-3/8.prbm?665195 HTTP/1.1" 200 OK
[2026-03-30 00:14:48][INFO] /0:0:0:0:0:0:0:1 "GET /maps/world/tiles/0/x-2/2/z-3/8.prbm?665195 HTTP/1.1" 200 OK
[2026-03-30 00:14:48][INFO] /0:0:0:0:0:0:0:1 "GET /maps/world/tiles/0/x-2/1/z-3/8.prbm?665195 HTTP/1.1" 200 OK
[2026-03-30 00:14:48][INFO] /0:0:0:0:0:0:0:1 "GET /maps/world/tiles/0/x-2/0/z-3/8.prbm?665195 HTTP/1.1" 200 OK
[2026-03-30 00:14:48][INFO] /0:0:0:0:0:0:0:1 "GET /maps/world/tiles/0/x-1/9/z-3/8.prbm?665195 HTTP/1.1" 200 OK
[2026-03-30 00:14:48][INFO] /0:0:0:0:0:0:0:1 "GET /maps/world/tiles/0/x-1/8/z-3/8.prbm?665195 HTTP/1.1" 200 OK
[2026-03-30 00:14:48][INFO] /0:0:0:0:0:0:0:1 "GET /maps/world/tiles/0/x-1/7/z-3/8.prbm?665195 HTTP/1.1" 200 OK
[2026-03-30 00:14:48][INFO] /0:0:0:0:0:0:0:1 "GET /maps/world/tiles/0/x-1/6/z-3/8.prbm?665195 HTTP/1.1" 200 OK
[2026-03-30 00:14:48][INFO] /0:0:0:0:0:0:0:1 "GET /maps/world/tiles/0/x-1/5/z-3/8.prbm?665195 HTTP/1.1" 200 OK
[2026-03-30 00:14:48][INFO] /0:0:0:0:0:0:0:1 "GET /maps/world/tiles/0/x-1/4/z-3/8.prbm?665195 HTTP/1.1" 200 OK
[2026-03-30 00:14:48][INFO] /0:0:0:0:0:0:0:1 "GET /maps/world/tiles/0/x-1/4/z-3/7.prbm?665195 HTTP/1.1" 200 OK
[2026-03-30 00:14:48][INFO] /0:0:0:0:0:0:0:1 "GET /maps/world/tiles/0/x-1/4/z-3/6.prbm?665195 HTTP/1.1" 200 OK
[2026-03-30 00:14:48][INFO] /0:0:0:0:0:0:0:1 "GET /maps/world/tiles/0/x-1/4/z-3/5.prbm?665195 HTTP/1.1" 200 OK
[2026-03-30 00:14:48][INFO] /0:0:0:0:0:0:0:1 "GET /maps/world/tiles/0/x-1/4/z-3/4.prbm?665195 HTTP/1.1" 200 OK
[2026-03-30 00:14:48][INFO] /0:0:0:0:0:0:0:1 "GET /maps/world/tiles/0/x-1/4/z-3/3.prbm?665195 HTTP/1.1" 200 OK
[2026-03-30 00:14:48][INFO] /0:0:0:0:0:0:0:1 "GET /maps/world/tiles/0/x-1/4/z-3/2.prbm?665195 HTTP/1.1" 200 OK
[2026-03-30 00:14:48][INFO] /0:0:0:0:0:0:0:1 "GET /maps/world/tiles/0/x-1/4/z-3/1.prbm?665195 HTTP/1.1" 200 OK
[2026-03-30 00:14:48][INFO] /0:0:0:0:0:0:0:1 "GET /maps/world/tiles/0/x-1/4/z-3/0.prbm?665195 HTTP/1.1" 200 OK
[2026-03-30 00:14:48][INFO] /0:0:0:0:0:0:0:1 "GET /maps/world/tiles/0/x-1/4/z-2/9.prbm?665195 HTTP/1.1" 200 OK
[2026-03-30 00:14:48][INFO] /0:0:0:0:0:0:0:1 "GET /maps/world/tiles/0/x-1/5/z-2/9.prbm?665195 HTTP/1.1" 200 OK
[2026-03-30 00:14:48][INFO] /0:0:0:0:0:0:0:1 "GET /maps/world/tiles/0/x-1/6/z-2/9.prbm?665195 HTTP/1.1" 200 OK
[2026-03-30 00:14:48][INFO] /0:0:0:0:0:0:0:1 "GET /maps/world/tiles/0/x-1/7/z-2/9.prbm?665195 HTTP/1.1" 200 OK
[2026-03-30 00:14:48][INFO] /0:0:0:0:0:0:0:1 "GET /maps/world/tiles/0/x-1/8/z-2/9.prbm?665195 HTTP/1.1" 200 OK
[2026-03-30 00:14:48][INFO] /0:0:0:0:0:0:0:1 "GET /maps/world/tiles/0/x-1/9/z-2/9.prbm?665195 HTTP/1.1" 200 OK
[2026-03-30 00:14:48][INFO] /0:0:0:0:0:0:0:1 "GET /maps/world/tiles/0/x-2/0/z-2/9.prbm?665195 HTTP/1.1" 200 OK
[2026-03-30 00:14:48][INFO] /0:0:0:0:0:0:0:1 "GET /maps/world/tiles/0/x-2/1/z-2/9.prbm?665195 HTTP/1.1" 200 OK
[2026-03-30 00:14:48][INFO] /0:0:0:0:0:0:0:1 "GET /maps/world/tiles/0/x-2/2/z-2/9.prbm?665195 HTTP/1.1" 200 OK
[2026-03-30 00:14:48][INFO] /0:0:0:0:0:0:0:1 "GET /maps/world/tiles/0/x-2/3/z-2/9.prbm?665195 HTTP/1.1" 200 OK
[2026-03-30 00:14:48][INFO] /0:0:0:0:0:0:0:1 "GET /maps/world/tiles/0/x-2/4/z-2/9.prbm?665195 HTTP/1.1" 200 OK
[2026-03-30 00:14:48][INFO] /0:0:0:0:0:0:0:1 "GET /maps/world/tiles/0/x-2/4/z-3/0.prbm?665195 HTTP/1.1" 200 OK
[2026-03-30 00:14:48][INFO] /0:0:0:0:0:0:0:1 "GET /maps/world/tiles/0/x-2/4/z-3/1.prbm?665195 HTTP/1.1" 200 OK
[2026-03-30 00:14:48][INFO] /0:0:0:0:0:0:0:1 "GET /maps/world/tiles/0/x-2/4/z-3/2.prbm?665195 HTTP/1.1" 200 OK
[2026-03-30 00:14:48][INFO] /0:0:0:0:0:0:0:1 "GET /maps/world/tiles/0/x-2/4/z-3/3.prbm?665195 HTTP/1.1" 200 OK
[2026-03-30 00:14:48][INFO] /0:0:0:0:0:0:0:1 "GET /maps/world/tiles/0/x-2/4/z-3/4.prbm?665195 HTTP/1.1" 200 OK
[2026-03-30 00:14:48][INFO] /0:0:0:0:0:0:0:1 "GET /maps/world/tiles/0/x-2/4/z-3/5.prbm?665195 HTTP/1.1" 200 OK
[2026-03-30 00:14:48][INFO] /0:0:0:0:0:0:0:1 "GET /maps/world/tiles/0/x-2/4/z-3/6.prbm?665195 HTTP/1.1" 200 OK
[2026-03-30 00:14:48][INFO] /0:0:0:0:0:0:0:1 "GET /maps/world/tiles/0/x-2/4/z-3/7.prbm?665195 HTTP/1.1" 200 OK
[2026-03-30 00:14:48][INFO] /0:0:0:0:0:0:0:1 "GET /maps/world/tiles/0/x-2/4/z-3/8.prbm?665195 HTTP/1.1" 200 OK
[2026-03-30 00:14:48][INFO] /0:0:0:0:0:0:0:1 "GET /maps/world/tiles/0/x-2/4/z-3/9.prbm?665195 HTTP/1.1" 200 OK
[2026-03-30 00:14:48][INFO] /0:0:0:0:0:0:0:1 "GET /maps/world/tiles/0/x-2/3/z-3/9.prbm?665195 HTTP/1.1" 200 OK
[2026-03-30 00:14:48][INFO] /0:0:0:0:0:0:0:1 "GET /maps/world/tiles/0/x-2/2/z-3/9.prbm?665195 HTTP/1.1" 200 OK
[2026-03-30 00:14:48][INFO] /0:0:0:0:0:0:0:1 "GET /maps/world/tiles/0/x-2/1/z-3/9.prbm?665195 HTTP/1.1" 200 OK
[2026-03-30 00:14:48][INFO] /0:0:0:0:0:0:0:1 "GET /maps/world/tiles/0/x-2/0/z-3/9.prbm?665195 HTTP/1.1" 200 OK
[2026-03-30 00:14:48][INFO] /0:0:0:0:0:0:0:1 "GET /maps/world/tiles/0/x-1/9/z-3/9.prbm?665195 HTTP/1.1" 200 OK
[2026-03-30 00:14:48][INFO] /0:0:0:0:0:0:0:1 "GET /maps/world/tiles/0/x-1/8/z-3/9.prbm?665195 HTTP/1.1" 200 OK
[2026-03-30 00:14:48][INFO] /0:0:0:0:0:0:0:1 "GET /maps/world/tiles/0/x-1/7/z-3/9.prbm?665195 HTTP/1.1" 200 OK
[2026-03-30 00:14:48][INFO] /0:0:0:0:0:0:0:1 "GET /maps/world/tiles/0/x-1/6/z-3/9.prbm?665195 HTTP/1.1" 200 OK
[2026-03-30 00:14:48][INFO] /0:0:0:0:0:0:0:1 "GET /maps/world/tiles/0/x-1/5/z-3/9.prbm?665195 HTTP/1.1" 200 OK
[2026-03-30 00:14:48][INFO] /0:0:0:0:0:0:0:1 "GET /maps/world/tiles/0/x-1/4/z-3/9.prbm?665195 HTTP/1.1" 200 OK
[2026-03-30 00:14:48][INFO] /0:0:0:0:0:0:0:1 "GET /maps/world/tiles/0/x-1/3/z-3/9.prbm?665195 HTTP/1.1" 200 OK
[2026-03-30 00:14:48][INFO] /0:0:0:0:0:0:0:1 "GET /maps/world/tiles/0/x-1/3/z-3/8.prbm?665195 HTTP/1.1" 200 OK
[2026-03-30 00:14:48][INFO] /0:0:0:0:0:0:0:1 "GET /maps/world/tiles/0/x-1/3/z-3/7.prbm?665195 HTTP/1.1" 200 OK
[2026-03-30 00:14:48][INFO] /0:0:0:0:0:0:0:1 "GET /maps/world/tiles/0/x-1/3/z-3/6.prbm?665195 HTTP/1.1" 200 OK
[2026-03-30 00:14:48][INFO] /0:0:0:0:0:0:0:1 "GET /maps/world/tiles/0/x-1/3/z-3/5.prbm?665195 HTTP/1.1" 200 OK
[2026-03-30 00:14:48][INFO] /0:0:0:0:0:0:0:1 "GET /maps/world/tiles/0/x-1/3/z-3/4.prbm?665195 HTTP/1.1" 200 OK
[2026-03-30 00:14:48][INFO] /0:0:0:0:0:0:0:1 "GET /maps/world/tiles/0/x-1/3/z-3/3.prbm?665195 HTTP/1.1" 200 OK
[2026-03-30 00:14:48][INFO] /0:0:0:0:0:0:0:1 "GET /maps/world/tiles/0/x-1/3/z-3/2.prbm?665195 HTTP/1.1" 200 OK
[2026-03-30 00:14:48][INFO] /0:0:0:0:0:0:0:1 "GET /maps/world/tiles/0/x-1/3/z-3/1.prbm?665195 HTTP/1.1" 200 OK
[2026-03-30 00:14:48][INFO] /0:0:0:0:0:0:0:1 "GET /maps/world/tiles/0/x-1/3/z-3/0.prbm?665195 HTTP/1.1" 200 OK
[2026-03-30 00:14:48][INFO] /0:0:0:0:0:0:0:1 "GET /maps/world/tiles/0/x-1/3/z-2/9.prbm?665195 HTTP/1.1" 200 OK
[2026-03-30 00:14:48][INFO] /0:0:0:0:0:0:0:1 "GET /maps/world/tiles/0/x-1/3/z-2/8.prbm?665195 HTTP/1.1" 200 OK
[2026-03-30 00:14:48][INFO] /0:0:0:0:0:0:0:1 "GET /maps/world/tiles/0/x-1/4/z-2/8.prbm?665195 HTTP/1.1" 200 OK
[2026-03-30 00:14:48][INFO] /0:0:0:0:0:0:0:1 "GET /maps/world/tiles/0/x-1/5/z-2/8.prbm?665195 HTTP/1.1" 200 OK
[2026-03-30 00:14:48][INFO] /0:0:0:0:0:0:0:1 "GET /maps/world/tiles/0/x-1/6/z-2/8.prbm?665195 HTTP/1.1" 200 OK
[2026-03-30 00:14:48][INFO] /0:0:0:0:0:0:0:1 "GET /maps/world/tiles/0/x-1/7/z-2/8.prbm?665195 HTTP/1.1" 200 OK
[2026-03-30 00:14:48][INFO] /0:0:0:0:0:0:0:1 "GET /maps/world/tiles/0/x-1/8/z-2/8.prbm?665195 HTTP/1.1" 200 OK
[2026-03-30 00:14:48][INFO] /0:0:0:0:0:0:0:1 "GET /maps/world/tiles/0/x-1/9/z-2/8.prbm?665195 HTTP/1.1" 200 OK
[2026-03-30 00:14:48][INFO] /0:0:0:0:0:0:0:1 "GET /maps/world/tiles/0/x-2/0/z-2/8.prbm?665195 HTTP/1.1" 200 OK
[2026-03-30 00:14:48][INFO] /0:0:0:0:0:0:0:1 "GET /maps/world/tiles/0/x-2/1/z-2/8.prbm?665195 HTTP/1.1" 200 OK
[2026-03-30 00:14:48][INFO] /0:0:0:0:0:0:0:1 "GET /maps/world/tiles/0/x-2/2/z-2/8.prbm?665195 HTTP/1.1" 200 OK
[2026-03-30 00:14:48][INFO] /0:0:0:0:0:0:0:1 "GET /maps/world/tiles/0/x-2/3/z-2/8.prbm?665195 HTTP/1.1" 200 OK
[2026-03-30 00:14:48][INFO] /0:0:0:0:0:0:0:1 "GET /maps/world/tiles/0/x-2/4/z-2/8.prbm?665195 HTTP/1.1" 200 OK
[2026-03-30 00:14:48][INFO] /0:0:0:0:0:0:0:1 "GET /maps/world/tiles/0/x-2/5/z-2/8.prbm?665195 HTTP/1.1" 200 OK
[2026-03-30 00:14:48][INFO] /0:0:0:0:0:0:0:1 "GET /maps/world/tiles/0/x-2/5/z-2/9.prbm?665195 HTTP/1.1" 200 OK
[2026-03-30 00:14:48][INFO] /0:0:0:0:0:0:0:1 "GET /maps/world/tiles/0/x-2/5/z-3/0.prbm?665195 HTTP/1.1" 200 OK
[2026-03-30 00:14:48][INFO] /0:0:0:0:0:0:0:1 "GET /maps/world/tiles/0/x-2/5/z-3/1.prbm?665195 HTTP/1.1" 200 OK
[2026-03-30 00:14:48][INFO] /0:0:0:0:0:0:0:1 "GET /maps/world/tiles/0/x-2/5/z-3/2.prbm?665195 HTTP/1.1" 200 OK
[2026-03-30 00:14:48][INFO] /0:0:0:0:0:0:0:1 "GET /maps/world/tiles/0/x-2/5/z-3/3.prbm?665195 HTTP/1.1" 200 OK
[2026-03-30 00:14:48][INFO] /0:0:0:0:0:0:0:1 "GET /maps/world/tiles/0/x-2/5/z-3/4.prbm?665195 HTTP/1.1" 200 OK
[2026-03-30 00:14:48][INFO] /0:0:0:0:0:0:0:1 "GET /maps/world/tiles/0/x-2/5/z-3/5.prbm?665195 HTTP/1.1" 200 OK
[2026-03-30 00:14:48][INFO] /0:0:0:0:0:0:0:1 "GET /maps/world/tiles/0/x-2/5/z-3/6.prbm?665195 HTTP/1.1" 200 OK
[2026-03-30 00:14:48][INFO] /0:0:0:0:0:0:0:1 "GET /maps/world/tiles/0/x-2/5/z-3/7.prbm?665195 HTTP/1.1" 200 OK
[2026-03-30 00:14:48][INFO] /0:0:0:0:0:0:0:1 "GET /maps/world/tiles/0/x-2/5/z-3/8.prbm?665195 HTTP/1.1" 200 OK
[2026-03-30 00:14:48][INFO] /0:0:0:0:0:0:0:1 "GET /maps/world/tiles/0/x-2/5/z-3/9.prbm?665195 HTTP/1.1" 200 OK
[2026-03-30 00:14:48][INFO] /0:0:0:0:0:0:0:1 "GET /maps/world/tiles/0/x-2/5/z-4/0.prbm?665195 HTTP/1.1" 200 OK
[2026-03-30 00:14:48][INFO] /0:0:0:0:0:0:0:1 "GET /maps/world/tiles/0/x-2/4/z-4/0.prbm?665195 HTTP/1.1" 200 OK
[2026-03-30 00:14:48][INFO] /0:0:0:0:0:0:0:1 "GET /maps/world/tiles/0/x-2/3/z-4/0.prbm?665195 HTTP/1.1" 200 OK
[2026-03-30 00:14:48][INFO] /0:0:0:0:0:0:0:1 "GET /maps/world/tiles/0/x-2/2/z-4/0.prbm?665195 HTTP/1.1" 200 OK
[2026-03-30 00:14:48][INFO] /0:0:0:0:0:0:0:1 "GET /maps/world/tiles/0/x-2/1/z-4/0.prbm?665195 HTTP/1.1" 200 OK
[2026-03-30 00:14:48][INFO] /0:0:0:0:0:0:0:1 "GET /maps/world/tiles/0/x-2/0/z-4/0.prbm?665195 HTTP/1.1" 200 OK
[2026-03-30 00:14:48][INFO] /0:0:0:0:0:0:0:1 "GET /maps/world/tiles/0/x-1/9/z-4/0.prbm?665195 HTTP/1.1" 200 OK
[2026-03-30 00:14:48][INFO] /0:0:0:0:0:0:0:1 "GET /maps/world/tiles/0/x-1/8/z-4/0.prbm?665195 HTTP/1.1" 200 OK
[2026-03-30 00:14:48][INFO] /0:0:0:0:0:0:0:1 "GET /maps/world/tiles/0/x-1/7/z-4/0.prbm?665195 HTTP/1.1" 200 OK
[2026-03-30 00:14:48][INFO] /0:0:0:0:0:0:0:1 "GET /maps/world/tiles/0/x-1/6/z-4/0.prbm?665195 HTTP/1.1" 200 OK
[2026-03-30 00:14:48][INFO] /0:0:0:0:0:0:0:1 "GET /maps/world/tiles/0/x-1/5/z-4/0.prbm?665195 HTTP/1.1" 200 OK
[2026-03-30 00:14:48][INFO] /0:0:0:0:0:0:0:1 "GET /maps/world/tiles/0/x-1/4/z-4/0.prbm?665195 HTTP/1.1" 200 OK
[2026-03-30 00:14:48][INFO] /0:0:0:0:0:0:0:1 "GET /maps/world/tiles/0/x-1/3/z-4/0.prbm?665195 HTTP/1.1" 200 OK
[2026-03-30 00:14:48][INFO] /0:0:0:0:0:0:0:1 "GET /maps/world/tiles/0/x-1/2/z-4/0.prbm?665195 HTTP/1.1" 200 OK
[2026-03-30 00:14:48][INFO] /0:0:0:0:0:0:0:1 "GET /maps/world/tiles/0/x-1/2/z-3/9.prbm?665195 HTTP/1.1" 200 OK
[2026-03-30 00:14:48][INFO] /0:0:0:0:0:0:0:1 "GET /maps/world/tiles/0/x-1/2/z-3/8.prbm?665195 HTTP/1.1" 200 OK
[2026-03-30 00:14:48][INFO] /0:0:0:0:0:0:0:1 "GET /maps/world/live/players.json?502298 HTTP/1.1" 200 OK
[2026-03-30 00:14:48][INFO] /0:0:0:0:0:0:0:1 "GET /maps/world/tiles/0/x-1/2/z-3/7.prbm?665195 HTTP/1.1" 200 OK
[2026-03-30 00:14:48][INFO] /0:0:0:0:0:0:0:1 "GET /maps/world/tiles/0/x-1/2/z-3/6.prbm?665195 HTTP/1.1" 200 OK
[2026-03-30 00:14:48][INFO] /0:0:0:0:0:0:0:1 "GET /maps/world/tiles/0/x-1/2/z-3/5.prbm?665195 HTTP/1.1" 200 OK
[2026-03-30 00:14:48][INFO] /0:0:0:0:0:0:0:1 "GET /maps/world/tiles/0/x-1/2/z-3/4.prbm?665195 HTTP/1.1" 200 OK
[2026-03-30 00:14:48][INFO] /0:0:0:0:0:0:0:1 "GET /maps/world/tiles/0/x-1/2/z-3/3.prbm?665195 HTTP/1.1" 200 OK
[2026-03-30 00:14:48][INFO] /0:0:0:0:0:0:0:1 "GET /maps/world/tiles/0/x-1/2/z-3/2.prbm?665195 HTTP/1.1" 200 OK
[2026-03-30 00:14:48][INFO] /0:0:0:0:0:0:0:1 "GET /maps/world/tiles/0/x-1/2/z-3/1.prbm?665195 HTTP/1.1" 200 OK
[2026-03-30 00:14:48][INFO] /0:0:0:0:0:0:0:1 "GET /maps/world/tiles/0/x-1/2/z-3/0.prbm?665195 HTTP/1.1" 200 OK
[2026-03-30 00:14:48][INFO] /0:0:0:0:0:0:0:1 "GET /maps/world/tiles/0/x-1/2/z-2/9.prbm?665195 HTTP/1.1" 200 OK
[2026-03-30 00:14:48][INFO] /0:0:0:0:0:0:0:1 "GET /maps/world/tiles/0/x-1/2/z-2/8.prbm?665195 HTTP/1.1" 200 OK
[2026-03-30 00:14:48][INFO] /0:0:0:0:0:0:0:1 "GET /maps/world/tiles/0/x-1/2/z-2/7.prbm?665195 HTTP/1.1" 200 OK
[2026-03-30 00:14:48][INFO] /0:0:0:0:0:0:0:1 "GET /maps/world/tiles/0/x-1/3/z-2/7.prbm?665195 HTTP/1.1" 200 OK
[2026-03-30 00:14:48][INFO] /0:0:0:0:0:0:0:1 "GET /maps/world/tiles/0/x-1/4/z-2/7.prbm?665195 HTTP/1.1" 200 OK
[2026-03-30 00:14:48][INFO] /0:0:0:0:0:0:0:1 "GET /maps/world/tiles/0/x-1/5/z-2/7.prbm?665195 HTTP/1.1" 200 OK
[2026-03-30 00:14:48][INFO] /0:0:0:0:0:0:0:1 "GET /maps/world/tiles/0/x-1/6/z-2/7.prbm?665195 HTTP/1.1" 200 OK
[2026-03-30 00:14:48][INFO] /0:0:0:0:0:0:0:1 "GET /maps/world/tiles/0/x-1/7/z-2/7.prbm?665195 HTTP/1.1" 200 OK
[2026-03-30 00:14:48][INFO] /0:0:0:0:0:0:0:1 "GET /maps/world/tiles/0/x-1/8/z-2/7.prbm?665195 HTTP/1.1" 200 OK
[2026-03-30 00:14:48][INFO] /0:0:0:0:0:0:0:1 "GET /maps/world/tiles/0/x-1/9/z-2/7.prbm?665195 HTTP/1.1" 200 OK
[2026-03-30 00:14:48][INFO] /0:0:0:0:0:0:0:1 "GET /maps/world/tiles/0/x-2/0/z-2/7.prbm?665195 HTTP/1.1" 200 OK
[2026-03-30 00:14:48][INFO] /0:0:0:0:0:0:0:1 "GET /maps/world/tiles/0/x-2/1/z-2/7.prbm?665195 HTTP/1.1" 200 OK
[2026-03-30 00:14:48][INFO] /0:0:0:0:0:0:0:1 "GET /maps/world/tiles/0/x-2/2/z-2/7.prbm?665195 HTTP/1.1" 200 OK
[2026-03-30 00:14:48][INFO] /0:0:0:0:0:0:0:1 "GET /maps/world/tiles/0/x-2/3/z-2/7.prbm?665195 HTTP/1.1" 200 OK
[2026-03-30 00:14:48][INFO] /0:0:0:0:0:0:0:1 "GET /maps/world/tiles/0/x-2/4/z-2/7.prbm?665195 HTTP/1.1" 200 OK
[2026-03-30 00:14:48][INFO] /0:0:0:0:0:0:0:1 "GET /maps/world/tiles/0/x-2/5/z-2/7.prbm?665195 HTTP/1.1" 200 OK
[2026-03-30 00:14:48][INFO] /0:0:0:0:0:0:0:1 "GET /maps/world/tiles/0/x-2/6/z-2/7.prbm?665195 HTTP/1.1" 200 OK
[2026-03-30 00:14:48][INFO] /0:0:0:0:0:0:0:1 "GET /maps/world/tiles/0/x-2/6/z-2/8.prbm?665195 HTTP/1.1" 200 OK
[2026-03-30 00:14:48][INFO] /0:0:0:0:0:0:0:1 "GET /maps/world/tiles/0/x-2/6/z-2/9.prbm?665195 HTTP/1.1" 200 OK
[2026-03-30 00:14:48][INFO] /0:0:0:0:0:0:0:1 "GET /maps/world/tiles/0/x-2/6/z-3/0.prbm?665195 HTTP/1.1" 200 OK
[2026-03-30 00:14:48][INFO] /0:0:0:0:0:0:0:1 "GET /maps/world/tiles/0/x-2/6/z-3/1.prbm?665195 HTTP/1.1" 200 OK
[2026-03-30 00:14:48][INFO] /0:0:0:0:0:0:0:1 "GET /maps/world/tiles/0/x-2/6/z-3/2.prbm?665195 HTTP/1.1" 200 OK
[2026-03-30 00:14:48][INFO] /0:0:0:0:0:0:0:1 "GET /maps/world/tiles/0/x-2/6/z-3/3.prbm?665195 HTTP/1.1" 200 OK
[2026-03-30 00:14:48][INFO] /0:0:0:0:0:0:0:1 "GET /maps/world/tiles/0/x-2/6/z-3/4.prbm?665195 HTTP/1.1" 200 OK
[2026-03-30 00:14:48][INFO] /0:0:0:0:0:0:0:1 "GET /maps/world/tiles/0/x-2/6/z-3/5.prbm?665195 HTTP/1.1" 200 OK
[2026-03-30 00:14:48][INFO] /0:0:0:0:0:0:0:1 "GET /maps/world/tiles/0/x-2/6/z-3/6.prbm?665195 HTTP/1.1" 200 OK
[2026-03-30 00:14:48][INFO] /0:0:0:0:0:0:0:1 "GET /maps/world/tiles/0/x-2/6/z-3/7.prbm?665195 HTTP/1.1" 200 OK
[2026-03-30 00:14:48][INFO] /0:0:0:0:0:0:0:1 "GET /maps/world/tiles/0/x-2/6/z-3/8.prbm?665195 HTTP/1.1" 200 OK
[2026-03-30 00:14:48][INFO] /0:0:0:0:0:0:0:1 "GET /maps/world/tiles/0/x-2/6/z-3/9.prbm?665195 HTTP/1.1" 200 OK
[2026-03-30 00:14:48][INFO] /0:0:0:0:0:0:0:1 "GET /maps/world/tiles/0/x-2/6/z-4/0.prbm?665195 HTTP/1.1" 200 OK
[2026-03-30 00:14:48][INFO] /0:0:0:0:0:0:0:1 "GET /maps/world/tiles/0/x-2/6/z-4/1.prbm?665195 HTTP/1.1" 200 OK
[2026-03-30 00:14:48][INFO] /0:0:0:0:0:0:0:1 "GET /maps/world/tiles/0/x-2/5/z-4/1.prbm?665195 HTTP/1.1" 200 OK
[2026-03-30 00:14:48][INFO] /0:0:0:0:0:0:0:1 "GET /maps/world/tiles/0/x-2/4/z-4/1.prbm?665195 HTTP/1.1" 200 OK
[2026-03-30 00:14:48][INFO] /0:0:0:0:0:0:0:1 "GET /maps/world/tiles/0/x-2/3/z-4/1.prbm?665195 HTTP/1.1" 200 OK
[2026-03-30 00:14:48][INFO] /0:0:0:0:0:0:0:1 "GET /maps/world/tiles/0/x-2/2/z-4/1.prbm?665195 HTTP/1.1" 200 OK
[2026-03-30 00:14:48][INFO] /0:0:0:0:0:0:0:1 "GET /maps/world/tiles/0/x-2/1/z-4/1.prbm?665195 HTTP/1.1" 200 OK
[2026-03-30 00:14:48][INFO] /0:0:0:0:0:0:0:1 "GET /maps/world/tiles/0/x-2/0/z-4/1.prbm?665195 HTTP/1.1" 200 OK
[2026-03-30 00:14:48][INFO] /0:0:0:0:0:0:0:1 "GET /maps/world/tiles/0/x-1/9/z-4/1.prbm?665195 HTTP/1.1" 200 OK
[2026-03-30 00:14:48][INFO] /0:0:0:0:0:0:0:1 "GET /maps/world/tiles/0/x-1/8/z-4/1.prbm?665195 HTTP/1.1" 200 OK
[2026-03-30 00:14:49][INFO] /0:0:0:0:0:0:0:1 "GET /maps/world/tiles/0/x-1/7/z-4/1.prbm?665195 HTTP/1.1" 200 OK
[2026-03-30 00:14:49][INFO] /0:0:0:0:0:0:0:1 "GET /maps/world/tiles/0/x-1/6/z-4/1.prbm?665195 HTTP/1.1" 200 OK
[2026-03-30 00:14:49][INFO] /0:0:0:0:0:0:0:1 "GET /maps/world/tiles/0/x-1/5/z-4/1.prbm?665195 HTTP/1.1" 200 OK
[2026-03-30 00:14:49][INFO] /0:0:0:0:0:0:0:1 "GET /maps/world/tiles/0/x-1/4/z-4/1.prbm?665195 HTTP/1.1" 200 OK
[2026-03-30 00:14:49][INFO] /0:0:0:0:0:0:0:1 "GET /maps/world/tiles/0/x-1/3/z-4/1.prbm?665195 HTTP/1.1" 200 OK
[2026-03-30 00:14:49][INFO] /0:0:0:0:0:0:0:1 "GET /maps/world/tiles/0/x-1/2/z-4/1.prbm?665195 HTTP/1.1" 200 OK
[2026-03-30 00:14:49][INFO] /0:0:0:0:0:0:0:1 "GET /maps/world/tiles/0/x-1/1/z-4/1.prbm?665195 HTTP/1.1" 200 OK
[2026-03-30 00:14:49][INFO] /0:0:0:0:0:0:0:1 "GET /maps/world/tiles/0/x-1/1/z-4/0.prbm?665195 HTTP/1.1" 200 OK
[2026-03-30 00:14:49][INFO] /0:0:0:0:0:0:0:1 "GET /maps/world/tiles/0/x-1/1/z-3/9.prbm?665195 HTTP/1.1" 200 OK
[2026-03-30 00:14:49][INFO] /0:0:0:0:0:0:0:1 "GET /maps/world/tiles/0/x-1/1/z-3/8.prbm?665195 HTTP/1.1" 200 OK
[2026-03-30 00:14:49][INFO] /0:0:0:0:0:0:0:1 "GET /maps/world/tiles/0/x-1/1/z-3/7.prbm?665195 HTTP/1.1" 200 OK
[2026-03-30 00:14:49][INFO] /0:0:0:0:0:0:0:1 "GET /maps/world/tiles/0/x-1/1/z-3/6.prbm?665195 HTTP/1.1" 200 OK
[2026-03-30 00:14:49][INFO] /0:0:0:0:0:0:0:1 "GET /maps/world/tiles/0/x-1/1/z-3/5.prbm?665195 HTTP/1.1" 200 OK
[2026-03-30 00:14:49][INFO] /0:0:0:0:0:0:0:1 "GET /maps/world/tiles/0/x-1/1/z-3/4.prbm?665195 HTTP/1.1" 200 OK
[2026-03-30 00:14:49][INFO] /0:0:0:0:0:0:0:1 "GET /maps/world/tiles/0/x-1/1/z-3/3.prbm?665195 HTTP/1.1" 200 OK
[2026-03-30 00:14:49][INFO] /0:0:0:0:0:0:0:1 "GET /maps/world/tiles/0/x-1/1/z-3/2.prbm?665195 HTTP/1.1" 200 OK
[2026-03-30 00:14:49][INFO] /0:0:0:0:0:0:0:1 "GET /maps/world/tiles/0/x-1/1/z-3/1.prbm?665195 HTTP/1.1" 200 OK
[2026-03-30 00:14:49][INFO] /0:0:0:0:0:0:0:1 "GET /maps/world/tiles/0/x-1/1/z-3/0.prbm?665195 HTTP/1.1" 200 OK
[2026-03-30 00:14:49][INFO] /0:0:0:0:0:0:0:1 "GET /maps/world/tiles/0/x-1/1/z-2/9.prbm?665195 HTTP/1.1" 200 OK
[2026-03-30 00:14:49][INFO] /0:0:0:0:0:0:0:1 "GET /maps/world/tiles/0/x-1/1/z-2/8.prbm?665195 HTTP/1.1" 200 OK
[2026-03-30 00:14:49][INFO] /0:0:0:0:0:0:0:1 "GET /maps/world/tiles/0/x-1/1/z-2/7.prbm?665195 HTTP/1.1" 200 OK
[2026-03-30 00:14:49][INFO] /0:0:0:0:0:0:0:1 "GET /maps/world/tiles/0/x-1/1/z-2/6.prbm?665195 HTTP/1.1" 200 OK
[2026-03-30 00:14:49][INFO] /0:0:0:0:0:0:0:1 "GET /maps/world/tiles/0/x-1/2/z-2/6.prbm?665195 HTTP/1.1" 200 OK
[2026-03-30 00:14:49][INFO] /0:0:0:0:0:0:0:1 "GET /maps/world/tiles/0/x-1/3/z-2/6.prbm?665195 HTTP/1.1" 200 OK
[2026-03-30 00:14:49][INFO] /0:0:0:0:0:0:0:1 "GET /maps/world/tiles/0/x-1/4/z-2/6.prbm?665195 HTTP/1.1" 200 OK
[2026-03-30 00:14:49][INFO] /0:0:0:0:0:0:0:1 "GET /maps/world/tiles/0/x-1/5/z-2/6.prbm?665195 HTTP/1.1" 200 OK
[2026-03-30 00:14:49][INFO] /0:0:0:0:0:0:0:1 "GET /maps/world/tiles/0/x-1/6/z-2/6.prbm?665195 HTTP/1.1" 200 OK
[2026-03-30 00:14:49][INFO] /0:0:0:0:0:0:0:1 "GET /maps/world/tiles/0/x-1/7/z-2/6.prbm?665195 HTTP/1.1" 200 OK
[2026-03-30 00:14:49][INFO] /0:0:0:0:0:0:0:1 "GET /maps/world/tiles/0/x-1/8/z-2/6.prbm?665195 HTTP/1.1" 200 OK
[2026-03-30 00:14:49][INFO] /0:0:0:0:0:0:0:1 "GET /maps/world/tiles/0/x-1/9/z-2/6.prbm?665195 HTTP/1.1" 200 OK
[2026-03-30 00:14:49][INFO] /0:0:0:0:0:0:0:1 "GET /maps/world/tiles/0/x-2/0/z-2/6.prbm?665195 HTTP/1.1" 200 OK
[2026-03-30 00:14:49][INFO] /0:0:0:0:0:0:0:1 "GET /maps/world/tiles/0/x-2/1/z-2/6.prbm?665195 HTTP/1.1" 200 OK
[2026-03-30 00:14:49][INFO] /0:0:0:0:0:0:0:1 "GET /maps/world/tiles/0/x-2/2/z-2/6.prbm?665195 HTTP/1.1" 200 OK
[2026-03-30 00:14:49][INFO] /0:0:0:0:0:0:0:1 "GET /maps/world/tiles/0/x-2/3/z-2/6.prbm?665195 HTTP/1.1" 200 OK
[2026-03-30 00:14:49][INFO] /0:0:0:0:0:0:0:1 "GET /maps/world/tiles/0/x-2/4/z-2/6.prbm?665195 HTTP/1.1" 200 OK
[2026-03-30 00:14:49][INFO] /0:0:0:0:0:0:0:1 "GET /maps/world/tiles/0/x-2/5/z-2/6.prbm?665195 HTTP/1.1" 200 OK
[2026-03-30 00:14:49][INFO] /0:0:0:0:0:0:0:1 "GET /maps/world/tiles/0/x-2/6/z-2/6.prbm?665195 HTTP/1.1" 200 OK
[2026-03-30 00:14:49][INFO] /0:0:0:0:0:0:0:1 "GET /maps/world/tiles/0/x-2/7/z-2/6.prbm?665195 HTTP/1.1" 200 OK
[2026-03-30 00:14:49][INFO] /0:0:0:0:0:0:0:1 "GET /maps/world/tiles/0/x-2/7/z-2/7.prbm?665195 HTTP/1.1" 200 OK
[2026-03-30 00:14:49][INFO] /0:0:0:0:0:0:0:1 "GET /maps/world/tiles/0/x-2/7/z-2/8.prbm?665195 HTTP/1.1" 200 OK
[2026-03-30 00:14:49][INFO] /0:0:0:0:0:0:0:1 "GET /maps/world/tiles/0/x-2/7/z-2/9.prbm?665195 HTTP/1.1" 200 OK
[2026-03-30 00:14:49][INFO] /0:0:0:0:0:0:0:1 "GET /maps/world/tiles/0/x-2/7/z-3/0.prbm?665195 HTTP/1.1" 200 OK
[2026-03-30 00:14:49][INFO] /0:0:0:0:0:0:0:1 "GET /maps/world/tiles/0/x-2/7/z-3/1.prbm?665195 HTTP/1.1" 200 OK
[2026-03-30 00:14:49][INFO] /0:0:0:0:0:0:0:1 "GET /maps/world/tiles/0/x-2/7/z-3/2.prbm?665195 HTTP/1.1" 200 OK
[2026-03-30 00:14:49][INFO] /0:0:0:0:0:0:0:1 "GET /maps/world/tiles/0/x-2/7/z-3/3.prbm?665195 HTTP/1.1" 200 OK
[2026-03-30 00:14:49][INFO] /0:0:0:0:0:0:0:1 "GET /maps/world/tiles/0/x-2/7/z-3/4.prbm?665195 HTTP/1.1" 200 OK
[2026-03-30 00:14:49][INFO] /0:0:0:0:0:0:0:1 "GET /maps/world/tiles/0/x-2/7/z-3/5.prbm?665195 HTTP/1.1" 200 OK
[2026-03-30 00:14:49][INFO] /0:0:0:0:0:0:0:1 "GET /maps/world/tiles/0/x-2/7/z-3/6.prbm?665195 HTTP/1.1" 200 OK
[2026-03-30 00:14:49][INFO] /0:0:0:0:0:0:0:1 "GET /maps/world/tiles/0/x-2/7/z-3/7.prbm?665195 HTTP/1.1" 200 OK
[2026-03-30 00:14:49][INFO] /0:0:0:0:0:0:0:1 "GET /maps/world/tiles/0/x-2/7/z-3/8.prbm?665195 HTTP/1.1" 200 OK
[2026-03-30 00:14:49][INFO] /0:0:0:0:0:0:0:1 "GET /maps/world/tiles/0/x-2/7/z-3/9.prbm?665195 HTTP/1.1" 200 OK
[2026-03-30 00:14:49][INFO] /0:0:0:0:0:0:0:1 "GET /maps/world/tiles/0/x-2/7/z-4/0.prbm?665195 HTTP/1.1" 200 OK
[2026-03-30 00:14:49][INFO] /0:0:0:0:0:0:0:1 "GET /maps/world/tiles/0/x-2/7/z-4/1.prbm?665195 HTTP/1.1" 200 OK
[2026-03-30 00:14:49][INFO] /0:0:0:0:0:0:0:1 "GET /maps/world/tiles/0/x-2/7/z-4/2.prbm?665195 HTTP/1.1" 200 OK
[2026-03-30 00:14:49][INFO] /0:0:0:0:0:0:0:1 "GET /maps/world/tiles/0/x-2/6/z-4/2.prbm?665195 HTTP/1.1" 200 OK
[2026-03-30 00:14:49][INFO] /0:0:0:0:0:0:0:1 "GET /maps/world/tiles/0/x-2/5/z-4/2.prbm?665195 HTTP/1.1" 200 OK
[2026-03-30 00:14:49][INFO] /0:0:0:0:0:0:0:1 "GET /maps/world/tiles/0/x-2/4/z-4/2.prbm?665195 HTTP/1.1" 200 OK
[2026-03-30 00:14:49][INFO] /0:0:0:0:0:0:0:1 "GET /maps/world/tiles/0/x-2/3/z-4/2.prbm?665195 HTTP/1.1" 200 OK
[2026-03-30 00:14:49][INFO] /0:0:0:0:0:0:0:1 "GET /maps/world/tiles/0/x-2/2/z-4/2.prbm?665195 HTTP/1.1" 200 OK
[2026-03-30 00:14:49][INFO] /0:0:0:0:0:0:0:1 "GET /maps/world/tiles/0/x-2/1/z-4/2.prbm?665195 HTTP/1.1" 200 OK
[2026-03-30 00:14:49][INFO] /0:0:0:0:0:0:0:1 "GET /maps/world/tiles/0/x-2/0/z-4/2.prbm?665195 HTTP/1.1" 200 OK
[2026-03-30 00:14:49][INFO] /0:0:0:0:0:0:0:1 "GET /maps/world/tiles/0/x-1/9/z-4/2.prbm?665195 HTTP/1.1" 200 OK
[2026-03-30 00:14:49][INFO] /0:0:0:0:0:0:0:1 "GET /maps/world/tiles/0/x-1/8/z-4/2.prbm?665195 HTTP/1.1" 200 OK
[2026-03-30 00:14:49][INFO] /0:0:0:0:0:0:0:1 "GET /maps/world/tiles/0/x-1/7/z-4/2.prbm?665195 HTTP/1.1" 200 OK
[2026-03-30 00:14:49][INFO] /0:0:0:0:0:0:0:1 "GET /maps/world/tiles/0/x-1/6/z-4/2.prbm?665195 HTTP/1.1" 200 OK
[2026-03-30 00:14:49][INFO] /0:0:0:0:0:0:0:1 "GET /maps/world/tiles/0/x-1/5/z-4/2.prbm?665195 HTTP/1.1" 200 OK
[2026-03-30 00:14:49][INFO] /0:0:0:0:0:0:0:1 "GET /maps/world/tiles/0/x-1/4/z-4/2.prbm?665195 HTTP/1.1" 200 OK
[2026-03-30 00:14:49][INFO] /0:0:0:0:0:0:0:1 "GET /maps/world/live/players.json?991135 HTTP/1.1" 200 OK
[2026-03-30 00:14:49][INFO] /0:0:0:0:0:0:0:1 "GET /maps/world/tiles/0/x-1/3/z-4/2.prbm?665195 HTTP/1.1" 200 OK
[2026-03-30 00:14:49][INFO] /0:0:0:0:0:0:0:1 "GET /maps/world/tiles/0/x-1/2/z-4/2.prbm?665195 HTTP/1.1" 200 OK
[2026-03-30 00:14:49][INFO] /0:0:0:0:0:0:0:1 "GET /maps/world/tiles/0/x-1/1/z-4/2.prbm?665195 HTTP/1.1" 200 OK
[2026-03-30 00:14:49][INFO] /0:0:0:0:0:0:0:1 "GET /maps/world/tiles/0/x-1/0/z-4/2.prbm?665195 HTTP/1.1" 200 OK
[2026-03-30 00:14:49][INFO] /0:0:0:0:0:0:0:1 "GET /maps/world/tiles/0/x-1/0/z-4/1.prbm?665195 HTTP/1.1" 200 OK
[2026-03-30 00:14:49][INFO] /0:0:0:0:0:0:0:1 "GET /maps/world/tiles/0/x-1/0/z-4/0.prbm?665195 HTTP/1.1" 200 OK
[2026-03-30 00:14:49][INFO] /0:0:0:0:0:0:0:1 "GET /maps/world/tiles/0/x-1/0/z-3/9.prbm?665195 HTTP/1.1" 200 OK
[2026-03-30 00:14:49][INFO] /0:0:0:0:0:0:0:1 "GET /maps/world/tiles/0/x-1/0/z-3/8.prbm?665195 HTTP/1.1" 200 OK
[2026-03-30 00:14:49][INFO] /0:0:0:0:0:0:0:1 "GET /maps/world/tiles/0/x-1/0/z-3/7.prbm?665195 HTTP/1.1" 200 OK
[2026-03-30 00:14:49][INFO] /0:0:0:0:0:0:0:1 "GET /maps/world/tiles/0/x-1/0/z-3/6.prbm?665195 HTTP/1.1" 200 OK
[2026-03-30 00:14:49][INFO] /0:0:0:0:0:0:0:1 "GET /maps/world/tiles/0/x-1/0/z-3/5.prbm?665195 HTTP/1.1" 200 OK
[2026-03-30 00:14:49][INFO] /0:0:0:0:0:0:0:1 "GET /maps/world/tiles/0/x-1/0/z-3/4.prbm?665195 HTTP/1.1" 200 OK
[2026-03-30 00:14:49][INFO] /0:0:0:0:0:0:0:1 "GET /maps/world/tiles/0/x-1/0/z-3/3.prbm?665195 HTTP/1.1" 200 OK
[2026-03-30 00:14:49][INFO] /0:0:0:0:0:0:0:1 "GET /maps/world/tiles/0/x-1/0/z-3/2.prbm?665195 HTTP/1.1" 200 OK
[2026-03-30 00:14:49][INFO] /0:0:0:0:0:0:0:1 "GET /maps/world/tiles/0/x-1/0/z-3/1.prbm?665195 HTTP/1.1" 200 OK
[2026-03-30 00:14:49][INFO] /0:0:0:0:0:0:0:1 "GET /maps/world/tiles/0/x-1/0/z-3/0.prbm?665195 HTTP/1.1" 200 OK
[2026-03-30 00:14:49][INFO] /0:0:0:0:0:0:0:1 "GET /maps/world/tiles/0/x-1/0/z-2/9.prbm?665195 HTTP/1.1" 200 OK
[2026-03-30 00:14:49][INFO] /0:0:0:0:0:0:0:1 "GET /maps/world/tiles/0/x-1/0/z-2/8.prbm?665195 HTTP/1.1" 200 OK
[2026-03-30 00:14:49][INFO] /0:0:0:0:0:0:0:1 "GET /maps/world/tiles/0/x-1/0/z-2/7.prbm?665195 HTTP/1.1" 200 OK
[2026-03-30 00:14:49][INFO] /0:0:0:0:0:0:0:1 "GET /maps/world/tiles/0/x-1/0/z-2/6.prbm?665195 HTTP/1.1" 200 OK
[2026-03-30 00:14:49][INFO] /0:0:0:0:0:0:0:1 "GET /maps/world/tiles/0/x-1/0/z-2/5.prbm?665195 HTTP/1.1" 200 OK
[2026-03-30 00:14:49][INFO] /0:0:0:0:0:0:0:1 "GET /maps/world/tiles/0/x-1/1/z-2/5.prbm?665195 HTTP/1.1" 200 OK
[2026-03-30 00:14:49][INFO] /0:0:0:0:0:0:0:1 "GET /maps/world/tiles/0/x-1/2/z-2/5.prbm?665195 HTTP/1.1" 200 OK
[2026-03-30 00:14:49][INFO] /0:0:0:0:0:0:0:1 "GET /maps/world/tiles/0/x-1/3/z-2/5.prbm?665195 HTTP/1.1" 200 OK
[2026-03-30 00:14:49][INFO] /0:0:0:0:0:0:0:1 "GET /maps/world/tiles/0/x-1/4/z-2/5.prbm?665195 HTTP/1.1" 200 OK
[2026-03-30 00:14:49][INFO] /0:0:0:0:0:0:0:1 "GET /maps/world/tiles/0/x-1/5/z-2/5.prbm?665195 HTTP/1.1" 200 OK
[2026-03-30 00:14:49][INFO] /0:0:0:0:0:0:0:1 "GET /maps/world/tiles/0/x-1/6/z-2/5.prbm?665195 HTTP/1.1" 200 OK
[2026-03-30 00:14:50][INFO] /0:0:0:0:0:0:0:1 "GET /maps/world/tiles/0/x-1/7/z-2/5.prbm?665195 HTTP/1.1" 200 OK
[2026-03-30 00:14:50][INFO] /0:0:0:0:0:0:0:1 "GET /maps/world/tiles/0/x-1/8/z-2/5.prbm?665195 HTTP/1.1" 200 OK
[2026-03-30 00:14:50][INFO] /0:0:0:0:0:0:0:1 "GET /maps/world/tiles/0/x-1/9/z-2/5.prbm?665195 HTTP/1.1" 200 OK
[2026-03-30 00:14:50][INFO] /0:0:0:0:0:0:0:1 "GET /maps/world/tiles/0/x-2/0/z-2/5.prbm?665195 HTTP/1.1" 200 OK
[2026-03-30 00:14:50][INFO] /0:0:0:0:0:0:0:1 "GET /maps/world/tiles/0/x-2/1/z-2/5.prbm?665195 HTTP/1.1" 200 OK
[2026-03-30 00:14:50][INFO] /0:0:0:0:0:0:0:1 "GET /maps/world/tiles/0/x-2/2/z-2/5.prbm?665195 HTTP/1.1" 200 OK
[2026-03-30 00:14:50][INFO] /0:0:0:0:0:0:0:1 "GET /maps/world/tiles/0/x-2/3/z-2/5.prbm?665195 HTTP/1.1" 200 OK
[2026-03-30 00:14:50][INFO] /0:0:0:0:0:0:0:1 "GET /maps/world/tiles/0/x-2/4/z-2/5.prbm?665195 HTTP/1.1" 200 OK
[2026-03-30 00:14:50][INFO] /0:0:0:0:0:0:0:1 "GET /maps/world/tiles/0/x-2/5/z-2/5.prbm?665195 HTTP/1.1" 200 OK
[2026-03-30 00:14:50][INFO] /0:0:0:0:0:0:0:1 "GET /maps/world/tiles/0/x-2/6/z-2/5.prbm?665195 HTTP/1.1" 200 OK
[2026-03-30 00:14:50][INFO] /0:0:0:0:0:0:0:1 "GET /maps/world/tiles/0/x-2/7/z-2/5.prbm?665195 HTTP/1.1" 200 OK
[2026-03-30 00:14:50][INFO] /0:0:0:0:0:0:0:1 "GET /maps/world/tiles/0/x-2/8/z-2/5.prbm?665195 HTTP/1.1" 200 OK
[2026-03-30 00:14:50][INFO] /0:0:0:0:0:0:0:1 "GET /maps/world/tiles/0/x-2/8/z-2/6.prbm?665195 HTTP/1.1" 200 OK
[2026-03-30 00:14:50][INFO] /0:0:0:0:0:0:0:1 "GET /maps/world/tiles/0/x-2/8/z-2/7.prbm?665195 HTTP/1.1" 200 OK
[2026-03-30 00:14:50][INFO] /0:0:0:0:0:0:0:1 "GET /maps/world/tiles/0/x-2/8/z-2/8.prbm?665195 HTTP/1.1" 200 OK
[2026-03-30 00:14:50][INFO] /0:0:0:0:0:0:0:1 "GET /maps/world/tiles/0/x-2/8/z-2/9.prbm?665195 HTTP/1.1" 200 OK
[2026-03-30 00:14:50][INFO] /0:0:0:0:0:0:0:1 "GET /maps/world/tiles/0/x-2/8/z-3/0.prbm?665195 HTTP/1.1" 200 OK
[2026-03-30 00:14:50][INFO] /0:0:0:0:0:0:0:1 "GET /maps/world/tiles/0/x-2/8/z-3/1.prbm?665195 HTTP/1.1" 200 OK
[2026-03-30 00:14:50][INFO] /0:0:0:0:0:0:0:1 "GET /maps/world/tiles/0/x-2/8/z-3/2.prbm?665195 HTTP/1.1" 200 OK
[2026-03-30 00:14:50][INFO] /0:0:0:0:0:0:0:1 "GET /maps/world/tiles/0/x-2/8/z-3/3.prbm?665195 HTTP/1.1" 200 OK
[2026-03-30 00:14:50][INFO] /0:0:0:0:0:0:0:1 "GET /maps/world/tiles/0/x-2/8/z-3/4.prbm?665195 HTTP/1.1" 200 OK
[2026-03-30 00:14:50][INFO] /0:0:0:0:0:0:0:1 "GET /maps/world/tiles/0/x-2/8/z-3/5.prbm?665195 HTTP/1.1" 200 OK
[2026-03-30 00:14:50][INFO] /0:0:0:0:0:0:0:1 "GET /maps/world/tiles/0/x-2/8/z-3/6.prbm?665195 HTTP/1.1" 200 OK
[2026-03-30 00:14:50][INFO] /0:0:0:0:0:0:0:1 "GET /maps/world/tiles/0/x-2/8/z-3/7.prbm?665195 HTTP/1.1" 200 OK
[2026-03-30 00:14:50][INFO] /0:0:0:0:0:0:0:1 "GET /maps/world/tiles/0/x-2/8/z-3/8.prbm?665195 HTTP/1.1" 200 OK
[2026-03-30 00:14:50][INFO] /0:0:0:0:0:0:0:1 "GET /maps/world/tiles/0/x-2/8/z-3/9.prbm?665195 HTTP/1.1" 200 OK
[2026-03-30 00:14:50][INFO] /0:0:0:0:0:0:0:1 "GET /maps/world/tiles/0/x-2/8/z-4/0.prbm?665195 HTTP/1.1" 200 OK
[2026-03-30 00:14:50][INFO] /0:0:0:0:0:0:0:1 "GET /maps/world/tiles/0/x-2/8/z-4/1.prbm?665195 HTTP/1.1" 200 OK
[2026-03-30 00:14:50][INFO] /0:0:0:0:0:0:0:1 "GET /maps/world/tiles/0/x-2/8/z-4/2.prbm?665195 HTTP/1.1" 200 OK
[2026-03-30 00:14:50][INFO] /0:0:0:0:0:0:0:1 "GET /maps/world/live/players.json?408892 HTTP/1.1" 200 OK
[2026-03-30 00:14:51][INFO] /0:0:0:0:0:0:0:1 "GET /maps/world/tiles/0/x-1/2/z-2/4.prbm?665195 HTTP/1.1" 200 OK
[2026-03-30 00:14:51][INFO] /0:0:0:0:0:0:0:1 "GET /maps/world/tiles/1/x0/z-2.png?665195 HTTP/1.1" 200 OK
[2026-03-30 00:14:51][INFO] /0:0:0:0:0:0:0:1 "GET /maps/world/tiles/1/x0/z-1.png?665195 HTTP/1.1" 200 OK
[2026-03-30 00:14:51][INFO] /0:0:0:0:0:0:0:1 "GET /maps/world/tiles/0/x-1/3/z-2/4.prbm?665195 HTTP/1.1" 200 OK
[2026-03-30 00:14:51][INFO] /0:0:0:0:0:0:0:1 "GET /maps/world/tiles/0/x-1/4/z-2/4.prbm?665195 HTTP/1.1" 200 OK
[2026-03-30 00:14:51][INFO] /0:0:0:0:0:0:0:1 "GET /maps/world/tiles/0/x-1/5/z-2/4.prbm?665195 HTTP/1.1" 200 OK
[2026-03-30 00:14:51][INFO] /0:0:0:0:0:0:0:1 "GET /maps/world/tiles/0/x-1/6/z-2/4.prbm?665195 HTTP/1.1" 200 OK
[2026-03-30 00:14:51][INFO] /0:0:0:0:0:0:0:1 "GET /maps/world/tiles/0/x-1/1/z-2/4.prbm?665195 HTTP/1.1" 200 OK
[2026-03-30 00:14:51][INFO] /0:0:0:0:0:0:0:1 "GET /maps/world/tiles/0/x-1/1/z-2/3.prbm?665195 HTTP/1.1" 200 OK
[2026-03-30 00:14:51][INFO] /0:0:0:0:0:0:0:1 "GET /maps/world/tiles/0/x-1/2/z-2/3.prbm?665195 HTTP/1.1" 200 OK
[2026-03-30 00:14:51][INFO] /0:0:0:0:0:0:0:1 "GET /maps/world/tiles/0/x-1/3/z-2/3.prbm?665195 HTTP/1.1" 200 OK
[2026-03-30 00:14:51][INFO] /0:0:0:0:0:0:0:1 "GET /maps/world/tiles/0/x-1/4/z-2/3.prbm?665195 HTTP/1.1" 200 OK
[2026-03-30 00:14:51][INFO] /0:0:0:0:0:0:0:1 "GET /maps/world/tiles/0/x-1/5/z-2/3.prbm?665195 HTTP/1.1" 200 OK
[2026-03-30 00:14:51][INFO] /0:0:0:0:0:0:0:1 "GET /maps/world/tiles/0/x-1/6/z-2/3.prbm?665195 HTTP/1.1" 200 OK
[2026-03-30 00:14:51][INFO] /0:0:0:0:0:0:0:1 "GET /maps/world/tiles/0/x-1/7/z-2/3.prbm?665195 HTTP/1.1" 200 OK
[2026-03-30 00:14:51][INFO] /0:0:0:0:0:0:0:1 "GET /maps/world/tiles/0/x-1/7/z-2/4.prbm?665195 HTTP/1.1" 200 OK
[2026-03-30 00:14:51][INFO] /0:0:0:0:0:0:0:1 "GET /maps/world/tiles/0/x-1/0/z-2/4.prbm?665195 HTTP/1.1" 200 OK
[2026-03-30 00:14:51][INFO] /0:0:0:0:0:0:0:1 "GET /maps/world/tiles/0/x-1/0/z-2/3.prbm?665195 HTTP/1.1" 200 OK
[2026-03-30 00:14:51][INFO] /0:0:0:0:0:0:0:1 "GET /maps/world/tiles/0/x-1/0/z-2/2.prbm?665195 HTTP/1.1" 200 OK
[2026-03-30 00:14:51][INFO] /0:0:0:0:0:0:0:1 "GET /maps/world/tiles/0/x-1/1/z-2/2.prbm?665195 HTTP/1.1" 200 OK
[2026-03-30 00:14:51][INFO] /0:0:0:0:0:0:0:1 "GET /maps/world/tiles/0/x-1/2/z-2/2.prbm?665195 HTTP/1.1" 200 OK
[2026-03-30 00:14:51][INFO] /0:0:0:0:0:0:0:1 "GET /maps/world/tiles/0/x-1/3/z-2/2.prbm?665195 HTTP/1.1" 200 OK
[2026-03-30 00:14:51][INFO] /0:0:0:0:0:0:0:1 "GET /maps/world/tiles/0/x-1/4/z-2/2.prbm?665195 HTTP/1.1" 200 OK
[2026-03-30 00:14:51][INFO] /0:0:0:0:0:0:0:1 "GET /maps/world/tiles/0/x-1/5/z-2/2.prbm?665195 HTTP/1.1" 200 OK
[2026-03-30 00:14:51][INFO] /0:0:0:0:0:0:0:1 "GET /maps/world/tiles/0/x-1/6/z-2/2.prbm?665195 HTTP/1.1" 200 OK
[2026-03-30 00:14:51][INFO] /0:0:0:0:0:0:0:1 "GET /maps/world/tiles/0/x-1/7/z-2/2.prbm?665195 HTTP/1.1" 200 OK
[2026-03-30 00:14:51][INFO] /0:0:0:0:0:0:0:1 "GET /maps/world/tiles/0/x-1/8/z-2/2.prbm?665195 HTTP/1.1" 200 OK
[2026-03-30 00:14:51][INFO] /0:0:0:0:0:0:0:1 "GET /maps/world/tiles/0/x-1/8/z-2/3.prbm?665195 HTTP/1.1" 200 OK
[2026-03-30 00:14:51][INFO] /0:0:0:0:0:0:0:1 "GET /maps/world/tiles/0/x-1/8/z-2/4.prbm?665195 HTTP/1.1" 200 OK
[2026-03-30 00:14:51][INFO] /0:0:0:0:0:0:0:1 "GET /maps/world/tiles/0/x-9/z-3/0.prbm?665195 HTTP/1.1" 200 OK
[2026-03-30 00:14:51][INFO] /0:0:0:0:0:0:0:1 "GET /maps/world/tiles/0/x-9/z-2/9.prbm?665195 HTTP/1.1" 200 OK
[2026-03-30 00:14:51][INFO] /0:0:0:0:0:0:0:1 "GET /maps/world/tiles/0/x-9/z-2/8.prbm?665195 HTTP/1.1" 200 OK
[2026-03-30 00:14:51][INFO] /0:0:0:0:0:0:0:1 "GET /maps/world/tiles/0/x-9/z-2/7.prbm?665195 HTTP/1.1" 200 OK
[2026-03-30 00:14:51][INFO] /0:0:0:0:0:0:0:1 "GET /maps/world/tiles/0/x-9/z-2/6.prbm?665195 HTTP/1.1" 200 OK
[2026-03-30 00:14:51][INFO] /0:0:0:0:0:0:0:1 "GET /maps/world/tiles/0/x-9/z-2/5.prbm?665195 HTTP/1.1" 200 OK
[2026-03-30 00:14:51][INFO] /0:0:0:0:0:0:0:1 "GET /maps/world/tiles/0/x-9/z-2/4.prbm?665195 HTTP/1.1" 200 OK
[2026-03-30 00:14:51][INFO] /0:0:0:0:0:0:0:1 "GET /maps/world/tiles/0/x-9/z-2/3.prbm?665195 HTTP/1.1" 200 OK
[2026-03-30 00:14:51][INFO] /0:0:0:0:0:0:0:1 "GET /maps/world/tiles/0/x-9/z-2/2.prbm?665195 HTTP/1.1" 200 OK
[2026-03-30 00:14:51][INFO] /0:0:0:0:0:0:0:1 "GET /maps/world/tiles/0/x-9/z-2/1.prbm?665195 HTTP/1.1" 200 OK
[2026-03-30 00:14:51][INFO] /0:0:0:0:0:0:0:1 "GET /maps/world/tiles/0/x-1/0/z-2/1.prbm?665195 HTTP/1.1" 200 OK
[2026-03-30 00:14:51][INFO] /0:0:0:0:0:0:0:1 "GET /maps/world/tiles/0/x-1/1/z-2/1.prbm?665195 HTTP/1.1" 200 OK
[2026-03-30 00:14:51][INFO] /0:0:0:0:0:0:0:1 "GET /maps/world/tiles/0/x-1/2/z-2/1.prbm?665195 HTTP/1.1" 200 OK
[2026-03-30 00:14:51][INFO] /0:0:0:0:0:0:0:1 "GET /maps/world/tiles/0/x-1/3/z-2/1.prbm?665195 HTTP/1.1" 200 OK
[2026-03-30 00:14:51][INFO] /0:0:0:0:0:0:0:1 "GET /maps/world/tiles/0/x-1/4/z-2/1.prbm?665195 HTTP/1.1" 200 OK
[2026-03-30 00:14:51][INFO] /0:0:0:0:0:0:0:1 "GET /maps/world/tiles/0/x-1/5/z-2/1.prbm?665195 HTTP/1.1" 200 OK
[2026-03-30 00:14:51][INFO] /0:0:0:0:0:0:0:1 "GET /maps/world/tiles/0/x-1/6/z-2/1.prbm?665195 HTTP/1.1" 200 OK
[2026-03-30 00:14:51][INFO] /0:0:0:0:0:0:0:1 "GET /maps/world/tiles/0/x-1/7/z-2/1.prbm?665195 HTTP/1.1" 200 OK
[2026-03-30 00:14:51][INFO] /0:0:0:0:0:0:0:1 "GET /maps/world/tiles/0/x-1/8/z-2/1.prbm?665195 HTTP/1.1" 200 OK
[2026-03-30 00:14:51][INFO] /0:0:0:0:0:0:0:1 "GET /maps/world/live/players.json?939788 HTTP/1.1" 200 OK
[2026-03-30 00:14:51][INFO] /0:0:0:0:0:0:0:1 "GET /maps/world/tiles/0/x-1/9/z-2/1.prbm?665195 HTTP/1.1" 200 OK
[2026-03-30 00:14:51][INFO] /0:0:0:0:0:0:0:1 "GET /maps/world/tiles/0/x-1/9/z-2/2.prbm?665195 HTTP/1.1" 200 OK
[2026-03-30 00:14:51][INFO] /0:0:0:0:0:0:0:1 "GET /maps/world/tiles/0/x-1/9/z-2/3.prbm?665195 HTTP/1.1" 200 OK
[2026-03-30 00:14:51][INFO] /0:0:0:0:0:0:0:1 "GET /maps/world/tiles/0/x-1/9/z-2/4.prbm?665195 HTTP/1.1" 200 OK
[2026-03-30 00:14:51][INFO] /0:0:0:0:0:0:0:1 "GET /maps/world/tiles/0/x-9/z-3/1.prbm?665195 HTTP/1.1" 200 OK
[2026-03-30 00:14:51][INFO] /0:0:0:0:0:0:0:1 "GET /maps/world/tiles/0/x-8/z-3/1.prbm?665195 HTTP/1.1" 200 OK
[2026-03-30 00:14:51][INFO] /0:0:0:0:0:0:0:1 "GET /maps/world/tiles/0/x-8/z-3/0.prbm?665195 HTTP/1.1" 200 OK
[2026-03-30 00:14:51][INFO] /0:0:0:0:0:0:0:1 "GET /maps/world/tiles/0/x-8/z-2/9.prbm?665195 HTTP/1.1" 200 OK
[2026-03-30 00:14:51][INFO] /0:0:0:0:0:0:0:1 "GET /maps/world/tiles/0/x-8/z-2/8.prbm?665195 HTTP/1.1" 200 OK
[2026-03-30 00:14:51][INFO] /0:0:0:0:0:0:0:1 "GET /maps/world/tiles/0/x-8/z-2/7.prbm?665195 HTTP/1.1" 200 OK
[2026-03-30 00:14:51][INFO] /0:0:0:0:0:0:0:1 "GET /maps/world/tiles/0/x-8/z-2/6.prbm?665195 HTTP/1.1" 200 OK
[2026-03-30 00:14:51][INFO] /0:0:0:0:0:0:0:1 "GET /maps/world/tiles/0/x-8/z-2/5.prbm?665195 HTTP/1.1" 200 OK
[2026-03-30 00:14:51][INFO] /0:0:0:0:0:0:0:1 "GET /maps/world/tiles/0/x-8/z-2/4.prbm?665195 HTTP/1.1" 200 OK
[2026-03-30 00:14:51][INFO] /0:0:0:0:0:0:0:1 "GET /maps/world/tiles/0/x-8/z-2/3.prbm?665195 HTTP/1.1" 200 OK
[2026-03-30 00:14:51][INFO] /0:0:0:0:0:0:0:1 "GET /maps/world/tiles/0/x-8/z-2/2.prbm?665195 HTTP/1.1" 200 OK
[2026-03-30 00:14:51][INFO] /0:0:0:0:0:0:0:1 "GET /maps/world/tiles/0/x-8/z-2/1.prbm?665195 HTTP/1.1" 200 OK
[2026-03-30 00:14:51][INFO] /0:0:0:0:0:0:0:1 "GET /maps/world/tiles/0/x-8/z-2/0.prbm?665195 HTTP/1.1" 200 OK
[2026-03-30 00:14:51][INFO] /0:0:0:0:0:0:0:1 "GET /maps/world/tiles/0/x-9/z-2/0.prbm?665195 HTTP/1.1" 200 OK
[2026-03-30 00:14:51][INFO] /0:0:0:0:0:0:0:1 "GET /maps/world/tiles/0/x-1/0/z-2/0.prbm?665195 HTTP/1.1" 200 OK
[2026-03-30 00:14:51][INFO] /0:0:0:0:0:0:0:1 "GET /maps/world/tiles/0/x-1/1/z-2/0.prbm?665195 HTTP/1.1" 200 OK
[2026-03-30 00:14:51][INFO] /0:0:0:0:0:0:0:1 "GET /maps/world/tiles/0/x-1/2/z-2/0.prbm?665195 HTTP/1.1" 200 OK
[2026-03-30 00:14:51][INFO] /0:0:0:0:0:0:0:1 "GET /maps/world/tiles/0/x-1/3/z-2/0.prbm?665195 HTTP/1.1" 200 OK
[2026-03-30 00:14:51][INFO] /0:0:0:0:0:0:0:1 "GET /maps/world/tiles/0/x-1/4/z-2/0.prbm?665195 HTTP/1.1" 200 OK
[2026-03-30 00:14:52][INFO] /0:0:0:0:0:0:0:1 "GET /maps/world/tiles/0/x-1/5/z-2/0.prbm?665195 HTTP/1.1" 200 OK
[2026-03-30 00:14:52][INFO] /0:0:0:0:0:0:0:1 "GET /maps/world/tiles/0/x-1/6/z-2/0.prbm?665195 HTTP/1.1" 200 OK
[2026-03-30 00:14:52][INFO] /0:0:0:0:0:0:0:1 "GET /maps/world/tiles/0/x-1/7/z-2/0.prbm?665195 HTTP/1.1" 200 OK
[2026-03-30 00:14:52][INFO] /0:0:0:0:0:0:0:1 "GET /maps/world/tiles/0/x-1/8/z-2/0.prbm?665195 HTTP/1.1" 200 OK
[2026-03-30 00:14:52][INFO] /0:0:0:0:0:0:0:1 "GET /maps/world/tiles/0/x-1/9/z-2/0.prbm?665195 HTTP/1.1" 200 OK
[2026-03-30 00:14:52][INFO] /0:0:0:0:0:0:0:1 "GET /maps/world/tiles/0/x-2/0/z-2/0.prbm?665195 HTTP/1.1" 200 OK
[2026-03-30 00:14:52][INFO] /0:0:0:0:0:0:0:1 "GET /maps/world/tiles/0/x-2/0/z-2/1.prbm?665195 HTTP/1.1" 200 OK
[2026-03-30 00:14:52][INFO] /0:0:0:0:0:0:0:1 "GET /maps/world/tiles/0/x-2/0/z-2/2.prbm?665195 HTTP/1.1" 200 OK
[2026-03-30 00:14:52][INFO] /0:0:0:0:0:0:0:1 "GET /maps/world/tiles/0/x-2/0/z-2/3.prbm?665195 HTTP/1.1" 200 OK
[2026-03-30 00:14:52][INFO] /0:0:0:0:0:0:0:1 "GET /maps/world/tiles/0/x-2/0/z-2/4.prbm?665195 HTTP/1.1" 200 OK
[2026-03-30 00:14:52][INFO] /0:0:0:0:0:0:0:1 "GET /maps/world/tiles/0/x-9/z-3/2.prbm?665195 HTTP/1.1" 200 OK
[2026-03-30 00:14:52][INFO] /0:0:0:0:0:0:0:1 "GET /maps/world/tiles/0/x-8/z-3/2.prbm?665195 HTTP/1.1" 200 OK
[2026-03-30 00:14:52][INFO] /0:0:0:0:0:0:0:1 "GET /maps/world/tiles/0/x-7/z-3/2.prbm?665195 HTTP/1.1" 200 OK
[2026-03-30 00:14:52][INFO] /0:0:0:0:0:0:0:1 "GET /maps/world/tiles/0/x-7/z-3/1.prbm?665195 HTTP/1.1" 200 OK
[2026-03-30 00:14:52][INFO] /0:0:0:0:0:0:0:1 "GET /maps/world/tiles/0/x-7/z-3/0.prbm?665195 HTTP/1.1" 200 OK
[2026-03-30 00:14:52][INFO] /0:0:0:0:0:0:0:1 "GET /maps/world/tiles/0/x-7/z-2/9.prbm?665195 HTTP/1.1" 200 OK
[2026-03-30 00:14:52][INFO] /0:0:0:0:0:0:0:1 "GET /maps/world/tiles/0/x-7/z-2/8.prbm?665195 HTTP/1.1" 200 OK
[2026-03-30 00:14:52][INFO] /0:0:0:0:0:0:0:1 "GET /maps/world/tiles/0/x-7/z-2/7.prbm?665195 HTTP/1.1" 200 OK
[2026-03-30 00:14:52][INFO] /0:0:0:0:0:0:0:1 "GET /maps/world/tiles/0/x-7/z-2/6.prbm?665195 HTTP/1.1" 200 OK
[2026-03-30 00:14:52][INFO] /0:0:0:0:0:0:0:1 "GET /maps/world/tiles/0/x-7/z-2/5.prbm?665195 HTTP/1.1" 200 OK
[2026-03-30 00:14:52][INFO] /0:0:0:0:0:0:0:1 "GET /maps/world/tiles/0/x-7/z-2/4.prbm?665195 HTTP/1.1" 200 OK
[2026-03-30 00:14:52][INFO] /0:0:0:0:0:0:0:1 "GET /maps/world/tiles/0/x-7/z-2/3.prbm?665195 HTTP/1.1" 200 OK
[2026-03-30 00:14:52][INFO] /0:0:0:0:0:0:0:1 "GET /maps/world/tiles/0/x-7/z-2/2.prbm?665195 HTTP/1.1" 200 OK
[2026-03-30 00:14:52][INFO] /0:0:0:0:0:0:0:1 "GET /maps/world/tiles/0/x-7/z-2/1.prbm?665195 HTTP/1.1" 200 OK
[2026-03-30 00:14:52][INFO] /0:0:0:0:0:0:0:1 "GET /maps/world/tiles/0/x-7/z-2/0.prbm?665195 HTTP/1.1" 200 OK
[2026-03-30 00:14:52][INFO] /0:0:0:0:0:0:0:1 "GET /maps/world/tiles/0/x-7/z-1/9.prbm?665195 HTTP/1.1" 200 OK
[2026-03-30 00:14:52][INFO] /0:0:0:0:0:0:0:1 "GET /maps/world/tiles/0/x-8/z-1/9.prbm?665195 HTTP/1.1" 200 OK
[2026-03-30 00:14:52][INFO] /0:0:0:0:0:0:0:1 "GET /maps/world/tiles/0/x-9/z-1/9.prbm?665195 HTTP/1.1" 200 OK
[2026-03-30 00:14:52][INFO] /0:0:0:0:0:0:0:1 "GET /maps/world/tiles/0/x-1/0/z-1/9.prbm?665195 HTTP/1.1" 200 OK
[2026-03-30 00:14:52][INFO] /0:0:0:0:0:0:0:1 "GET /maps/world/tiles/0/x-1/1/z-1/9.prbm?665195 HTTP/1.1" 200 OK
[2026-03-30 00:14:52][INFO] /0:0:0:0:0:0:0:1 "GET /maps/world/tiles/0/x-1/2/z-1/9.prbm?665195 HTTP/1.1" 200 OK
[2026-03-30 00:14:52][INFO] /0:0:0:0:0:0:0:1 "GET /maps/world/tiles/0/x-1/3/z-1/9.prbm?665195 HTTP/1.1" 200 OK
[2026-03-30 00:14:52][INFO] /0:0:0:0:0:0:0:1 "GET /maps/world/tiles/0/x-1/4/z-1/9.prbm?665195 HTTP/1.1" 200 OK
[2026-03-30 00:14:52][INFO] /0:0:0:0:0:0:0:1 "GET /maps/world/tiles/0/x-1/5/z-1/9.prbm?665195 HTTP/1.1" 200 OK
[2026-03-30 00:14:52][INFO] /0:0:0:0:0:0:0:1 "GET /maps/world/tiles/0/x-1/6/z-1/9.prbm?665195 HTTP/1.1" 200 OK
[2026-03-30 00:14:52][INFO] /0:0:0:0:0:0:0:1 "GET /maps/world/tiles/0/x-1/7/z-1/9.prbm?665195 HTTP/1.1" 200 OK
[2026-03-30 00:14:52][INFO] /0:0:0:0:0:0:0:1 "GET /maps/world/tiles/0/x-1/8/z-1/9.prbm?665195 HTTP/1.1" 200 OK
[2026-03-30 00:14:52][INFO] /0:0:0:0:0:0:0:1 "GET /maps/world/tiles/0/x-1/9/z-1/9.prbm?665195 HTTP/1.1" 200 OK
[2026-03-30 00:14:52][INFO] /0:0:0:0:0:0:0:1 "GET /maps/world/tiles/0/x-2/0/z-1/9.prbm?665195 HTTP/1.1" 200 OK
[2026-03-30 00:14:52][INFO] /0:0:0:0:0:0:0:1 "GET /maps/world/tiles/0/x-2/1/z-1/9.prbm?665195 HTTP/1.1" 200 OK
[2026-03-30 00:14:52][INFO] /0:0:0:0:0:0:0:1 "GET /maps/world/tiles/0/x-2/1/z-2/0.prbm?665195 HTTP/1.1" 200 OK
[2026-03-30 00:14:52][INFO] /0:0:0:0:0:0:0:1 "GET /maps/world/tiles/0/x-2/1/z-2/1.prbm?665195 HTTP/1.1" 200 OK
[2026-03-30 00:14:52][INFO] /0:0:0:0:0:0:0:1 "GET /maps/world/tiles/0/x-2/1/z-2/2.prbm?665195 HTTP/1.1" 200 OK
[2026-03-30 00:14:52][INFO] /0:0:0:0:0:0:0:1 "GET /maps/world/tiles/0/x-2/1/z-2/3.prbm?665195 HTTP/1.1" 200 OK
[2026-03-30 00:14:52][INFO] /0:0:0:0:0:0:0:1 "GET /maps/world/tiles/0/x-2/1/z-2/4.prbm?665195 HTTP/1.1" 200 OK
[2026-03-30 00:14:52][INFO] /0:0:0:0:0:0:0:1 "GET /maps/world/tiles/0/x-9/z-3/3.prbm?665195 HTTP/1.1" 200 OK
[2026-03-30 00:14:52][INFO] /0:0:0:0:0:0:0:1 "GET /maps/world/tiles/0/x-8/z-3/3.prbm?665195 HTTP/1.1" 200 OK
[2026-03-30 00:14:52][INFO] /0:0:0:0:0:0:0:1 "GET /maps/world/tiles/0/x-7/z-3/3.prbm?665195 HTTP/1.1" 200 OK
[2026-03-30 00:14:52][INFO] /0:0:0:0:0:0:0:1 "GET /maps/world/tiles/0/x-6/z-3/3.prbm?665195 HTTP/1.1" 200 OK
[2026-03-30 00:14:52][INFO] /0:0:0:0:0:0:0:1 "GET /maps/world/tiles/0/x-6/z-3/2.prbm?665195 HTTP/1.1" 200 OK
[2026-03-30 00:14:52][INFO] /0:0:0:0:0:0:0:1 "GET /maps/world/tiles/0/x-6/z-3/1.prbm?665195 HTTP/1.1" 200 OK
[2026-03-30 00:14:52][INFO] /0:0:0:0:0:0:0:1 "GET /maps/world/tiles/0/x-6/z-3/0.prbm?665195 HTTP/1.1" 200 OK
[2026-03-30 00:14:52][INFO] /0:0:0:0:0:0:0:1 "GET /maps/world/tiles/0/x-6/z-2/9.prbm?665195 HTTP/1.1" 200 OK
[2026-03-30 00:14:52][INFO] /0:0:0:0:0:0:0:1 "GET /maps/world/tiles/0/x-6/z-2/8.prbm?665195 HTTP/1.1" 200 OK
[2026-03-30 00:14:52][INFO] /0:0:0:0:0:0:0:1 "GET /maps/world/tiles/0/x-6/z-2/7.prbm?665195 HTTP/1.1" 200 OK
[2026-03-30 00:14:52][INFO] /0:0:0:0:0:0:0:1 "GET /maps/world/tiles/0/x-6/z-2/6.prbm?665195 HTTP/1.1" 200 OK
[2026-03-30 00:14:52][INFO] /0:0:0:0:0:0:0:1 "GET /maps/world/tiles/0/x-6/z-2/5.prbm?665195 HTTP/1.1" 200 OK
[2026-03-30 00:14:52][INFO] /0:0:0:0:0:0:0:1 "GET /maps/world/tiles/0/x-6/z-2/4.prbm?665195 HTTP/1.1" 200 OK
[2026-03-30 00:14:52][INFO] /0:0:0:0:0:0:0:1 "GET /maps/world/tiles/0/x-6/z-2/3.prbm?665195 HTTP/1.1" 200 OK
[2026-03-30 00:14:52][INFO] /0:0:0:0:0:0:0:1 "GET /maps/world/tiles/0/x-6/z-2/2.prbm?665195 HTTP/1.1" 200 OK
[2026-03-30 00:14:52][INFO] /0:0:0:0:0:0:0:1 "GET /maps/world/tiles/0/x-6/z-2/1.prbm?665195 HTTP/1.1" 200 OK
[2026-03-30 00:14:52][INFO] /0:0:0:0:0:0:0:1 "GET /maps/world/tiles/0/x-6/z-2/0.prbm?665195 HTTP/1.1" 200 OK
[2026-03-30 00:14:52][INFO] /0:0:0:0:0:0:0:1 "GET /maps/world/tiles/0/x-6/z-1/9.prbm?665195 HTTP/1.1" 200 OK
[2026-03-30 00:14:52][INFO] /0:0:0:0:0:0:0:1 "GET /maps/world/tiles/0/x-6/z-1/8.prbm?665195 HTTP/1.1" 200 OK
[2026-03-30 00:14:52][INFO] /0:0:0:0:0:0:0:1 "GET /maps/world/tiles/0/x-7/z-1/8.prbm?665195 HTTP/1.1" 200 OK
[2026-03-30 00:14:52][INFO] /0:0:0:0:0:0:0:1 "GET /maps/world/tiles/0/x-8/z-1/8.prbm?665195 HTTP/1.1" 200 OK
[2026-03-30 00:14:52][INFO] /0:0:0:0:0:0:0:1 "GET /maps/world/tiles/0/x-9/z-1/8.prbm?665195 HTTP/1.1" 200 OK
[2026-03-30 00:14:52][INFO] /0:0:0:0:0:0:0:1 "GET /maps/world/tiles/0/x-1/0/z-1/8.prbm?665195 HTTP/1.1" 200 OK
[2026-03-30 00:14:52][INFO] /0:0:0:0:0:0:0:1 "GET /maps/world/tiles/0/x-1/1/z-1/8.prbm?665195 HTTP/1.1" 200 OK
[2026-03-30 00:14:52][INFO] /0:0:0:0:0:0:0:1 "GET /maps/world/tiles/0/x-1/2/z-1/8.prbm?665195 HTTP/1.1" 200 OK
[2026-03-30 00:14:52][INFO] /0:0:0:0:0:0:0:1 "GET /maps/world/tiles/0/x-1/3/z-1/8.prbm?665195 HTTP/1.1" 200 OK
[2026-03-30 00:14:52][INFO] /0:0:0:0:0:0:0:1 "GET /maps/world/tiles/0/x-1/4/z-1/8.prbm?665195 HTTP/1.1" 200 OK
[2026-03-30 00:14:52][INFO] /0:0:0:0:0:0:0:1 "GET /maps/world/tiles/0/x-1/5/z-1/8.prbm?665195 HTTP/1.1" 200 OK
[2026-03-30 00:14:52][INFO] /0:0:0:0:0:0:0:1 "GET /maps/world/tiles/0/x-1/6/z-1/8.prbm?665195 HTTP/1.1" 200 OK
[2026-03-30 00:14:52][INFO] /0:0:0:0:0:0:0:1 "GET /maps/world/tiles/0/x-1/7/z-1/8.prbm?665195 HTTP/1.1" 200 OK
[2026-03-30 00:14:52][INFO] /0:0:0:0:0:0:0:1 "GET /maps/world/tiles/0/x-1/8/z-1/8.prbm?665195 HTTP/1.1" 200 OK
[2026-03-30 00:14:52][INFO] /0:0:0:0:0:0:0:1 "GET /maps/world/tiles/0/x-1/9/z-1/8.prbm?665195 HTTP/1.1" 200 OK
[2026-03-30 00:14:52][INFO] /0:0:0:0:0:0:0:1 "GET /maps/world/tiles/0/x-2/0/z-1/8.prbm?665195 HTTP/1.1" 200 OK
[2026-03-30 00:14:52][INFO] /0:0:0:0:0:0:0:1 "GET /maps/world/tiles/0/x-2/1/z-1/8.prbm?665195 HTTP/1.1" 200 OK
[2026-03-30 00:14:52][INFO] /0:0:0:0:0:0:0:1 "GET /maps/world/tiles/0/x-2/2/z-1/8.prbm?665195 HTTP/1.1" 200 OK
[2026-03-30 00:14:52][INFO] /0:0:0:0:0:0:0:1 "GET /maps/world/tiles/0/x-2/2/z-1/9.prbm?665195 HTTP/1.1" 200 OK
[2026-03-30 00:14:52][INFO] /0:0:0:0:0:0:0:1 "GET /maps/world/tiles/0/x-2/2/z-2/0.prbm?665195 HTTP/1.1" 200 OK
[2026-03-30 00:14:52][INFO] /0:0:0:0:0:0:0:1 "GET /maps/world/tiles/0/x-2/2/z-2/1.prbm?665195 HTTP/1.1" 200 OK
[2026-03-30 00:14:52][INFO] /0:0:0:0:0:0:0:1 "GET /maps/world/tiles/0/x-2/2/z-2/2.prbm?665195 HTTP/1.1" 200 OK
[2026-03-30 00:14:52][INFO] /0:0:0:0:0:0:0:1 "GET /maps/world/tiles/0/x-2/2/z-2/3.prbm?665195 HTTP/1.1" 200 OK
[2026-03-30 00:14:52][INFO] /0:0:0:0:0:0:0:1 "GET /maps/world/tiles/0/x-2/2/z-2/4.prbm?665195 HTTP/1.1" 200 OK
[2026-03-30 00:14:52][INFO] /0:0:0:0:0:0:0:1 "GET /maps/world/tiles/0/x-9/z-3/4.prbm?665195 HTTP/1.1" 200 OK
[2026-03-30 00:14:52][INFO] /0:0:0:0:0:0:0:1 "GET /maps/world/tiles/0/x-8/z-3/4.prbm?665195 HTTP/1.1" 200 OK
[2026-03-30 00:14:52][INFO] /0:0:0:0:0:0:0:1 "GET /maps/world/tiles/0/x-7/z-3/4.prbm?665195 HTTP/1.1" 200 OK
[2026-03-30 00:14:52][INFO] /0:0:0:0:0:0:0:1 "GET /maps/world/tiles/0/x-6/z-3/4.prbm?665195 HTTP/1.1" 200 OK
[2026-03-30 00:14:52][INFO] /0:0:0:0:0:0:0:1 "GET /maps/world/tiles/0/x-5/z-3/4.prbm?665195 HTTP/1.1" 200 OK
[2026-03-30 00:14:52][INFO] /0:0:0:0:0:0:0:1 "GET /maps/world/tiles/0/x-5/z-3/3.prbm?665195 HTTP/1.1" 200 OK
[2026-03-30 00:14:52][INFO] /0:0:0:0:0:0:0:1 "GET /maps/world/tiles/0/x-5/z-3/2.prbm?665195 HTTP/1.1" 200 OK
[2026-03-30 00:14:52][INFO] /0:0:0:0:0:0:0:1 "GET /maps/world/tiles/0/x-5/z-3/1.prbm?665195 HTTP/1.1" 200 OK
[2026-03-30 00:14:52][INFO] /0:0:0:0:0:0:0:1 "GET /maps/world/tiles/0/x-5/z-3/0.prbm?665195 HTTP/1.1" 200 OK
[2026-03-30 00:14:52][INFO] /0:0:0:0:0:0:0:1 "GET /maps/world/tiles/0/x-5/z-2/9.prbm?665195 HTTP/1.1" 200 OK
[2026-03-30 00:14:52][INFO] /0:0:0:0:0:0:0:1 "GET /maps/world/tiles/0/x-5/z-2/8.prbm?665195 HTTP/1.1" 200 OK
[2026-03-30 00:14:52][INFO] /0:0:0:0:0:0:0:1 "GET /maps/world/live/players.json?562344 HTTP/1.1" 200 OK
[2026-03-30 00:14:52][INFO] /0:0:0:0:0:0:0:1 "GET /maps/world/tiles/0/x-5/z-2/7.prbm?665195 HTTP/1.1" 200 OK
[2026-03-30 00:14:52][INFO] /0:0:0:0:0:0:0:1 "GET /maps/world/tiles/0/x-5/z-2/6.prbm?665195 HTTP/1.1" 200 OK
[2026-03-30 00:14:52][INFO] /0:0:0:0:0:0:0:1 "GET /maps/world/tiles/0/x-5/z-2/5.prbm?665195 HTTP/1.1" 200 OK
[2026-03-30 00:14:52][INFO] /0:0:0:0:0:0:0:1 "GET /maps/world/tiles/0/x-5/z-2/4.prbm?665195 HTTP/1.1" 200 OK
[2026-03-30 00:14:52][INFO] /0:0:0:0:0:0:0:1 "GET /maps/world/tiles/0/x-5/z-2/3.prbm?665195 HTTP/1.1" 200 OK
[2026-03-30 00:14:52][INFO] /0:0:0:0:0:0:0:1 "GET /maps/world/tiles/0/x-5/z-2/2.prbm?665195 HTTP/1.1" 200 OK
[2026-03-30 00:14:52][INFO] /0:0:0:0:0:0:0:1 "GET /maps/world/tiles/0/x-5/z-2/1.prbm?665195 HTTP/1.1" 200 OK
[2026-03-30 00:14:52][INFO] /0:0:0:0:0:0:0:1 "GET /maps/world/tiles/0/x-5/z-2/0.prbm?665195 HTTP/1.1" 200 OK
[2026-03-30 00:14:52][INFO] /0:0:0:0:0:0:0:1 "GET /maps/world/tiles/0/x-5/z-1/9.prbm?665195 HTTP/1.1" 200 OK
[2026-03-30 00:14:52][INFO] /0:0:0:0:0:0:0:1 "GET /maps/world/tiles/0/x-5/z-1/8.prbm?665195 HTTP/1.1" 200 OK
[2026-03-30 00:14:52][INFO] /0:0:0:0:0:0:0:1 "GET /maps/world/tiles/0/x-5/z-1/7.prbm?665195 HTTP/1.1" 200 OK
[2026-03-30 00:14:52][INFO] /0:0:0:0:0:0:0:1 "GET /maps/world/tiles/0/x-6/z-1/7.prbm?665195 HTTP/1.1" 200 OK
[2026-03-30 00:14:52][INFO] /0:0:0:0:0:0:0:1 "GET /maps/world/tiles/0/x-7/z-1/7.prbm?665195 HTTP/1.1" 200 OK
[2026-03-30 00:14:52][INFO] /0:0:0:0:0:0:0:1 "GET /maps/world/tiles/0/x-8/z-1/7.prbm?665195 HTTP/1.1" 200 OK
[2026-03-30 00:14:52][INFO] /0:0:0:0:0:0:0:1 "GET /maps/world/tiles/0/x-9/z-1/7.prbm?665195 HTTP/1.1" 200 OK
[2026-03-30 00:14:52][INFO] /0:0:0:0:0:0:0:1 "GET /maps/world/tiles/0/x-1/0/z-1/7.prbm?665195 HTTP/1.1" 200 OK
[2026-03-30 00:14:52][INFO] /0:0:0:0:0:0:0:1 "GET /maps/world/tiles/0/x-1/1/z-1/7.prbm?665195 HTTP/1.1" 200 OK
[2026-03-30 00:14:52][INFO] /0:0:0:0:0:0:0:1 "GET /maps/world/tiles/0/x-1/2/z-1/7.prbm?665195 HTTP/1.1" 200 OK
[2026-03-30 00:14:52][INFO] /0:0:0:0:0:0:0:1 "GET /maps/world/tiles/0/x-1/3/z-1/7.prbm?665195 HTTP/1.1" 200 OK
[2026-03-30 00:14:52][INFO] /0:0:0:0:0:0:0:1 "GET /maps/world/tiles/0/x-1/4/z-1/7.prbm?665195 HTTP/1.1" 200 OK
[2026-03-30 00:14:52][INFO] /0:0:0:0:0:0:0:1 "GET /maps/world/tiles/0/x-1/5/z-1/7.prbm?665195 HTTP/1.1" 200 OK
[2026-03-30 00:14:52][INFO] /0:0:0:0:0:0:0:1 "GET /maps/world/tiles/0/x-1/6/z-1/7.prbm?665195 HTTP/1.1" 200 OK
[2026-03-30 00:14:52][INFO] /0:0:0:0:0:0:0:1 "GET /maps/world/tiles/0/x-1/7/z-1/7.prbm?665195 HTTP/1.1" 200 OK
[2026-03-30 00:14:52][INFO] /0:0:0:0:0:0:0:1 "GET /maps/world/tiles/0/x-1/8/z-1/7.prbm?665195 HTTP/1.1" 200 OK
[2026-03-30 00:14:53][INFO] /0:0:0:0:0:0:0:1 "GET /maps/world/tiles/0/x-1/9/z-1/7.prbm?665195 HTTP/1.1" 200 OK
[2026-03-30 00:14:53][INFO] /0:0:0:0:0:0:0:1 "GET /maps/world/tiles/0/x-2/0/z-1/7.prbm?665195 HTTP/1.1" 200 OK
[2026-03-30 00:14:53][INFO] /0:0:0:0:0:0:0:1 "GET /maps/world/tiles/0/x-2/1/z-1/7.prbm?665195 HTTP/1.1" 200 OK
[2026-03-30 00:14:53][INFO] /0:0:0:0:0:0:0:1 "GET /maps/world/tiles/0/x-2/2/z-1/7.prbm?665195 HTTP/1.1" 200 OK
[2026-03-30 00:14:53][INFO] /0:0:0:0:0:0:0:1 "GET /maps/world/tiles/0/x-2/3/z-1/7.prbm?665195 HTTP/1.1" 200 OK
[2026-03-30 00:14:53][INFO] /0:0:0:0:0:0:0:1 "GET /maps/world/tiles/0/x-2/3/z-1/8.prbm?665195 HTTP/1.1" 200 OK
[2026-03-30 00:14:53][INFO] /0:0:0:0:0:0:0:1 "GET /maps/world/tiles/0/x-2/3/z-1/9.prbm?665195 HTTP/1.1" 200 OK
[2026-03-30 00:14:53][INFO] /0:0:0:0:0:0:0:1 "GET /maps/world/tiles/0/x-2/3/z-2/0.prbm?665195 HTTP/1.1" 200 OK
[2026-03-30 00:14:53][INFO] /0:0:0:0:0:0:0:1 "GET /maps/world/tiles/0/x-2/3/z-2/1.prbm?665195 HTTP/1.1" 200 OK
[2026-03-30 00:14:53][INFO] /0:0:0:0:0:0:0:1 "GET /maps/world/tiles/0/x-2/3/z-2/2.prbm?665195 HTTP/1.1" 200 OK
[2026-03-30 00:14:53][INFO] /0:0:0:0:0:0:0:1 "GET /maps/world/tiles/0/x-2/3/z-2/3.prbm?665195 HTTP/1.1" 200 OK
[2026-03-30 00:14:53][INFO] /0:0:0:0:0:0:0:1 "GET /maps/world/tiles/0/x-2/3/z-2/4.prbm?665195 HTTP/1.1" 200 OK
[2026-03-30 00:14:53][INFO] /0:0:0:0:0:0:0:1 "GET /maps/world/live/markers.json?182585 HTTP/1.1" 200 OK
[2026-03-30 00:14:53][INFO] /0:0:0:0:0:0:0:1 "GET /maps/world/live/players.json?432644 HTTP/1.1" 200 OK
[2026-03-30 00:14:54][INFO] /0:0:0:0:0:0:0:1 "GET /maps/world/live/players.json?24047 HTTP/1.1" 200 OK
[2026-03-30 00:14:55][INFO] /0:0:0:0:0:0:0:1 "GET /maps/world/live/players.json?94896 HTTP/1.1" 200 OK
[2026-03-30 00:14:56][INFO] /0:0:0:0:0:0:0:1 "GET /maps/world/live/players.json?122065 HTTP/1.1" 200 OK
[2026-03-30 00:14:57][INFO] /0:0:0:0:0:0:0:1 "GET /maps/world/tiles/0/x-4/z-2/7.prbm?665195 HTTP/1.1" 200 OK
[2026-03-30 00:14:57][INFO] /0:0:0:0:0:0:0:1 "GET /maps/world/tiles/0/x-4/z-2/6.prbm?665195 HTTP/1.1" 200 OK
[2026-03-30 00:14:57][INFO] /0:0:0:0:0:0:0:1 "GET /maps/world/tiles/0/x-4/z-2/5.prbm?665195 HTTP/1.1" 200 OK
[2026-03-30 00:14:57][INFO] /0:0:0:0:0:0:0:1 "GET /maps/world/tiles/0/x-4/z-2/4.prbm?665195 HTTP/1.1" 200 OK
[2026-03-30 00:14:57][INFO] /0:0:0:0:0:0:0:1 "GET /maps/world/tiles/0/x-4/z-2/3.prbm?665195 HTTP/1.1" 200 OK
[2026-03-30 00:14:57][INFO] /0:0:0:0:0:0:0:1 "GET /maps/world/tiles/0/x-4/z-2/2.prbm?665195 HTTP/1.1" 200 OK
[2026-03-30 00:14:57][INFO] /0:0:0:0:0:0:0:1 "GET /maps/world/tiles/0/x-4/z-2/1.prbm?665195 HTTP/1.1" 200 OK
[2026-03-30 00:14:57][INFO] /0:0:0:0:0:0:0:1 "GET /maps/world/tiles/0/x-4/z-2/0.prbm?665195 HTTP/1.1" 200 OK
[2026-03-30 00:14:57][INFO] /0:0:0:0:0:0:0:1 "GET /maps/world/tiles/0/x-4/z-1/9.prbm?665195 HTTP/1.1" 200 OK
[2026-03-30 00:14:57][INFO] /0:0:0:0:0:0:0:1 "GET /maps/world/tiles/0/x-4/z-1/8.prbm?665195 HTTP/1.1" 200 OK
[2026-03-30 00:14:57][INFO] /0:0:0:0:0:0:0:1 "GET /maps/world/tiles/0/x-4/z-1/7.prbm?665195 HTTP/1.1" 200 OK
[2026-03-30 00:14:57][INFO] /0:0:0:0:0:0:0:1 "GET /maps/world/tiles/0/x-4/z-1/6.prbm?665195 HTTP/1.1" 200 OK
[2026-03-30 00:14:57][INFO] /0:0:0:0:0:0:0:1 "GET /maps/world/tiles/0/x-5/z-1/6.prbm?665195 HTTP/1.1" 200 OK
[2026-03-30 00:14:57][INFO] /0:0:0:0:0:0:0:1 "GET /maps/world/tiles/0/x-6/z-1/6.prbm?665195 HTTP/1.1" 200 OK
[2026-03-30 00:14:57][INFO] /0:0:0:0:0:0:0:1 "GET /maps/world/tiles/0/x-7/z-1/6.prbm?665195 HTTP/1.1" 200 OK
[2026-03-30 00:14:57][INFO] /0:0:0:0:0:0:0:1 "GET /maps/world/tiles/0/x-8/z-1/6.prbm?665195 HTTP/1.1" 200 OK
[2026-03-30 00:14:57][INFO] /0:0:0:0:0:0:0:1 "GET /maps/world/tiles/0/x-9/z-1/6.prbm?665195 HTTP/1.1" 200 OK
[2026-03-30 00:14:57][INFO] /0:0:0:0:0:0:0:1 "GET /maps/world/tiles/0/x-1/0/z-1/6.prbm?665195 HTTP/1.1" 200 OK
[2026-03-30 00:14:57][INFO] /0:0:0:0:0:0:0:1 "GET /maps/world/tiles/0/x-1/1/z-1/6.prbm?665195 HTTP/1.1" 200 OK
[2026-03-30 00:14:57][INFO] /0:0:0:0:0:0:0:1 "GET /maps/world/tiles/0/x-1/2/z-1/6.prbm?665195 HTTP/1.1" 200 OK
[2026-03-30 00:14:57][INFO] /0:0:0:0:0:0:0:1 "GET /maps/world/tiles/0/x-1/3/z-1/6.prbm?665195 HTTP/1.1" 200 OK
[2026-03-30 00:14:57][INFO] /0:0:0:0:0:0:0:1 "GET /maps/world/tiles/0/x-1/4/z-1/6.prbm?665195 HTTP/1.1" 200 OK
[2026-03-30 00:14:57][INFO] /0:0:0:0:0:0:0:1 "GET /maps/world/tiles/0/x-1/5/z-1/6.prbm?665195 HTTP/1.1" 200 OK
[2026-03-30 00:14:57][INFO] /0:0:0:0:0:0:0:1 "GET /maps/world/tiles/0/x-1/6/z-1/6.prbm?665195 HTTP/1.1" 200 OK
[2026-03-30 00:14:57][INFO] /0:0:0:0:0:0:0:1 "GET /maps/world/tiles/0/x-4/z-2/8.prbm?665195 HTTP/1.1" 200 OK
[2026-03-30 00:14:57][INFO] /0:0:0:0:0:0:0:1 "GET /maps/world/tiles/0/x-3/z-2/8.prbm?665195 HTTP/1.1" 200 OK
[2026-03-30 00:14:57][INFO] /0:0:0:0:0:0:0:1 "GET /maps/world/tiles/0/x-3/z-2/7.prbm?665195 HTTP/1.1" 200 OK
[2026-03-30 00:14:57][INFO] /0:0:0:0:0:0:0:1 "GET /maps/world/tiles/0/x-3/z-2/6.prbm?665195 HTTP/1.1" 200 OK
[2026-03-30 00:14:57][INFO] /0:0:0:0:0:0:0:1 "GET /maps/world/tiles/0/x-3/z-2/5.prbm?665195 HTTP/1.1" 200 OK
[2026-03-30 00:14:57][INFO] /0:0:0:0:0:0:0:1 "GET /maps/world/tiles/0/x-3/z-2/4.prbm?665195 HTTP/1.1" 200 OK
[2026-03-30 00:14:57][INFO] /0:0:0:0:0:0:0:1 "GET /maps/world/tiles/0/x-3/z-2/3.prbm?665195 HTTP/1.1" 200 OK
[2026-03-30 00:14:57][INFO] /0:0:0:0:0:0:0:1 "GET /maps/world/tiles/0/x-3/z-2/2.prbm?665195 HTTP/1.1" 200 OK
[2026-03-30 00:14:57][INFO] /0:0:0:0:0:0:0:1 "GET /maps/world/tiles/0/x-3/z-2/1.prbm?665195 HTTP/1.1" 200 OK
[2026-03-30 00:14:57][INFO] /0:0:0:0:0:0:0:1 "GET /maps/world/tiles/0/x-3/z-2/0.prbm?665195 HTTP/1.1" 200 OK
[2026-03-30 00:14:57][INFO] /0:0:0:0:0:0:0:1 "GET /maps/world/tiles/0/x-3/z-1/9.prbm?665195 HTTP/1.1" 200 OK
[2026-03-30 00:14:57][INFO] /0:0:0:0:0:0:0:1 "GET /maps/world/tiles/0/x-3/z-1/8.prbm?665195 HTTP/1.1" 200 OK
[2026-03-30 00:14:57][INFO] /0:0:0:0:0:0:0:1 "GET /maps/world/tiles/0/x-3/z-1/7.prbm?665195 HTTP/1.1" 200 OK
[2026-03-30 00:14:57][INFO] /0:0:0:0:0:0:0:1 "GET /maps/world/tiles/0/x-3/z-1/6.prbm?665195 HTTP/1.1" 200 OK
[2026-03-30 00:14:57][INFO] /0:0:0:0:0:0:0:1 "GET /maps/world/tiles/0/x-3/z-1/5.prbm?665195 HTTP/1.1" 200 OK
[2026-03-30 00:14:57][INFO] /0:0:0:0:0:0:0:1 "GET /maps/world/tiles/0/x-4/z-1/5.prbm?665195 HTTP/1.1" 200 OK
[2026-03-30 00:14:57][INFO] /0:0:0:0:0:0:0:1 "GET /maps/world/tiles/0/x-5/z-1/5.prbm?665195 HTTP/1.1" 200 OK
[2026-03-30 00:14:57][INFO] /0:0:0:0:0:0:0:1 "GET /maps/world/tiles/0/x-6/z-1/5.prbm?665195 HTTP/1.1" 200 OK
[2026-03-30 00:14:57][INFO] /0:0:0:0:0:0:0:1 "GET /maps/world/tiles/0/x-7/z-1/5.prbm?665195 HTTP/1.1" 200 OK
[2026-03-30 00:14:57][INFO] /0:0:0:0:0:0:0:1 "GET /maps/world/tiles/0/x-8/z-1/5.prbm?665195 HTTP/1.1" 200 OK
[2026-03-30 00:14:57][INFO] /0:0:0:0:0:0:0:1 "GET /maps/world/tiles/0/x-9/z-1/5.prbm?665195 HTTP/1.1" 200 OK
[2026-03-30 00:14:57][INFO] /0:0:0:0:0:0:0:1 "GET /maps/world/live/players.json?15527 HTTP/1.1" 200 OK
[2026-03-30 00:14:57][INFO] /0:0:0:0:0:0:0:1 "GET /maps/world/tiles/0/x-1/0/z-1/5.prbm?665195 HTTP/1.1" 200 OK
[2026-03-30 00:14:57][INFO] /0:0:0:0:0:0:0:1 "GET /maps/world/tiles/0/x-1/1/z-1/5.prbm?665195 HTTP/1.1" 200 OK
[2026-03-30 00:14:57][INFO] /0:0:0:0:0:0:0:1 "GET /maps/world/tiles/0/x-1/2/z-1/5.prbm?665195 HTTP/1.1" 200 OK
[2026-03-30 00:14:57][INFO] /0:0:0:0:0:0:0:1 "GET /maps/world/tiles/0/x-1/3/z-1/5.prbm?665195 HTTP/1.1" 200 OK
[2026-03-30 00:14:57][INFO] /0:0:0:0:0:0:0:1 "GET /maps/world/tiles/0/x-1/4/z-1/5.prbm?665195 HTTP/1.1" 200 OK
[2026-03-30 00:14:57][INFO] /0:0:0:0:0:0:0:1 "GET /maps/world/tiles/0/x-1/5/z-1/5.prbm?665195 HTTP/1.1" 200 OK
[2026-03-30 00:14:57][INFO] /0:0:0:0:0:0:0:1 "GET /maps/world/tiles/0/x-1/6/z-1/5.prbm?665195 HTTP/1.1" 200 OK
[2026-03-30 00:14:57][INFO] /0:0:0:0:0:0:0:1 "GET /maps/world/tiles/0/x-1/7/z-1/5.prbm?665195 HTTP/1.1" 200 OK
[2026-03-30 00:14:57][INFO] /0:0:0:0:0:0:0:1 "GET /maps/world/tiles/0/x-1/7/z-1/6.prbm?665195 HTTP/1.1" 200 OK
[2026-03-30 00:14:57][INFO] /0:0:0:0:0:0:0:1 "GET /maps/world/tiles/0/x-4/z-2/9.prbm?665195 HTTP/1.1" 200 OK
[2026-03-30 00:14:57][INFO] /0:0:0:0:0:0:0:1 "GET /maps/world/tiles/0/x-3/z-2/9.prbm?665195 HTTP/1.1" 200 OK
[2026-03-30 00:14:57][INFO] /0:0:0:0:0:0:0:1 "GET /maps/world/tiles/0/x-2/z-2/9.prbm?665195 HTTP/1.1" 200 OK
[2026-03-30 00:14:57][INFO] /0:0:0:0:0:0:0:1 "GET /maps/world/tiles/0/x-2/z-2/8.prbm?665195 HTTP/1.1" 200 OK
[2026-03-30 00:14:57][INFO] /0:0:0:0:0:0:0:1 "GET /maps/world/tiles/0/x-2/z-2/7.prbm?665195 HTTP/1.1" 200 OK
[2026-03-30 00:14:57][INFO] /0:0:0:0:0:0:0:1 "GET /maps/world/tiles/0/x-2/z-2/6.prbm?665195 HTTP/1.1" 200 OK
[2026-03-30 00:14:57][INFO] /0:0:0:0:0:0:0:1 "GET /maps/world/tiles/0/x-2/z-2/5.prbm?665195 HTTP/1.1" 200 OK
[2026-03-30 00:14:57][INFO] /0:0:0:0:0:0:0:1 "GET /maps/world/tiles/0/x-2/z-2/4.prbm?665195 HTTP/1.1" 200 OK
[2026-03-30 00:14:57][INFO] /0:0:0:0:0:0:0:1 "GET /maps/world/tiles/0/x-2/z-2/3.prbm?665195 HTTP/1.1" 200 OK
[2026-03-30 00:14:57][INFO] /0:0:0:0:0:0:0:1 "GET /maps/world/tiles/0/x-2/z-2/2.prbm?665195 HTTP/1.1" 200 OK
[2026-03-30 00:14:58][INFO] /0:0:0:0:0:0:0:1 "GET /maps/world/tiles/0/x-2/z-2/1.prbm?665195 HTTP/1.1" 200 OK
[2026-03-30 00:14:58][INFO] /0:0:0:0:0:0:0:1 "GET /maps/world/tiles/0/x-2/z-2/0.prbm?665195 HTTP/1.1" 200 OK
[2026-03-30 00:14:58][INFO] /0:0:0:0:0:0:0:1 "GET /maps/world/tiles/0/x-2/z-1/9.prbm?665195 HTTP/1.1" 200 OK
[2026-03-30 00:14:58][INFO] /0:0:0:0:0:0:0:1 "GET /maps/world/tiles/0/x-2/z-1/8.prbm?665195 HTTP/1.1" 200 OK
[2026-03-30 00:14:58][INFO] /0:0:0:0:0:0:0:1 "GET /maps/world/tiles/0/x-2/z-1/7.prbm?665195 HTTP/1.1" 200 OK
[2026-03-30 00:14:58][INFO] /0:0:0:0:0:0:0:1 "GET /maps/world/tiles/0/x-2/z-1/6.prbm?665195 HTTP/1.1" 200 OK
[2026-03-30 00:14:58][INFO] /0:0:0:0:0:0:0:1 "GET /maps/world/tiles/0/x-2/z-1/5.prbm?665195 HTTP/1.1" 200 OK
[2026-03-30 00:14:58][INFO] /0:0:0:0:0:0:0:1 "GET /maps/world/tiles/0/x-2/z-1/4.prbm?665195 HTTP/1.1" 200 OK
[2026-03-30 00:14:58][INFO] /0:0:0:0:0:0:0:1 "GET /maps/world/tiles/0/x-3/z-1/4.prbm?665195 HTTP/1.1" 200 OK
[2026-03-30 00:14:58][INFO] /0:0:0:0:0:0:0:1 "GET /maps/world/tiles/0/x-4/z-1/4.prbm?665195 HTTP/1.1" 200 OK
[2026-03-30 00:14:58][INFO] /0:0:0:0:0:0:0:1 "GET /maps/world/tiles/0/x-5/z-1/4.prbm?665195 HTTP/1.1" 200 OK
[2026-03-30 00:14:58][INFO] /0:0:0:0:0:0:0:1 "GET /maps/world/tiles/0/x-6/z-1/4.prbm?665195 HTTP/1.1" 200 OK
[2026-03-30 00:14:58][INFO] /0:0:0:0:0:0:0:1 "GET /maps/world/tiles/0/x-7/z-1/4.prbm?665195 HTTP/1.1" 200 OK
[2026-03-30 00:14:58][INFO] /0:0:0:0:0:0:0:1 "GET /maps/world/tiles/0/x-8/z-1/4.prbm?665195 HTTP/1.1" 200 OK
[2026-03-30 00:14:58][INFO] /0:0:0:0:0:0:0:1 "GET /maps/world/tiles/0/x-9/z-1/4.prbm?665195 HTTP/1.1" 200 OK
[2026-03-30 00:14:58][INFO] /0:0:0:0:0:0:0:1 "GET /maps/world/tiles/0/x-1/0/z-1/4.prbm?665195 HTTP/1.1" 200 OK
[2026-03-30 00:14:58][INFO] /0:0:0:0:0:0:0:1 "GET /maps/world/tiles/0/x-1/1/z-1/4.prbm?665195 HTTP/1.1" 200 OK
[2026-03-30 00:14:58][INFO] /0:0:0:0:0:0:0:1 "GET /maps/world/tiles/0/x-1/2/z-1/4.prbm?665195 HTTP/1.1" 200 OK
[2026-03-30 00:14:58][INFO] /0:0:0:0:0:0:0:1 "GET /maps/world/tiles/0/x-1/3/z-1/4.prbm?665195 HTTP/1.1" 200 OK
[2026-03-30 00:14:58][INFO] /0:0:0:0:0:0:0:1 "GET /maps/world/tiles/0/x-1/4/z-1/4.prbm?665195 HTTP/1.1" 200 OK
[2026-03-30 00:14:58][INFO] /0:0:0:0:0:0:0:1 "GET /maps/world/tiles/0/x-1/5/z-1/4.prbm?665195 HTTP/1.1" 200 OK
[2026-03-30 00:14:58][INFO] /0:0:0:0:0:0:0:1 "GET /maps/world/tiles/0/x-1/6/z-1/4.prbm?665195 HTTP/1.1" 200 OK
[2026-03-30 00:14:58][INFO] /0:0:0:0:0:0:0:1 "GET /maps/world/tiles/0/x-1/7/z-1/4.prbm?665195 HTTP/1.1" 200 OK
[2026-03-30 00:14:58][INFO] /0:0:0:0:0:0:0:1 "GET /maps/world/tiles/0/x-1/8/z-1/4.prbm?665195 HTTP/1.1" 200 OK
[2026-03-30 00:14:58][INFO] /0:0:0:0:0:0:0:1 "GET /maps/world/tiles/0/x-1/8/z-1/5.prbm?665195 HTTP/1.1" 200 OK
[2026-03-30 00:14:58][INFO] /0:0:0:0:0:0:0:1 "GET /maps/world/tiles/0/x-1/8/z-1/6.prbm?665195 HTTP/1.1" 200 OK
[2026-03-30 00:14:58][INFO] /0:0:0:0:0:0:0:1 "GET /maps/world/tiles/0/x-4/z-3/0.prbm?665195 HTTP/1.1" 200 OK
[2026-03-30 00:14:58][INFO] /0:0:0:0:0:0:0:1 "GET /maps/world/tiles/0/x-3/z-3/0.prbm?665195 HTTP/1.1" 200 OK
[2026-03-30 00:14:58][INFO] /0:0:0:0:0:0:0:1 "GET /maps/world/tiles/0/x-2/z-3/0.prbm?665195 HTTP/1.1" 200 OK
[2026-03-30 00:14:58][INFO] /0:0:0:0:0:0:0:1 "GET /maps/world/tiles/0/x-1/z-3/0.prbm?665195 HTTP/1.1" 200 OK
[2026-03-30 00:14:58][INFO] /0:0:0:0:0:0:0:1 "GET /maps/world/tiles/0/x-1/z-2/9.prbm?665195 HTTP/1.1" 200 OK
[2026-03-30 00:14:58][INFO] /0:0:0:0:0:0:0:1 "GET /maps/world/tiles/0/x-1/z-2/8.prbm?665195 HTTP/1.1" 200 OK
[2026-03-30 00:14:58][INFO] /0:0:0:0:0:0:0:1 "GET /maps/world/tiles/0/x-1/z-2/7.prbm?665195 HTTP/1.1" 200 OK
[2026-03-30 00:14:58][INFO] /0:0:0:0:0:0:0:1 "GET /maps/world/tiles/0/x-1/z-2/6.prbm?665195 HTTP/1.1" 200 OK
[2026-03-30 00:14:58][INFO] /0:0:0:0:0:0:0:1 "GET /maps/world/tiles/0/x-1/z-2/5.prbm?665195 HTTP/1.1" 200 OK
[2026-03-30 00:14:58][INFO] /0:0:0:0:0:0:0:1 "GET /maps/world/tiles/0/x-1/z-2/4.prbm?665195 HTTP/1.1" 200 OK
[2026-03-30 00:14:58][INFO] /0:0:0:0:0:0:0:1 "GET /maps/world/tiles/0/x-1/z-2/3.prbm?665195 HTTP/1.1" 200 OK
[2026-03-30 00:14:58][INFO] /0:0:0:0:0:0:0:1 "GET /maps/world/tiles/0/x-1/z-2/2.prbm?665195 HTTP/1.1" 200 OK
[2026-03-30 00:14:58][INFO] /0:0:0:0:0:0:0:1 "GET /maps/world/tiles/0/x-1/z-2/1.prbm?665195 HTTP/1.1" 200 OK
[2026-03-30 00:14:58][INFO] /0:0:0:0:0:0:0:1 "GET /maps/world/tiles/0/x-1/z-2/0.prbm?665195 HTTP/1.1" 200 OK
[2026-03-30 00:14:58][INFO] /0:0:0:0:0:0:0:1 "GET /maps/world/tiles/0/x-1/z-1/9.prbm?665195 HTTP/1.1" 200 OK
[2026-03-30 00:14:58][INFO] /0:0:0:0:0:0:0:1 "GET /maps/world/tiles/0/x-1/z-1/8.prbm?665195 HTTP/1.1" 200 OK
[2026-03-30 00:14:58][INFO] /0:0:0:0:0:0:0:1 "GET /maps/world/tiles/0/x-1/z-1/7.prbm?665195 HTTP/1.1" 200 OK
[2026-03-30 00:14:58][INFO] /0:0:0:0:0:0:0:1 "GET /maps/world/tiles/0/x-1/z-1/6.prbm?665195 HTTP/1.1" 200 OK
[2026-03-30 00:14:58][INFO] /0:0:0:0:0:0:0:1 "GET /maps/world/tiles/0/x-1/z-1/5.prbm?665195 HTTP/1.1" 200 OK
[2026-03-30 00:14:58][INFO] /0:0:0:0:0:0:0:1 "GET /maps/world/tiles/0/x-1/z-1/4.prbm?665195 HTTP/1.1" 200 OK
[2026-03-30 00:14:58][INFO] /0:0:0:0:0:0:0:1 "GET /maps/world/tiles/0/x-1/z-1/3.prbm?665195 HTTP/1.1" 200 OK
[2026-03-30 00:14:58][INFO] /0:0:0:0:0:0:0:1 "GET /maps/world/tiles/0/x-2/z-1/3.prbm?665195 HTTP/1.1" 200 OK
[2026-03-30 00:14:58][INFO] /0:0:0:0:0:0:0:1 "GET /maps/world/tiles/0/x-3/z-1/3.prbm?665195 HTTP/1.1" 200 OK
[2026-03-30 00:14:58][INFO] /0:0:0:0:0:0:0:1 "GET /maps/world/tiles/0/x-4/z-1/3.prbm?665195 HTTP/1.1" 200 OK
[2026-03-30 00:14:58][INFO] /0:0:0:0:0:0:0:1 "GET /maps/world/tiles/0/x-5/z-1/3.prbm?665195 HTTP/1.1" 200 OK
[2026-03-30 00:14:58][INFO] /0:0:0:0:0:0:0:1 "GET /maps/world/tiles/0/x-6/z-1/3.prbm?665195 HTTP/1.1" 200 OK
[2026-03-30 00:14:58][INFO] /0:0:0:0:0:0:0:1 "GET /maps/world/tiles/0/x-7/z-1/3.prbm?665195 HTTP/1.1" 200 OK
[2026-03-30 00:14:58][INFO] /0:0:0:0:0:0:0:1 "GET /maps/world/tiles/0/x-8/z-1/3.prbm?665195 HTTP/1.1" 200 OK
[2026-03-30 00:14:58][INFO] /0:0:0:0:0:0:0:1 "GET /maps/world/tiles/0/x-9/z-1/3.prbm?665195 HTTP/1.1" 200 OK
[2026-03-30 00:14:58][INFO] /0:0:0:0:0:0:0:1 "GET /maps/world/tiles/0/x-1/0/z-1/3.prbm?665195 HTTP/1.1" 200 OK
[2026-03-30 00:14:58][INFO] /0:0:0:0:0:0:0:1 "GET /maps/world/tiles/0/x-1/1/z-1/3.prbm?665195 HTTP/1.1" 200 OK
[2026-03-30 00:14:58][INFO] /0:0:0:0:0:0:0:1 "GET /maps/world/tiles/0/x-1/2/z-1/3.prbm?665195 HTTP/1.1" 200 OK
[2026-03-30 00:14:58][INFO] /0:0:0:0:0:0:0:1 "GET /maps/world/tiles/0/x-1/3/z-1/3.prbm?665195 HTTP/1.1" 200 OK
[2026-03-30 00:14:58][INFO] /0:0:0:0:0:0:0:1 "GET /maps/world/tiles/0/x-1/4/z-1/3.prbm?665195 HTTP/1.1" 200 OK
[2026-03-30 00:14:58][INFO] /0:0:0:0:0:0:0:1 "GET /maps/world/tiles/0/x-1/5/z-1/3.prbm?665195 HTTP/1.1" 200 OK
[2026-03-30 00:14:58][INFO] /0:0:0:0:0:0:0:1 "GET /maps/world/tiles/0/x-1/6/z-1/3.prbm?665195 HTTP/1.1" 200 OK
[2026-03-30 00:14:58][INFO] /0:0:0:0:0:0:0:1 "GET /maps/world/tiles/0/x-1/7/z-1/3.prbm?665195 HTTP/1.1" 200 OK
[2026-03-30 00:14:58][INFO] /0:0:0:0:0:0:0:1 "GET /maps/world/tiles/0/x-1/8/z-1/3.prbm?665195 HTTP/1.1" 200 OK
[2026-03-30 00:14:58][INFO] /0:0:0:0:0:0:0:1 "GET /maps/world/tiles/0/x-1/9/z-1/3.prbm?665195 HTTP/1.1" 200 OK
[2026-03-30 00:14:58][INFO] /0:0:0:0:0:0:0:1 "GET /maps/world/tiles/0/x-1/9/z-1/4.prbm?665195 HTTP/1.1" 200 OK
[2026-03-30 00:14:58][INFO] /0:0:0:0:0:0:0:1 "GET /maps/world/tiles/0/x-1/9/z-1/5.prbm?665195 HTTP/1.1" 200 OK
[2026-03-30 00:14:58][INFO] /0:0:0:0:0:0:0:1 "GET /maps/world/tiles/0/x-1/9/z-1/6.prbm?665195 HTTP/1.1" 200 OK
[2026-03-30 00:14:58][INFO] /0:0:0:0:0:0:0:1 "GET /maps/world/live/players.json?295913 HTTP/1.1" 200 OK
[2026-03-30 00:14:59][INFO] /0:0:0:0:0:0:0:1 "GET /maps/world/live/players.json?362752 HTTP/1.1" 200 OK
[2026-03-30 00:15:00][INFO] /0:0:0:0:0:0:0:1 "GET /maps/world/tiles/0/x0/z-2/7.prbm?665195 HTTP/1.1" 200 OK
[2026-03-30 00:15:00][INFO] /0:0:0:0:0:0:0:1 "GET /maps/world/tiles/0/x0/z-2/6.prbm?665195 HTTP/1.1" 200 OK
[2026-03-30 00:15:00][INFO] /0:0:0:0:0:0:0:1 "GET /maps/world/tiles/0/x0/z-2/5.prbm?665195 HTTP/1.1" 200 OK
[2026-03-30 00:15:00][INFO] /0:0:0:0:0:0:0:1 "GET /maps/world/tiles/0/x0/z-2/4.prbm?665195 HTTP/1.1" 200 OK
[2026-03-30 00:15:00][INFO] /0:0:0:0:0:0:0:1 "GET /maps/world/tiles/0/x0/z-2/3.prbm?665195 HTTP/1.1" 200 OK
[2026-03-30 00:15:00][INFO] /0:0:0:0:0:0:0:1 "GET /maps/world/tiles/0/x0/z-2/2.prbm?665195 HTTP/1.1" 200 OK
[2026-03-30 00:15:00][INFO] /0:0:0:0:0:0:0:1 "GET /maps/world/tiles/0/x0/z-2/1.prbm?665195 HTTP/1.1" 200 OK
[2026-03-30 00:15:00][INFO] /0:0:0:0:0:0:0:1 "GET /maps/world/tiles/0/x0/z-2/0.prbm?665195 HTTP/1.1" 200 OK
[2026-03-30 00:15:00][INFO] /0:0:0:0:0:0:0:1 "GET /maps/world/tiles/0/x0/z-1/9.prbm?665195 HTTP/1.1" 200 OK
[2026-03-30 00:15:00][INFO] /0:0:0:0:0:0:0:1 "GET /maps/world/tiles/0/x0/z-1/8.prbm?665195 HTTP/1.1" 200 OK
[2026-03-30 00:15:00][INFO] /0:0:0:0:0:0:0:1 "GET /maps/world/tiles/0/x0/z-2/8.prbm?665195 HTTP/1.1" 200 OK
[2026-03-30 00:15:00][INFO] /0:0:0:0:0:0:0:1 "GET /maps/world/tiles/0/x1/z-2/8.prbm?665195 HTTP/1.1" 200 OK
[2026-03-30 00:15:00][INFO] /0:0:0:0:0:0:0:1 "GET /maps/world/tiles/0/x1/z-2/7.prbm?665195 HTTP/1.1" 200 OK
[2026-03-30 00:15:00][INFO] /0:0:0:0:0:0:0:1 "GET /maps/world/tiles/0/x1/z-2/6.prbm?665195 HTTP/1.1" 200 OK
[2026-03-30 00:15:00][INFO] /0:0:0:0:0:0:0:1 "GET /maps/world/tiles/0/x1/z-2/5.prbm?665195 HTTP/1.1" 200 OK
[2026-03-30 00:15:00][INFO] /0:0:0:0:0:0:0:1 "GET /maps/world/tiles/0/x1/z-2/4.prbm?665195 HTTP/1.1" 200 OK
[2026-03-30 00:15:00][INFO] /0:0:0:0:0:0:0:1 "GET /maps/world/tiles/0/x1/z-2/3.prbm?665195 HTTP/1.1" 200 OK
[2026-03-30 00:15:00][INFO] /0:0:0:0:0:0:0:1 "GET /maps/world/tiles/0/x1/z-2/2.prbm?665195 HTTP/1.1" 200 OK
[2026-03-30 00:15:00][INFO] /0:0:0:0:0:0:0:1 "GET /maps/world/tiles/0/x1/z-2/1.prbm?665195 HTTP/1.1" 200 OK
[2026-03-30 00:15:00][INFO] /0:0:0:0:0:0:0:1 "GET /maps/world/tiles/0/x1/z-2/0.prbm?665195 HTTP/1.1" 200 OK
[2026-03-30 00:15:00][INFO] /0:0:0:0:0:0:0:1 "GET /maps/world/tiles/0/x1/z-1/9.prbm?665195 HTTP/1.1" 200 OK
[2026-03-30 00:15:00][INFO] /0:0:0:0:0:0:0:1 "GET /maps/world/tiles/0/x1/z-1/8.prbm?665195 HTTP/1.1" 200 OK
[2026-03-30 00:15:00][INFO] /0:0:0:0:0:0:0:1 "GET /maps/world/tiles/0/x1/z-1/7.prbm?665195 HTTP/1.1" 200 OK
[2026-03-30 00:15:00][INFO] /0:0:0:0:0:0:0:1 "GET /maps/world/tiles/0/x0/z-1/7.prbm?665195 HTTP/1.1" 200 OK
[2026-03-30 00:15:00][INFO] /0:0:0:0:0:0:0:1 "GET /maps/world/tiles/0/x0/z-2/9.prbm?665195 HTTP/1.1" 200 OK
[2026-03-30 00:15:00][INFO] /0:0:0:0:0:0:0:1 "GET /maps/world/tiles/0/x1/z-2/9.prbm?665195 HTTP/1.1" 200 OK
[2026-03-30 00:15:00][INFO] /0:0:0:0:0:0:0:1 "GET /maps/world/tiles/0/x2/z-2/9.prbm?665195 HTTP/1.1" 200 OK
[2026-03-30 00:15:00][INFO] /0:0:0:0:0:0:0:1 "GET /maps/world/tiles/0/x2/z-2/8.prbm?665195 HTTP/1.1" 200 OK
[2026-03-30 00:15:00][INFO] /0:0:0:0:0:0:0:1 "GET /maps/world/tiles/0/x2/z-2/7.prbm?665195 HTTP/1.1" 200 OK
[2026-03-30 00:15:00][INFO] /0:0:0:0:0:0:0:1 "GET /maps/world/tiles/0/x2/z-2/6.prbm?665195 HTTP/1.1" 200 OK
[2026-03-30 00:15:00][INFO] /0:0:0:0:0:0:0:1 "GET /maps/world/tiles/0/x2/z-2/5.prbm?665195 HTTP/1.1" 200 OK
[2026-03-30 00:15:00][INFO] /0:0:0:0:0:0:0:1 "GET /maps/world/tiles/0/x2/z-2/4.prbm?665195 HTTP/1.1" 200 OK
[2026-03-30 00:15:00][INFO] /0:0:0:0:0:0:0:1 "GET /maps/world/tiles/0/x2/z-2/3.prbm?665195 HTTP/1.1" 200 OK
[2026-03-30 00:15:00][INFO] /0:0:0:0:0:0:0:1 "GET /maps/world/tiles/0/x2/z-2/2.prbm?665195 HTTP/1.1" 200 OK
[2026-03-30 00:15:00][INFO] /0:0:0:0:0:0:0:1 "GET /maps/world/tiles/0/x2/z-2/1.prbm?665195 HTTP/1.1" 200 OK
[2026-03-30 00:15:00][INFO] /0:0:0:0:0:0:0:1 "GET /maps/world/tiles/0/x2/z-2/0.prbm?665195 HTTP/1.1" 200 OK
[2026-03-30 00:15:00][INFO] /0:0:0:0:0:0:0:1 "GET /maps/world/tiles/0/x2/z-1/9.prbm?665195 HTTP/1.1" 200 OK
[2026-03-30 00:15:00][INFO] /0:0:0:0:0:0:0:1 "GET /maps/world/tiles/0/x2/z-1/8.prbm?665195 HTTP/1.1" 200 OK
[2026-03-30 00:15:00][INFO] /0:0:0:0:0:0:0:1 "GET /maps/world/tiles/0/x2/z-1/7.prbm?665195 HTTP/1.1" 200 OK
[2026-03-30 00:15:00][INFO] /0:0:0:0:0:0:0:1 "GET /maps/world/tiles/0/x2/z-1/6.prbm?665195 HTTP/1.1" 200 OK
[2026-03-30 00:15:00][INFO] /0:0:0:0:0:0:0:1 "GET /maps/world/tiles/0/x1/z-1/6.prbm?665195 HTTP/1.1" 200 OK
[2026-03-30 00:15:00][INFO] /0:0:0:0:0:0:0:1 "GET /maps/world/tiles/0/x0/z-1/6.prbm?665195 HTTP/1.1" 200 OK
[2026-03-30 00:15:00][INFO] /0:0:0:0:0:0:0:1 "GET /maps/world/tiles/0/x0/z-3/0.prbm?665195 HTTP/1.1" 200 OK
[2026-03-30 00:15:00][INFO] /0:0:0:0:0:0:0:1 "GET /maps/world/tiles/0/x1/z-3/0.prbm?665195 HTTP/1.1" 200 OK
[2026-03-30 00:15:00][INFO] /0:0:0:0:0:0:0:1 "GET /maps/world/tiles/0/x2/z-3/0.prbm?665195 HTTP/1.1" 200 OK
[2026-03-30 00:15:00][INFO] /0:0:0:0:0:0:0:1 "GET /maps/world/tiles/0/x3/z-3/0.prbm?665195 HTTP/1.1" 200 OK
[2026-03-30 00:15:00][INFO] /0:0:0:0:0:0:0:1 "GET /maps/world/tiles/0/x3/z-2/9.prbm?665195 HTTP/1.1" 200 OK
[2026-03-30 00:15:00][INFO] /0:0:0:0:0:0:0:1 "GET /maps/world/tiles/0/x3/z-2/8.prbm?665195 HTTP/1.1" 200 OK
[2026-03-30 00:15:00][INFO] /0:0:0:0:0:0:0:1 "GET /maps/world/tiles/0/x3/z-2/7.prbm?665195 HTTP/1.1" 200 OK
[2026-03-30 00:15:00][INFO] /0:0:0:0:0:0:0:1 "GET /maps/world/tiles/0/x3/z-2/6.prbm?665195 HTTP/1.1" 200 OK
[2026-03-30 00:15:00][INFO] /0:0:0:0:0:0:0:1 "GET /maps/world/live/players.json?750977 HTTP/1.1" 200 OK
[2026-03-30 00:15:00][INFO] /0:0:0:0:0:0:0:1 "GET /maps/world/tiles/0/x3/z-2/5.prbm?665195 HTTP/1.1" 200 OK
[2026-03-30 00:15:00][INFO] /0:0:0:0:0:0:0:1 "GET /maps/world/tiles/0/x3/z-2/4.prbm?665195 HTTP/1.1" 200 OK
[2026-03-30 00:15:00][INFO] /0:0:0:0:0:0:0:1 "GET /maps/world/tiles/0/x3/z-2/3.prbm?665195 HTTP/1.1" 200 OK
[2026-03-30 00:15:00][INFO] /0:0:0:0:0:0:0:1 "GET /maps/world/tiles/0/x3/z-2/2.prbm?665195 HTTP/1.1" 200 OK
[2026-03-30 00:15:00][INFO] /0:0:0:0:0:0:0:1 "GET /maps/world/tiles/0/x3/z-2/1.prbm?665195 HTTP/1.1" 200 OK
[2026-03-30 00:15:00][INFO] /0:0:0:0:0:0:0:1 "GET /maps/world/tiles/0/x3/z-2/0.prbm?665195 HTTP/1.1" 200 OK
[2026-03-30 00:15:00][INFO] /0:0:0:0:0:0:0:1 "GET /maps/world/tiles/0/x3/z-1/9.prbm?665195 HTTP/1.1" 200 OK
[2026-03-30 00:15:00][INFO] /0:0:0:0:0:0:0:1 "GET /maps/world/tiles/0/x3/z-1/8.prbm?665195 HTTP/1.1" 200 OK
[2026-03-30 00:15:00][INFO] /0:0:0:0:0:0:0:1 "GET /maps/world/tiles/0/x3/z-1/7.prbm?665195 HTTP/1.1" 200 OK
[2026-03-30 00:15:00][INFO] /0:0:0:0:0:0:0:1 "GET /maps/world/tiles/0/x3/z-1/6.prbm?665195 HTTP/1.1" 200 OK
[2026-03-30 00:15:00][INFO] /0:0:0:0:0:0:0:1 "GET /maps/world/tiles/0/x3/z-1/5.prbm?665195 HTTP/1.1" 200 OK
[2026-03-30 00:15:01][INFO] /0:0:0:0:0:0:0:1 "GET /maps/world/tiles/0/x2/z-1/5.prbm?665195 HTTP/1.1" 200 OK
[2026-03-30 00:15:01][INFO] /0:0:0:0:0:0:0:1 "GET /maps/world/tiles/0/x1/z-1/5.prbm?665195 HTTP/1.1" 200 OK
[2026-03-30 00:15:01][INFO] /0:0:0:0:0:0:0:1 "GET /maps/world/tiles/0/x0/z-1/5.prbm?665195 HTTP/1.1" 200 OK
[2026-03-30 00:15:01][INFO] /0:0:0:0:0:0:0:1 "GET /maps/world/tiles/0/x-4/z-3/1.prbm?665195 HTTP/1.1" 200 OK
[2026-03-30 00:15:01][INFO] /0:0:0:0:0:0:0:1 "GET /maps/world/tiles/0/x-3/z-3/1.prbm?665195 HTTP/1.1" 200 OK
[2026-03-30 00:15:01][INFO] /0:0:0:0:0:0:0:1 "GET /maps/world/tiles/0/x-2/z-3/1.prbm?665195 HTTP/1.1" 200 OK
[2026-03-30 00:15:01][INFO] /0:0:0:0:0:0:0:1 "GET /maps/world/tiles/0/x-1/z-3/1.prbm?665195 HTTP/1.1" 200 OK
[2026-03-30 00:15:01][INFO] /0:0:0:0:0:0:0:1 "GET /maps/world/tiles/0/x0/z-3/1.prbm?665195 HTTP/1.1" 200 OK
[2026-03-30 00:15:01][INFO] /0:0:0:0:0:0:0:1 "GET /maps/world/tiles/0/x1/z-3/1.prbm?665195 HTTP/1.1" 200 OK
[2026-03-30 00:15:01][INFO] /0:0:0:0:0:0:0:1 "GET /maps/world/tiles/0/x2/z-3/1.prbm?665195 HTTP/1.1" 200 OK
[2026-03-30 00:15:01][INFO] /0:0:0:0:0:0:0:1 "GET /maps/world/tiles/0/x3/z-3/1.prbm?665195 HTTP/1.1" 200 OK
[2026-03-30 00:15:01][INFO] /0:0:0:0:0:0:0:1 "GET /maps/world/tiles/0/x4/z-3/1.prbm?665195 HTTP/1.1" 200 OK
[2026-03-30 00:15:01][INFO] /0:0:0:0:0:0:0:1 "GET /maps/world/tiles/0/x4/z-3/0.prbm?665195 HTTP/1.1" 200 OK
[2026-03-30 00:15:01][INFO] /0:0:0:0:0:0:0:1 "GET /maps/world/tiles/0/x4/z-2/9.prbm?665195 HTTP/1.1" 200 OK
[2026-03-30 00:15:01][INFO] /0:0:0:0:0:0:0:1 "GET /maps/world/tiles/0/x4/z-2/8.prbm?665195 HTTP/1.1" 200 OK
[2026-03-30 00:15:01][INFO] /0:0:0:0:0:0:0:1 "GET /maps/world/tiles/0/x4/z-2/7.prbm?665195 HTTP/1.1" 200 OK
[2026-03-30 00:15:01][INFO] /0:0:0:0:0:0:0:1 "GET /maps/world/tiles/0/x4/z-2/6.prbm?665195 HTTP/1.1" 200 OK
[2026-03-30 00:15:01][INFO] /0:0:0:0:0:0:0:1 "GET /maps/world/tiles/0/x4/z-2/5.prbm?665195 HTTP/1.1" 200 OK
[2026-03-30 00:15:01][INFO] /0:0:0:0:0:0:0:1 "GET /maps/world/tiles/0/x4/z-2/4.prbm?665195 HTTP/1.1" 200 OK
[2026-03-30 00:15:01][INFO] /0:0:0:0:0:0:0:1 "GET /maps/world/tiles/0/x4/z-2/3.prbm?665195 HTTP/1.1" 200 OK
[2026-03-30 00:15:01][INFO] /0:0:0:0:0:0:0:1 "GET /maps/world/tiles/0/x4/z-2/2.prbm?665195 HTTP/1.1" 200 OK
[2026-03-30 00:15:01][INFO] /0:0:0:0:0:0:0:1 "GET /maps/world/tiles/0/x4/z-2/1.prbm?665195 HTTP/1.1" 200 OK
[2026-03-30 00:15:01][INFO] /0:0:0:0:0:0:0:1 "GET /maps/world/tiles/0/x4/z-2/0.prbm?665195 HTTP/1.1" 200 OK
[2026-03-30 00:15:01][INFO] /0:0:0:0:0:0:0:1 "GET /maps/world/tiles/0/x4/z-1/9.prbm?665195 HTTP/1.1" 200 OK
[2026-03-30 00:15:01][INFO] /0:0:0:0:0:0:0:1 "GET /maps/world/tiles/0/x4/z-1/8.prbm?665195 HTTP/1.1" 200 OK
[2026-03-30 00:15:01][INFO] /0:0:0:0:0:0:0:1 "GET /maps/world/tiles/0/x4/z-1/7.prbm?665195 HTTP/1.1" 200 OK
[2026-03-30 00:15:01][INFO] /0:0:0:0:0:0:0:1 "GET /maps/world/tiles/0/x4/z-1/6.prbm?665195 HTTP/1.1" 200 OK
[2026-03-30 00:15:01][INFO] /0:0:0:0:0:0:0:1 "GET /maps/world/tiles/0/x4/z-1/5.prbm?665195 HTTP/1.1" 200 OK
[2026-03-30 00:15:01][INFO] /0:0:0:0:0:0:0:1 "GET /maps/world/tiles/0/x4/z-1/4.prbm?665195 HTTP/1.1" 200 OK
[2026-03-30 00:15:01][INFO] /0:0:0:0:0:0:0:1 "GET /maps/world/tiles/0/x3/z-1/4.prbm?665195 HTTP/1.1" 200 OK
[2026-03-30 00:15:01][INFO] /0:0:0:0:0:0:0:1 "GET /maps/world/tiles/0/x2/z-1/4.prbm?665195 HTTP/1.1" 200 OK
[2026-03-30 00:15:01][INFO] /0:0:0:0:0:0:0:1 "GET /maps/world/tiles/0/x1/z-1/4.prbm?665195 HTTP/1.1" 200 OK
[2026-03-30 00:15:01][INFO] /0:0:0:0:0:0:0:1 "GET /maps/world/tiles/0/x0/z-1/4.prbm?665195 HTTP/1.1" 200 OK
[2026-03-30 00:15:01][INFO] /0:0:0:0:0:0:0:1 "GET /maps/world/live/players.json?667053 HTTP/1.1" 200 OK
[2026-03-30 00:15:02][INFO] /0:0:0:0:0:0:0:1 "GET /maps/world/live/players.json?853681 HTTP/1.1" 200 OK
[2026-03-30 00:15:03][INFO] /0:0:0:0:0:0:0:1 "GET /maps/world/tiles/0/x-4/z-3/2.prbm?665195 HTTP/1.1" 200 OK
[2026-03-30 00:15:03][INFO] /0:0:0:0:0:0:0:1 "GET /maps/world/tiles/3/x1/z-1.png?665195 HTTP/1.1" 204 No Content
[2026-03-30 00:15:03][INFO] /0:0:0:0:0:0:0:1 "GET /maps/world/tiles/2/x1/z-1.png?665195 HTTP/1.1" 204 No Content
[2026-03-30 00:15:03][INFO] /0:0:0:0:0:0:0:1 "GET /maps/world/tiles/1/x1/z-2.png?665195 HTTP/1.1" 200 OK
[2026-03-30 00:15:03][INFO] /0:0:0:0:0:0:0:1 "GET /maps/world/tiles/3/x1/z0.png?665195 HTTP/1.1" 204 No Content
[2026-03-30 00:15:03][INFO] /0:0:0:0:0:0:0:1 "GET /maps/world/tiles/2/x1/z0.png?665195 HTTP/1.1" 204 No Content
[2026-03-30 00:15:03][INFO] /0:0:0:0:0:0:0:1 "GET /maps/world/tiles/0/x-3/z-3/2.prbm?665195 HTTP/1.1" 200 OK
[2026-03-30 00:15:03][INFO] /0:0:0:0:0:0:0:1 "GET /maps/world/tiles/0/x-2/z-3/2.prbm?665195 HTTP/1.1" 200 OK
[2026-03-30 00:15:03][INFO] /0:0:0:0:0:0:0:1 "GET /maps/world/tiles/0/x-1/z-3/2.prbm?665195 HTTP/1.1" 200 OK
[2026-03-30 00:15:03][INFO] /0:0:0:0:0:0:0:1 "GET /maps/world/tiles/0/x0/z-3/2.prbm?665195 HTTP/1.1" 200 OK
[2026-03-30 00:15:03][INFO] /0:0:0:0:0:0:0:1 "GET /maps/world/tiles/0/x1/z-3/2.prbm?665195 HTTP/1.1" 200 OK
[2026-03-30 00:15:03][INFO] /0:0:0:0:0:0:0:1 "GET /maps/world/tiles/0/x2/z-3/2.prbm?665195 HTTP/1.1" 200 OK
[2026-03-30 00:15:03][INFO] /0:0:0:0:0:0:0:1 "GET /maps/world/tiles/0/x3/z-3/2.prbm?665195 HTTP/1.1" 200 OK
[2026-03-30 00:15:03][INFO] /0:0:0:0:0:0:0:1 "GET /maps/world/tiles/0/x4/z-3/2.prbm?665195 HTTP/1.1" 200 OK
[2026-03-30 00:15:03][INFO] /0:0:0:0:0:0:0:1 "GET /maps/world/tiles/0/x5/z-3/2.prbm?665195 HTTP/1.1" 200 OK
[2026-03-30 00:15:03][INFO] /0:0:0:0:0:0:0:1 "GET /maps/world/tiles/1/x1/z-1.png?665195 HTTP/1.1" 200 OK
[2026-03-30 00:15:03][INFO] /0:0:0:0:0:0:0:1 "GET /maps/world/tiles/0/x5/z-3/1.prbm?665195 HTTP/1.1" 200 OK
[2026-03-30 00:15:03][INFO] /0:0:0:0:0:0:0:1 "GET /maps/world/tiles/0/x5/z-3/0.prbm?665195 HTTP/1.1" 200 OK
[2026-03-30 00:15:03][INFO] /0:0:0:0:0:0:0:1 "GET /maps/world/tiles/0/x5/z-2/9.prbm?665195 HTTP/1.1" 200 OK
[2026-03-30 00:15:03][INFO] /0:0:0:0:0:0:0:1 "GET /maps/world/tiles/0/x5/z-2/8.prbm?665195 HTTP/1.1" 200 OK
[2026-03-30 00:15:03][INFO] /0:0:0:0:0:0:0:1 "GET /maps/world/tiles/0/x5/z-2/7.prbm?665195 HTTP/1.1" 200 OK
[2026-03-30 00:15:03][INFO] /0:0:0:0:0:0:0:1 "GET /maps/world/tiles/0/x5/z-2/6.prbm?665195 HTTP/1.1" 200 OK
[2026-03-30 00:15:03][INFO] /0:0:0:0:0:0:0:1 "GET /maps/world/tiles/0/x5/z-2/5.prbm?665195 HTTP/1.1" 200 OK
[2026-03-30 00:15:03][INFO] /0:0:0:0:0:0:0:1 "GET /maps/world/tiles/0/x5/z-2/4.prbm?665195 HTTP/1.1" 200 OK
[2026-03-30 00:15:03][INFO] /0:0:0:0:0:0:0:1 "GET /maps/world/tiles/0/x5/z-2/3.prbm?665195 HTTP/1.1" 200 OK
[2026-03-30 00:15:03][INFO] /0:0:0:0:0:0:0:1 "GET /maps/world/tiles/0/x-4/z-3/3.prbm?665195 HTTP/1.1" 200 OK
[2026-03-30 00:15:03][INFO] /0:0:0:0:0:0:0:1 "GET /maps/world/tiles/0/x-3/z-3/3.prbm?665195 HTTP/1.1" 200 OK
[2026-03-30 00:15:03][INFO] /0:0:0:0:0:0:0:1 "GET /maps/world/tiles/0/x-2/z-3/3.prbm?665195 HTTP/1.1" 200 OK
[2026-03-30 00:15:03][INFO] /0:0:0:0:0:0:0:1 "GET /maps/world/tiles/0/x-1/z-3/3.prbm?665195 HTTP/1.1" 200 OK
[2026-03-30 00:15:03][INFO] /0:0:0:0:0:0:0:1 "GET /maps/world/tiles/0/x0/z-3/3.prbm?665195 HTTP/1.1" 200 OK
[2026-03-30 00:15:03][INFO] /0:0:0:0:0:0:0:1 "GET /maps/world/tiles/0/x1/z-3/3.prbm?665195 HTTP/1.1" 200 OK
[2026-03-30 00:15:03][INFO] /0:0:0:0:0:0:0:1 "GET /maps/world/tiles/0/x2/z-3/3.prbm?665195 HTTP/1.1" 200 OK
[2026-03-30 00:15:03][INFO] /0:0:0:0:0:0:0:1 "GET /maps/world/tiles/0/x3/z-3/3.prbm?665195 HTTP/1.1" 200 OK
[2026-03-30 00:15:03][INFO] /0:0:0:0:0:0:0:1 "GET /maps/world/tiles/0/x4/z-3/3.prbm?665195 HTTP/1.1" 200 OK
[2026-03-30 00:15:03][INFO] /0:0:0:0:0:0:0:1 "GET /maps/world/tiles/0/x5/z-3/3.prbm?665195 HTTP/1.1" 200 OK
[2026-03-30 00:15:03][INFO] /0:0:0:0:0:0:0:1 "GET /maps/world/live/markers.json?178918 HTTP/1.1" 200 OK
[2026-03-30 00:15:03][INFO] /0:0:0:0:0:0:0:1 "GET /maps/world/tiles/0/x6/z-3/3.prbm?665195 HTTP/1.1" 200 OK
[2026-03-30 00:15:03][INFO] /0:0:0:0:0:0:0:1 "GET /maps/world/tiles/0/x6/z-3/2.prbm?665195 HTTP/1.1" 200 OK
[2026-03-30 00:15:03][INFO] /0:0:0:0:0:0:0:1 "GET /maps/world/tiles/0/x6/z-3/1.prbm?665195 HTTP/1.1" 200 OK
[2026-03-30 00:15:03][INFO] /0:0:0:0:0:0:0:1 "GET /maps/world/tiles/0/x6/z-3/0.prbm?665195 HTTP/1.1" 200 OK
[2026-03-30 00:15:03][INFO] /0:0:0:0:0:0:0:1 "GET /maps/world/tiles/0/x6/z-2/9.prbm?665195 HTTP/1.1" 200 OK
[2026-03-30 00:15:03][INFO] /0:0:0:0:0:0:0:1 "GET /maps/world/tiles/0/x6/z-2/8.prbm?665195 HTTP/1.1" 200 OK
[2026-03-30 00:15:03][INFO] /0:0:0:0:0:0:0:1 "GET /maps/world/tiles/0/x6/z-2/7.prbm?665195 HTTP/1.1" 200 OK
[2026-03-30 00:15:03][INFO] /0:0:0:0:0:0:0:1 "GET /maps/world/tiles/0/x6/z-2/6.prbm?665195 HTTP/1.1" 200 OK
[2026-03-30 00:15:03][INFO] /0:0:0:0:0:0:0:1 "GET /maps/world/tiles/0/x6/z-2/5.prbm?665195 HTTP/1.1" 200 OK
[2026-03-30 00:15:03][INFO] /0:0:0:0:0:0:0:1 "GET /maps/world/tiles/0/x6/z-2/4.prbm?665195 HTTP/1.1" 200 OK
[2026-03-30 00:15:03][INFO] /0:0:0:0:0:0:0:1 "GET /maps/world/tiles/0/x6/z-2/3.prbm?665195 HTTP/1.1" 200 OK
[2026-03-30 00:15:03][INFO] /0:0:0:0:0:0:0:1 "GET /maps/world/tiles/0/x6/z-2/2.prbm?665195 HTTP/1.1" 200 OK
[2026-03-30 00:15:03][INFO] /0:0:0:0:0:0:0:1 "GET /maps/world/tiles/0/x5/z-2/2.prbm?665195 HTTP/1.1" 200 OK
[2026-03-30 00:15:03][INFO] /0:0:0:0:0:0:0:1 "GET /maps/world/tiles/0/x-4/z-3/4.prbm?665195 HTTP/1.1" 200 OK
[2026-03-30 00:15:03][INFO] /0:0:0:0:0:0:0:1 "GET /maps/world/tiles/0/x-3/z-3/4.prbm?665195 HTTP/1.1" 200 OK
[2026-03-30 00:15:03][INFO] /0:0:0:0:0:0:0:1 "GET /maps/world/tiles/0/x-2/z-3/4.prbm?665195 HTTP/1.1" 200 OK
[2026-03-30 00:15:03][INFO] /0:0:0:0:0:0:0:1 "GET /maps/world/tiles/0/x-1/z-3/4.prbm?665195 HTTP/1.1" 200 OK
[2026-03-30 00:15:03][INFO] /0:0:0:0:0:0:0:1 "GET /maps/world/tiles/0/x0/z-3/4.prbm?665195 HTTP/1.1" 200 OK
[2026-03-30 00:15:03][INFO] /0:0:0:0:0:0:0:1 "GET /maps/world/tiles/0/x1/z-3/4.prbm?665195 HTTP/1.1" 200 OK
[2026-03-30 00:15:03][INFO] /0:0:0:0:0:0:0:1 "GET /maps/world/tiles/0/x2/z-3/4.prbm?665195 HTTP/1.1" 200 OK
[2026-03-30 00:15:03][INFO] /0:0:0:0:0:0:0:1 "GET /maps/world/tiles/0/x3/z-3/4.prbm?665195 HTTP/1.1" 200 OK
[2026-03-30 00:15:03][INFO] /0:0:0:0:0:0:0:1 "GET /maps/world/tiles/0/x4/z-3/4.prbm?665195 HTTP/1.1" 200 OK
[2026-03-30 00:15:03][INFO] /0:0:0:0:0:0:0:1 "GET /maps/world/tiles/0/x5/z-3/4.prbm?665195 HTTP/1.1" 200 OK
[2026-03-30 00:15:03][INFO] /0:0:0:0:0:0:0:1 "GET /maps/world/tiles/0/x6/z-3/4.prbm?665195 HTTP/1.1" 200 OK
[2026-03-30 00:15:03][INFO] /0:0:0:0:0:0:0:1 "GET /maps/world/tiles/0/x7/z-3/4.prbm?665195 HTTP/1.1" 200 OK
[2026-03-30 00:15:03][INFO] /0:0:0:0:0:0:0:1 "GET /maps/world/tiles/0/x7/z-3/3.prbm?665195 HTTP/1.1" 200 OK
[2026-03-30 00:15:03][INFO] /0:0:0:0:0:0:0:1 "GET /maps/world/tiles/0/x7/z-3/2.prbm?665195 HTTP/1.1" 200 OK
[2026-03-30 00:15:03][INFO] /0:0:0:0:0:0:0:1 "GET /maps/world/tiles/0/x7/z-3/1.prbm?665195 HTTP/1.1" 200 OK
[2026-03-30 00:15:03][INFO] /0:0:0:0:0:0:0:1 "GET /maps/world/tiles/0/x7/z-3/0.prbm?665195 HTTP/1.1" 200 OK
[2026-03-30 00:15:03][INFO] /0:0:0:0:0:0:0:1 "GET /maps/world/tiles/0/x7/z-2/9.prbm?665195 HTTP/1.1" 200 OK
[2026-03-30 00:15:03][INFO] /0:0:0:0:0:0:0:1 "GET /maps/world/tiles/0/x7/z-2/8.prbm?665195 HTTP/1.1" 200 OK
[2026-03-30 00:15:03][INFO] /0:0:0:0:0:0:0:1 "GET /maps/world/tiles/0/x7/z-2/7.prbm?665195 HTTP/1.1" 200 OK
[2026-03-30 00:15:03][INFO] /0:0:0:0:0:0:0:1 "GET /maps/world/tiles/0/x7/z-2/6.prbm?665195 HTTP/1.1" 200 OK
[2026-03-30 00:15:03][INFO] /0:0:0:0:0:0:0:1 "GET /maps/world/tiles/0/x7/z-2/5.prbm?665195 HTTP/1.1" 200 OK
[2026-03-30 00:15:03][INFO] /0:0:0:0:0:0:0:1 "GET /maps/world/live/players.json?164429 HTTP/1.1" 200 OK
[2026-03-30 00:15:03][INFO] /0:0:0:0:0:0:0:1 "GET /maps/world/tiles/0/x7/z-2/4.prbm?665195 HTTP/1.1" 200 OK
[2026-03-30 00:15:03][INFO] /0:0:0:0:0:0:0:1 "GET /maps/world/tiles/0/x7/z-2/3.prbm?665195 HTTP/1.1" 200 OK
[2026-03-30 00:15:03][INFO] /0:0:0:0:0:0:0:1 "GET /maps/world/tiles/0/x7/z-2/2.prbm?665195 HTTP/1.1" 200 OK
[2026-03-30 00:15:03][INFO] /0:0:0:0:0:0:0:1 "GET /maps/world/tiles/0/x7/z-2/1.prbm?665195 HTTP/1.1" 200 OK
[2026-03-30 00:15:03][INFO] /0:0:0:0:0:0:0:1 "GET /maps/world/tiles/0/x6/z-2/1.prbm?665195 HTTP/1.1" 200 OK
[2026-03-30 00:15:03][INFO] /0:0:0:0:0:0:0:1 "GET /maps/world/tiles/0/x5/z-2/1.prbm?665195 HTTP/1.1" 200 OK
[2026-03-30 00:15:04][INFO] /0:0:0:0:0:0:0:1 "GET /maps/world/tiles/0/x-7/z-3/5.prbm?665195 HTTP/1.1" 200 OK
[2026-03-30 00:15:04][INFO] /0:0:0:0:0:0:0:1 "GET /maps/world/tiles/0/x-6/z-3/5.prbm?665195 HTTP/1.1" 200 OK
[2026-03-30 00:15:04][INFO] /0:0:0:0:0:0:0:1 "GET /maps/world/tiles/0/x-5/z-3/5.prbm?665195 HTTP/1.1" 200 OK
[2026-03-30 00:15:04][INFO] /0:0:0:0:0:0:0:1 "GET /maps/world/tiles/0/x-4/z-3/5.prbm?665195 HTTP/1.1" 200 OK
[2026-03-30 00:15:04][INFO] /0:0:0:0:0:0:0:1 "GET /maps/world/tiles/0/x-3/z-3/5.prbm?665195 HTTP/1.1" 200 OK
[2026-03-30 00:15:04][INFO] /0:0:0:0:0:0:0:1 "GET /maps/world/tiles/0/x-2/z-3/5.prbm?665195 HTTP/1.1" 200 OK
[2026-03-30 00:15:04][INFO] /0:0:0:0:0:0:0:1 "GET /maps/world/tiles/0/x-1/z-3/5.prbm?665195 HTTP/1.1" 200 OK
[2026-03-30 00:15:04][INFO] /0:0:0:0:0:0:0:1 "GET /maps/world/tiles/0/x0/z-3/5.prbm?665195 HTTP/1.1" 200 OK
[2026-03-30 00:15:04][INFO] /0:0:0:0:0:0:0:1 "GET /maps/world/tiles/0/x1/z-3/5.prbm?665195 HTTP/1.1" 200 OK
[2026-03-30 00:15:04][INFO] /0:0:0:0:0:0:0:1 "GET /maps/world/tiles/0/x2/z-3/5.prbm?665195 HTTP/1.1" 200 OK
[2026-03-30 00:15:04][INFO] /0:0:0:0:0:0:0:1 "GET /maps/world/tiles/0/x3/z-3/5.prbm?665195 HTTP/1.1" 200 OK
[2026-03-30 00:15:04][INFO] /0:0:0:0:0:0:0:1 "GET /maps/world/tiles/0/x4/z-3/5.prbm?665195 HTTP/1.1" 200 OK
[2026-03-30 00:15:04][INFO] /0:0:0:0:0:0:0:1 "GET /maps/world/tiles/0/x5/z-3/5.prbm?665195 HTTP/1.1" 200 OK
[2026-03-30 00:15:04][INFO] /0:0:0:0:0:0:0:1 "GET /maps/world/tiles/0/x6/z-3/5.prbm?665195 HTTP/1.1" 200 OK
[2026-03-30 00:15:04][INFO] /0:0:0:0:0:0:0:1 "GET /maps/world/tiles/0/x7/z-3/5.prbm?665195 HTTP/1.1" 200 OK
[2026-03-30 00:15:04][INFO] /0:0:0:0:0:0:0:1 "GET /maps/world/tiles/0/x8/z-3/5.prbm?665195 HTTP/1.1" 200 OK
[2026-03-30 00:15:04][INFO] /0:0:0:0:0:0:0:1 "GET /maps/world/tiles/0/x8/z-3/4.prbm?665195 HTTP/1.1" 200 OK
[2026-03-30 00:15:04][INFO] /0:0:0:0:0:0:0:1 "GET /maps/world/tiles/0/x8/z-3/3.prbm?665195 HTTP/1.1" 200 OK
[2026-03-30 00:15:04][INFO] /0:0:0:0:0:0:0:1 "GET /maps/world/tiles/0/x8/z-3/2.prbm?665195 HTTP/1.1" 200 OK
[2026-03-30 00:15:04][INFO] /0:0:0:0:0:0:0:1 "GET /maps/world/tiles/0/x8/z-3/1.prbm?665195 HTTP/1.1" 200 OK
[2026-03-30 00:15:04][INFO] /0:0:0:0:0:0:0:1 "GET /maps/world/tiles/0/x8/z-3/0.prbm?665195 HTTP/1.1" 200 OK
[2026-03-30 00:15:04][INFO] /0:0:0:0:0:0:0:1 "GET /maps/world/tiles/0/x8/z-2/9.prbm?665195 HTTP/1.1" 200 OK
[2026-03-30 00:15:04][INFO] /0:0:0:0:0:0:0:1 "GET /maps/world/tiles/0/x8/z-2/8.prbm?665195 HTTP/1.1" 200 OK
[2026-03-30 00:15:04][INFO] /0:0:0:0:0:0:0:1 "GET /maps/world/tiles/0/x8/z-2/7.prbm?665195 HTTP/1.1" 200 OK
[2026-03-30 00:15:04][INFO] /0:0:0:0:0:0:0:1 "GET /maps/world/tiles/0/x8/z-2/6.prbm?665195 HTTP/1.1" 200 OK
[2026-03-30 00:15:04][INFO] /0:0:0:0:0:0:0:1 "GET /maps/world/tiles/0/x8/z-2/5.prbm?665195 HTTP/1.1" 200 OK
[2026-03-30 00:15:04][INFO] /0:0:0:0:0:0:0:1 "GET /maps/world/tiles/0/x8/z-2/4.prbm?665195 HTTP/1.1" 200 OK
[2026-03-30 00:15:04][INFO] /0:0:0:0:0:0:0:1 "GET /maps/world/tiles/0/x8/z-2/3.prbm?665195 HTTP/1.1" 200 OK
[2026-03-30 00:15:04][INFO] /0:0:0:0:0:0:0:1 "GET /maps/world/tiles/0/x8/z-2/2.prbm?665195 HTTP/1.1" 200 OK
[2026-03-30 00:15:04][INFO] /0:0:0:0:0:0:0:1 "GET /maps/world/tiles/0/x8/z-2/1.prbm?665195 HTTP/1.1" 200 OK
[2026-03-30 00:15:04][INFO] /0:0:0:0:0:0:0:1 "GET /maps/world/tiles/0/x8/z-2/0.prbm?665195 HTTP/1.1" 200 OK
[2026-03-30 00:15:04][INFO] /0:0:0:0:0:0:0:1 "GET /maps/world/tiles/0/x7/z-2/0.prbm?665195 HTTP/1.1" 200 OK
[2026-03-30 00:15:04][INFO] /0:0:0:0:0:0:0:1 "GET /maps/world/tiles/0/x6/z-2/0.prbm?665195 HTTP/1.1" 200 OK
[2026-03-30 00:15:04][INFO] /0:0:0:0:0:0:0:1 "GET /maps/world/tiles/0/x5/z-2/0.prbm?665195 HTTP/1.1" 200 OK
[2026-03-30 00:15:04][INFO] /0:0:0:0:0:0:0:1 "GET /maps/world/tiles/0/x-8/z-3/5.prbm?665195 HTTP/1.1" 200 OK
[2026-03-30 00:15:04][INFO] /0:0:0:0:0:0:0:1 "GET /maps/world/tiles/0/x-8/z-3/6.prbm?665195 HTTP/1.1" 200 OK
[2026-03-30 00:15:04][INFO] /0:0:0:0:0:0:0:1 "GET /maps/world/tiles/0/x-7/z-3/6.prbm?665195 HTTP/1.1" 200 OK
[2026-03-30 00:15:04][INFO] /0:0:0:0:0:0:0:1 "GET /maps/world/tiles/0/x-6/z-3/6.prbm?665195 HTTP/1.1" 200 OK
[2026-03-30 00:15:04][INFO] /0:0:0:0:0:0:0:1 "GET /maps/world/tiles/0/x-5/z-3/6.prbm?665195 HTTP/1.1" 200 OK
[2026-03-30 00:15:04][INFO] /0:0:0:0:0:0:0:1 "GET /maps/world/tiles/0/x-4/z-3/6.prbm?665195 HTTP/1.1" 200 OK
[2026-03-30 00:15:04][INFO] /0:0:0:0:0:0:0:1 "GET /maps/world/tiles/0/x-3/z-3/6.prbm?665195 HTTP/1.1" 200 OK
[2026-03-30 00:15:04][INFO] /0:0:0:0:0:0:0:1 "GET /maps/world/tiles/0/x-2/z-3/6.prbm?665195 HTTP/1.1" 200 OK
[2026-03-30 00:15:04][INFO] /0:0:0:0:0:0:0:1 "GET /maps/world/tiles/0/x-1/z-3/6.prbm?665195 HTTP/1.1" 200 OK
[2026-03-30 00:15:04][INFO] /0:0:0:0:0:0:0:1 "GET /maps/world/tiles/0/x0/z-3/6.prbm?665195 HTTP/1.1" 200 OK
[2026-03-30 00:15:04][INFO] /0:0:0:0:0:0:0:1 "GET /maps/world/tiles/0/x1/z-3/6.prbm?665195 HTTP/1.1" 200 OK
[2026-03-30 00:15:04][INFO] /0:0:0:0:0:0:0:1 "GET /maps/world/tiles/0/x2/z-3/6.prbm?665195 HTTP/1.1" 200 OK
[2026-03-30 00:15:04][INFO] /0:0:0:0:0:0:0:1 "GET /maps/world/tiles/0/x3/z-3/6.prbm?665195 HTTP/1.1" 200 OK
[2026-03-30 00:15:04][INFO] /0:0:0:0:0:0:0:1 "GET /maps/world/tiles/0/x4/z-3/6.prbm?665195 HTTP/1.1" 200 OK
[2026-03-30 00:15:04][INFO] /0:0:0:0:0:0:0:1 "GET /maps/world/tiles/0/x5/z-3/6.prbm?665195 HTTP/1.1" 200 OK
[2026-03-30 00:15:04][INFO] /0:0:0:0:0:0:0:1 "GET /maps/world/tiles/0/x6/z-3/6.prbm?665195 HTTP/1.1" 200 OK
[2026-03-30 00:15:04][INFO] /0:0:0:0:0:0:0:1 "GET /maps/world/tiles/0/x7/z-3/6.prbm?665195 HTTP/1.1" 200 OK
[2026-03-30 00:15:04][INFO] /0:0:0:0:0:0:0:1 "GET /maps/world/tiles/0/x8/z-3/6.prbm?665195 HTTP/1.1" 200 OK
[2026-03-30 00:15:04][INFO] /0:0:0:0:0:0:0:1 "GET /maps/world/tiles/0/x9/z-3/6.prbm?665195 HTTP/1.1" 200 OK
[2026-03-30 00:15:04][INFO] /0:0:0:0:0:0:0:1 "GET /maps/world/tiles/0/x9/z-3/5.prbm?665195 HTTP/1.1" 200 OK
[2026-03-30 00:15:04][INFO] /0:0:0:0:0:0:0:1 "GET /maps/world/tiles/0/x9/z-3/4.prbm?665195 HTTP/1.1" 200 OK
[2026-03-30 00:15:04][INFO] /0:0:0:0:0:0:0:1 "GET /maps/world/tiles/0/x9/z-3/3.prbm?665195 HTTP/1.1" 200 OK
[2026-03-30 00:15:04][INFO] /0:0:0:0:0:0:0:1 "GET /maps/world/tiles/0/x9/z-3/2.prbm?665195 HTTP/1.1" 200 OK
[2026-03-30 00:15:04][INFO] /0:0:0:0:0:0:0:1 "GET /maps/world/tiles/0/x9/z-3/1.prbm?665195 HTTP/1.1" 200 OK
[2026-03-30 00:15:04][INFO] /0:0:0:0:0:0:0:1 "GET /maps/world/tiles/0/x9/z-3/0.prbm?665195 HTTP/1.1" 200 OK
[2026-03-30 00:15:04][INFO] /0:0:0:0:0:0:0:1 "GET /maps/world/tiles/0/x9/z-2/9.prbm?665195 HTTP/1.1" 200 OK
[2026-03-30 00:15:04][INFO] /0:0:0:0:0:0:0:1 "GET /maps/world/tiles/0/x9/z-2/8.prbm?665195 HTTP/1.1" 200 OK
[2026-03-30 00:15:04][INFO] /0:0:0:0:0:0:0:1 "GET /maps/world/tiles/0/x9/z-2/7.prbm?665195 HTTP/1.1" 200 OK
[2026-03-30 00:15:04][INFO] /0:0:0:0:0:0:0:1 "GET /maps/world/tiles/0/x9/z-2/6.prbm?665195 HTTP/1.1" 200 OK
[2026-03-30 00:15:04][INFO] /0:0:0:0:0:0:0:1 "GET /maps/world/tiles/0/x9/z-2/5.prbm?665195 HTTP/1.1" 200 OK
[2026-03-30 00:15:04][INFO] /0:0:0:0:0:0:0:1 "GET /maps/world/tiles/0/x9/z-2/4.prbm?665195 HTTP/1.1" 200 OK
[2026-03-30 00:15:04][INFO] /0:0:0:0:0:0:0:1 "GET /maps/world/tiles/0/x9/z-2/3.prbm?665195 HTTP/1.1" 200 OK
[2026-03-30 00:15:04][INFO] /0:0:0:0:0:0:0:1 "GET /maps/world/tiles/0/x9/z-2/2.prbm?665195 HTTP/1.1" 200 OK
[2026-03-30 00:15:04][INFO] /0:0:0:0:0:0:0:1 "GET /maps/world/tiles/0/x9/z-2/1.prbm?665195 HTTP/1.1" 200 OK
[2026-03-30 00:15:04][INFO] /0:0:0:0:0:0:0:1 "GET /maps/world/tiles/0/x9/z-2/0.prbm?665195 HTTP/1.1" 200 OK
[2026-03-30 00:15:04][INFO] /0:0:0:0:0:0:0:1 "GET /maps/world/tiles/0/x9/z-1/9.prbm?665195 HTTP/1.1" 200 OK
[2026-03-30 00:15:04][INFO] /0:0:0:0:0:0:0:1 "GET /maps/world/tiles/0/x8/z-1/9.prbm?665195 HTTP/1.1" 200 OK
[2026-03-30 00:15:04][INFO] /0:0:0:0:0:0:0:1 "GET /maps/world/tiles/0/x7/z-1/9.prbm?665195 HTTP/1.1" 200 OK
[2026-03-30 00:15:04][INFO] /0:0:0:0:0:0:0:1 "GET /maps/world/tiles/0/x6/z-1/9.prbm?665195 HTTP/1.1" 200 OK
[2026-03-30 00:15:04][INFO] /0:0:0:0:0:0:0:1 "GET /maps/world/tiles/0/x5/z-1/9.prbm?665195 HTTP/1.1" 200 OK
[2026-03-30 00:15:04][INFO] /0:0:0:0:0:0:0:1 "GET /maps/world/tiles/0/x-9/z-3/5.prbm?665195 HTTP/1.1" 200 OK
[2026-03-30 00:15:04][INFO] /0:0:0:0:0:0:0:1 "GET /maps/world/tiles/0/x-9/z-3/6.prbm?665195 HTTP/1.1" 200 OK
[2026-03-30 00:15:04][INFO] /0:0:0:0:0:0:0:1 "GET /maps/world/live/players.json?348902 HTTP/1.1" 200 OK
[2026-03-30 00:15:05][INFO] /0:0:0:0:0:0:0:1 "GET /maps/world/live/players.json?933074 HTTP/1.1" 200 OK
[2026-03-30 00:15:06][INFO] /0:0:0:0:0:0:0:1 "GET /maps/world/live/players.json?274958 HTTP/1.1" 200 OK
[2026-03-30 00:15:07][INFO] /0:0:0:0:0:0:0:1 "GET /maps/world/live/players.json?667636 HTTP/1.1" 200 OK
[2026-03-30 00:15:08][INFO] /0:0:0:0:0:0:0:1 "GET /maps/world/live/players.json?234994 HTTP/1.1" 200 OK
[2026-03-30 00:15:09][INFO] /0:0:0:0:0:0:0:1 "GET /maps/world/live/players.json?207870 HTTP/1.1" 200 OK
[2026-03-30 00:15:10][INFO] /0:0:0:0:0:0:0:1 "GET /maps/world/live/players.json?82781 HTTP/1.1" 200 OK
[2026-03-30 00:15:11][INFO] /0:0:0:0:0:0:0:1 "GET /maps/world/live/players.json?581218 HTTP/1.1" 200 OK
[2026-03-30 00:15:13][INFO] /0:0:0:0:0:0:0:1 "GET /maps/world/live/players.json?92735 HTTP/1.1" 200 OK
[2026-03-30 00:15:13][INFO] /0:0:0:0:0:0:0:1 "GET /maps/world/live/markers.json?428732 HTTP/1.1" 200 OK
[2026-03-30 00:15:14][INFO] /0:0:0:0:0:0:0:1 "GET /maps/world/live/players.json?646795 HTTP/1.1" 200 OK
[2026-03-30 00:15:15][INFO] /0:0:0:0:0:0:0:1 "GET /maps/world/live/players.json?173354 HTTP/1.1" 200 OK
[2026-03-30 00:15:16][INFO] /0:0:0:0:0:0:0:1 "GET /maps/world/live/players.json?18719 HTTP/1.1" 200 OK
[2026-03-30 00:15:17][INFO] /0:0:0:0:0:0:0:1 "GET /maps/world/live/players.json?254054 HTTP/1.1" 200 OK
[2026-03-30 00:15:18][INFO] /0:0:0:0:0:0:0:1 "GET /maps/world/live/players.json?657284 HTTP/1.1" 200 OK
[2026-03-30 00:15:19][INFO] /0:0:0:0:0:0:0:1 "GET /maps/world/live/players.json?578130 HTTP/1.1" 200 OK
[2026-03-30 00:15:20][INFO] /0:0:0:0:0:0:0:1 "GET /maps/world/live/players.json?167870 HTTP/1.1" 200 OK
[2026-03-30 00:15:21][INFO] /0:0:0:0:0:0:0:1 "GET /maps/world/live/players.json?798298 HTTP/1.1" 200 OK
[2026-03-30 00:15:22][INFO] /0:0:0:0:0:0:0:1 "GET /maps/world/live/players.json?642670 HTTP/1.1" 200 OK
[2026-03-30 00:15:23][INFO] /0:0:0:0:0:0:0:1 "GET /maps/world/live/players.json?32681 HTTP/1.1" 200 OK
[2026-03-30 00:15:23][INFO] /0:0:0:0:0:0:0:1 "GET /maps/world/live/markers.json?884899 HTTP/1.1" 200 OK
[2026-03-30 00:15:24][INFO] /0:0:0:0:0:0:0:1 "GET /maps/world/live/players.json?868902 HTTP/1.1" 200 OK
[2026-03-30 00:15:25][INFO] /0:0:0:0:0:0:0:1 "GET /maps/world/live/players.json?391202 HTTP/1.1" 200 OK
[2026-03-30 00:15:26][INFO] /0:0:0:0:0:0:0:1 "GET /maps/world/live/players.json?250370 HTTP/1.1" 200 OK
[2026-03-30 00:15:27][INFO] /0:0:0:0:0:0:0:1 "GET /maps/world/live/players.json?409404 HTTP/1.1" 200 OK
[2026-03-30 00:15:28][INFO] /0:0:0:0:0:0:0:1 "GET /maps/world/live/players.json?290734 HTTP/1.1" 200 OK
[2026-03-30 00:15:29][INFO] /0:0:0:0:0:0:0:1 "GET /maps/world/live/players.json?513100 HTTP/1.1" 200 OK
[2026-03-30 00:15:30][INFO] /0:0:0:0:0:0:0:1 "GET /maps/world/live/players.json?388693 HTTP/1.1" 200 OK
[2026-03-30 00:15:31][INFO] /0:0:0:0:0:0:0:1 "GET /maps/world/live/players.json?384041 HTTP/1.1" 200 OK
[2026-03-30 00:15:32][INFO] /0:0:0:0:0:0:0:1 "GET /maps/world/live/players.json?971717 HTTP/1.1" 200 OK
[2026-03-30 00:15:33][INFO] /0:0:0:0:0:0:0:1 "GET /maps/world/live/players.json?737855 HTTP/1.1" 200 OK
[2026-03-30 00:15:33][INFO] /0:0:0:0:0:0:0:1 "GET /maps/world/live/markers.json?497648 HTTP/1.1" 200 OK
[2026-03-30 00:15:34][INFO] /0:0:0:0:0:0:0:1 "GET /maps/world/live/players.json?108118 HTTP/1.1" 200 OK
[2026-03-30 00:15:35][INFO] /0:0:0:0:0:0:0:1 "GET /maps/world/live/players.json?130598 HTTP/1.1" 200 OK
[2026-03-30 00:15:36][INFO] /0:0:0:0:0:0:0:1 "GET /maps/world/live/players.json?18023 HTTP/1.1" 200 OK
[2026-03-30 00:15:37][INFO] /0:0:0:0:0:0:0:1 "GET /maps/world/live/players.json?818162 HTTP/1.1" 200 OK
[2026-03-30 00:15:38][INFO] /0:0:0:0:0:0:0:1 "GET /maps/world/live/players.json?858532 HTTP/1.1" 200 OK
[2026-03-30 00:15:39][INFO] /0:0:0:0:0:0:0:1 "GET /maps/world/live/players.json?945897 HTTP/1.1" 200 OK
[2026-03-30 00:15:40][INFO] /0:0:0:0:0:0:0:1 "GET /maps/world/live/players.json?904031 HTTP/1.1" 200 OK
[2026-03-30 00:15:41][INFO] /0:0:0:0:0:0:0:1 "GET /maps/world/live/players.json?338455 HTTP/1.1" 200 OK
[2026-03-30 00:15:42][INFO] /0:0:0:0:0:0:0:1 "GET /maps/world/live/players.json?621203 HTTP/1.1" 200 OK
[2026-03-30 00:15:43][INFO] /0:0:0:0:0:0:0:1 "GET /maps/world/live/players.json?470683 HTTP/1.1" 200 OK
[2026-03-30 00:15:43][INFO] /0:0:0:0:0:0:0:1 "GET /maps/world/live/markers.json?989467 HTTP/1.1" 200 OK
[2026-03-30 00:15:44][INFO] /0:0:0:0:0:0:0:1 "GET /maps/world/live/players.json?586457 HTTP/1.1" 200 OK
[2026-03-30 00:15:45][INFO] /0:0:0:0:0:0:0:1 "GET /maps/world/live/players.json?427440 HTTP/1.1" 200 OK
[2026-03-30 00:15:46][INFO] /0:0:0:0:0:0:0:1 "GET /maps/world/live/players.json?556304 HTTP/1.1" 200 OK
[2026-03-30 00:15:47][INFO] /0:0:0:0:0:0:0:1 "GET /maps/world/live/players.json?20799 HTTP/1.1" 200 OK
[2026-03-30 00:15:48][INFO] /0:0:0:0:0:0:0:1 "GET /maps/world/live/players.json?75267 HTTP/1.1" 200 OK
[2026-03-30 00:15:49][INFO] /0:0:0:0:0:0:0:1 "GET /maps/world/live/players.json?49689 HTTP/1.1" 200 OK
[2026-03-30 00:15:50][INFO] /0:0:0:0:0:0:0:1 "GET /maps/world/live/players.json?713015 HTTP/1.1" 200 OK
[2026-03-30 00:15:51][INFO] /0:0:0:0:0:0:0:1 "GET /maps/world/live/players.json?992487 HTTP/1.1" 200 OK
[2026-03-30 00:15:52][INFO] /0:0:0:0:0:0:0:1 "GET /maps/world/live/players.json?301560 HTTP/1.1" 200 OK
[2026-03-30 00:15:53][INFO] /0:0:0:0:0:0:0:1 "GET /maps/world/live/players.json?518158 HTTP/1.1" 200 OK
[2026-03-30 00:15:53][INFO] /0:0:0:0:0:0:0:1 "GET /maps/world/live/markers.json?986274 HTTP/1.1" 200 OK
[2026-03-30 00:15:54][INFO] /0:0:0:0:0:0:0:1 "GET /maps/world/live/players.json?522195 HTTP/1.1" 200 OK
[2026-03-30 00:15:55][INFO] /0:0:0:0:0:0:0:1 "GET /maps/world/live/players.json?52748 HTTP/1.1" 200 OK
[2026-03-30 00:15:56][INFO] /0:0:0:0:0:0:0:1 "GET /maps/world/live/players.json?779124 HTTP/1.1" 200 OK
[2026-03-30 00:15:57][INFO] /0:0:0:0:0:0:0:1 "GET /maps/world/live/players.json?762119 HTTP/1.1" 200 OK
[2026-03-30 00:15:58][INFO] /0:0:0:0:0:0:0:1 "GET /maps/world/live/players.json?661718 HTTP/1.1" 200 OK
[2026-03-30 00:15:59][INFO] /0:0:0:0:0:0:0:1 "GET /maps/world/live/players.json?563410 HTTP/1.1" 200 OK
[2026-03-30 00:16:00][INFO] /0:0:0:0:0:0:0:1 "GET /maps/world/live/players.json?513941 HTTP/1.1" 200 OK
[2026-03-30 00:16:01][INFO] /0:0:0:0:0:0:0:1 "GET /maps/world/live/players.json?543356 HTTP/1.1" 200 OK
[2026-03-30 00:16:02][INFO] /0:0:0:0:0:0:0:1 "GET /maps/world/live/players.json?938976 HTTP/1.1" 200 OK
[2026-03-30 00:16:03][INFO] /0:0:0:0:0:0:0:1 "GET /maps/world/live/players.json?839437 HTTP/1.1" 200 OK
[2026-03-30 00:16:03][INFO] /0:0:0:0:0:0:0:1 "GET /maps/world/live/markers.json?140173 HTTP/1.1" 200 OK
[2026-03-30 00:16:04][INFO] /0:0:0:0:0:0:0:1 "GET /maps/world/live/players.json?741010 HTTP/1.1" 200 OK
[2026-03-30 00:16:05][INFO] /0:0:0:0:0:0:0:1 "GET /maps/world/live/players.json?873706 HTTP/1.1" 200 OK
[2026-03-30 00:16:06][INFO] /0:0:0:0:0:0:0:1 "GET /maps/world/live/players.json?444133 HTTP/1.1" 200 OK
[2026-03-30 00:16:07][INFO] /0:0:0:0:0:0:0:1 "GET /maps/world/live/players.json?626715 HTTP/1.1" 200 OK
[2026-03-30 00:16:08][INFO] /0:0:0:0:0:0:0:1 "GET /maps/world/live/players.json?222899 HTTP/1.1" 200 OK
[2026-03-30 00:16:09][INFO] /0:0:0:0:0:0:0:1 "GET /maps/world/live/players.json?831792 HTTP/1.1" 200 OK
[2026-03-30 00:16:10][INFO] /0:0:0:0:0:0:0:1 "GET /maps/world/live/players.json?638264 HTTP/1.1" 200 OK
[2026-03-30 00:16:12][INFO] /0:0:0:0:0:0:0:1 "GET /maps/world/live/players.json?821689 HTTP/1.1" 200 OK
[2026-03-30 00:16:13][INFO] /0:0:0:0:0:0:0:1 "GET /maps/world/live/markers.json?82358 HTTP/1.1" 200 OK
[2026-03-30 00:16:13][INFO] /0:0:0:0:0:0:0:1 "GET /maps/world/live/players.json?852561 HTTP/1.1" 200 OK
[2026-03-30 00:16:14][INFO] /0:0:0:0:0:0:0:1 "GET /maps/world/live/players.json?437542 HTTP/1.1" 200 OK
[2026-03-30 00:16:15][INFO] /0:0:0:0:0:0:0:1 "GET /maps/world/live/players.json?9941 HTTP/1.1" 200 OK
[2026-03-30 00:16:16][INFO] /0:0:0:0:0:0:0:1 "GET /maps/world/live/players.json?267818 HTTP/1.1" 200 OK
[2026-03-30 00:16:17][INFO] /0:0:0:0:0:0:0:1 "GET /maps/world/live/players.json?379908 HTTP/1.1" 200 OK
[2026-03-30 00:16:18][INFO] /0:0:0:0:0:0:0:1 "GET /maps/world/live/players.json?494488 HTTP/1.1" 200 OK
[2026-03-30 00:16:19][INFO] /0:0:0:0:0:0:0:1 "GET /maps/world/live/players.json?586144 HTTP/1.1" 200 OK
[2026-03-30 00:16:20][INFO] /0:0:0:0:0:0:0:1 "GET /maps/world/live/players.json?930713 HTTP/1.1" 200 OK
[2026-03-30 00:16:21][INFO] /0:0:0:0:0:0:0:1 "GET /maps/world/live/players.json?961153 HTTP/1.1" 200 OK
[2026-03-30 00:16:22][INFO] /0:0:0:0:0:0:0:1 "GET /maps/world/live/players.json?428825 HTTP/1.1" 200 OK
[2026-03-30 00:16:23][INFO] /0:0:0:0:0:0:0:1 "GET /maps/world/live/markers.json?409281 HTTP/1.1" 200 OK
[2026-03-30 00:16:23][INFO] /0:0:0:0:0:0:0:1 "GET /maps/world/live/players.json?371942 HTTP/1.1" 200 OK
[2026-03-30 00:16:24][INFO] /0:0:0:0:0:0:0:1 "GET /maps/world/live/players.json?476592 HTTP/1.1" 200 OK
[2026-03-30 00:16:25][INFO] /0:0:0:0:0:0:0:1 "GET /maps/world/live/players.json?444860 HTTP/1.1" 200 OK
[2026-03-30 00:16:26][INFO] /0:0:0:0:0:0:0:1 "GET /maps/world/live/players.json?962467 HTTP/1.1" 200 OK
[2026-03-30 00:16:27][INFO] /0:0:0:0:0:0:0:1 "GET /maps/world/live/players.json?580675 HTTP/1.1" 200 OK
[2026-03-30 00:16:28][INFO] /0:0:0:0:0:0:0:1 "GET /maps/world/live/players.json?530033 HTTP/1.1" 200 OK
[2026-03-30 00:16:29][INFO] /0:0:0:0:0:0:0:1 "GET /maps/world/live/players.json?293962 HTTP/1.1" 200 OK
[2026-03-30 00:16:30][INFO] /0:0:0:0:0:0:0:1 "GET /maps/world/live/players.json?358828 HTTP/1.1" 200 OK
[2026-03-30 00:16:31][INFO] /0:0:0:0:0:0:0:1 "GET /maps/world/live/players.json?301197 HTTP/1.1" 200 OK
[2026-03-30 00:16:32][INFO] /0:0:0:0:0:0:0:1 "GET /maps/world/live/players.json?912149 HTTP/1.1" 200 OK
[2026-03-30 00:16:33][INFO] /0:0:0:0:0:0:0:1 "GET /maps/world/live/markers.json?628376 HTTP/1.1" 200 OK
[2026-03-30 00:16:33][INFO] /0:0:0:0:0:0:0:1 "GET /maps/world/live/players.json?7992 HTTP/1.1" 200 OK
[2026-03-30 00:16:34][INFO] /0:0:0:0:0:0:0:1 "GET /maps/world/live/players.json?947404 HTTP/1.1" 200 OK
[2026-03-30 00:16:35][INFO] /0:0:0:0:0:0:0:1 "GET /maps/world/live/players.json?12636 HTTP/1.1" 200 OK
[2026-03-30 00:16:36][INFO] /0:0:0:0:0:0:0:1 "GET /maps/world/live/players.json?978933 HTTP/1.1" 200 OK
[2026-03-30 00:16:37][INFO] /0:0:0:0:0:0:0:1 "GET /maps/world/live/players.json?622524 HTTP/1.1" 200 OK
[2026-03-30 00:16:38][INFO] /0:0:0:0:0:0:0:1 "GET /maps/world/live/players.json?255460 HTTP/1.1" 200 OK
[2026-03-30 00:16:39][INFO] /0:0:0:0:0:0:0:1 "GET /maps/world/live/players.json?95453 HTTP/1.1" 200 OK
[2026-03-30 00:16:40][INFO] /0:0:0:0:0:0:0:1 "GET /maps/world/live/players.json?546502 HTTP/1.1" 200 OK
[2026-03-30 00:16:41][INFO] /0:0:0:0:0:0:0:1 "GET /maps/world/live/players.json?968588 HTTP/1.1" 200 OK
[2026-03-30 00:16:42][INFO] /0:0:0:0:0:0:0:1 "GET /maps/world/live/players.json?969464 HTTP/1.1" 200 OK
[2026-03-30 00:16:43][INFO] /0:0:0:0:0:0:0:1 "GET /maps/world/live/markers.json?482810 HTTP/1.1" 200 OK
[2026-03-30 00:16:43][INFO] /0:0:0:0:0:0:0:1 "GET /maps/world/live/players.json?733906 HTTP/1.1" 200 OK
[2026-03-30 00:16:44][INFO] /0:0:0:0:0:0:0:1 "GET /maps/world/live/players.json?113007 HTTP/1.1" 200 OK
[2026-03-30 00:16:45][INFO] /0:0:0:0:0:0:0:1 "GET /maps/world/live/players.json?951496 HTTP/1.1" 200 OK
[2026-03-30 00:16:46][INFO] /0:0:0:0:0:0:0:1 "GET /maps/world/live/players.json?876208 HTTP/1.1" 200 OK
[2026-03-30 00:16:48][INFO] /0:0:0:0:0:0:0:1 "GET /maps/world/live/players.json?98637 HTTP/1.1" 200 OK
[2026-03-30 00:16:50][INFO] /0:0:0:0:0:0:0:1 "GET /maps/world/live/players.json?335300 HTTP/1.1" 200 OK
[2026-03-30 00:16:52][INFO] /0:0:0:0:0:0:0:1 "GET /maps/world/live/players.json?387675 HTTP/1.1" 200 OK
[2026-03-30 00:16:54][INFO] /0:0:0:0:0:0:0:1 "GET /maps/world/live/players.json?309905 HTTP/1.1" 200 OK
[2026-03-30 00:16:54][INFO] /0:0:0:0:0:0:0:1 "GET /maps/world/live/markers.json?477984 HTTP/1.1" 200 OK
[2026-03-30 00:16:56][INFO] /0:0:0:0:0:0:0:1 "GET /maps/world/live/players.json?722980 HTTP/1.1" 200 OK
[2026-03-30 00:16:58][INFO] /0:0:0:0:0:0:0:1 "GET /maps/world/live/players.json?442551 HTTP/1.1" 200 OK
[2026-03-30 00:17:00][INFO] /0:0:0:0:0:0:0:1 "GET /maps/world/live/players.json?146541 HTTP/1.1" 200 OK
[2026-03-30 00:17:02][INFO] /0:0:0:0:0:0:0:1 "GET /maps/world/live/players.json?86825 HTTP/1.1" 200 OK
[2026-03-30 00:17:04][INFO] /0:0:0:0:0:0:0:1 "GET /maps/world/live/players.json?957404 HTTP/1.1" 200 OK
[2026-03-30 00:17:04][INFO] /0:0:0:0:0:0:0:1 "GET /maps/world/live/markers.json?873643 HTTP/1.1" 200 OK
[2026-03-30 00:17:06][INFO] /0:0:0:0:0:0:0:1 "GET /maps/world/live/players.json?356921 HTTP/1.1" 200 OK
[2026-03-30 00:17:08][INFO] /0:0:0:0:0:0:0:1 "GET /maps/world/live/players.json?182146 HTTP/1.1" 200 OK
[2026-03-30 00:17:09][INFO] /0:0:0:0:0:0:0:1 "GET /maps/world/live/players.json?823617 HTTP/1.1" 200 OK
[2026-03-30 00:17:11][INFO] /0:0:0:0:0:0:0:1 "GET /maps/world/live/players.json?499661 HTTP/1.1" 200 OK
[2026-03-30 00:17:13][INFO] /0:0:0:0:0:0:0:1 "GET /maps/world/live/players.json?783618 HTTP/1.1" 200 OK
[2026-03-30 00:17:15][INFO] /0:0:0:0:0:0:0:1 "GET /maps/world/live/markers.json?953992 HTTP/1.1" 200 OK
[2026-03-30 00:17:15][INFO] /0:0:0:0:0:0:0:1 "GET /maps/world/live/players.json?571759 HTTP/1.1" 200 OK
[2026-03-30 00:17:16][INFO] /0:0:0:0:0:0:0:1 "GET /maps/world/live/players.json?813550 HTTP/1.1" 200 OK
[2026-03-30 00:17:17][INFO] /0:0:0:0:0:0:0:1 "GET /maps/world/live/players.json?376895 HTTP/1.1" 200 OK
[2026-03-30 00:17:19][INFO] /0:0:0:0:0:0:0:1 "GET /maps/world/live/players.json?379664 HTTP/1.1" 200 OK
[2026-03-30 00:17:21][INFO] /0:0:0:0:0:0:0:1 "GET /maps/world/live/players.json?620826 HTTP/1.1" 200 OK
[2026-03-30 00:17:23][INFO] /0:0:0:0:0:0:0:1 "GET /maps/world/live/players.json?844493 HTTP/1.1" 200 OK
[2026-03-30 00:17:25][INFO] /0:0:0:0:0:0:0:1 "GET /maps/world/live/players.json?600770 HTTP/1.1" 200 OK
[2026-03-30 00:17:26][INFO] /0:0:0:0:0:0:0:1 "GET /maps/world/live/markers.json?806000 HTTP/1.1" 200 OK
[2026-03-30 00:17:27][INFO] /0:0:0:0:0:0:0:1 "GET /maps/world/live/players.json?509580 HTTP/1.1" 200 OK
[2026-03-30 00:17:29][INFO] /0:0:0:0:0:0:0:1 "GET /maps/world/live/players.json?796583 HTTP/1.1" 200 OK
[2026-03-30 00:17:31][INFO] /0:0:0:0:0:0:0:1 "GET /maps/world/live/players.json?181550 HTTP/1.1" 200 OK
[2026-03-30 00:17:33][INFO] /0:0:0:0:0:0:0:1 "GET /maps/world/live/players.json?205105 HTTP/1.1" 200 OK
[2026-03-30 00:17:35][INFO] /0:0:0:0:0:0:0:1 "GET /maps/world/live/players.json?449613 HTTP/1.1" 200 OK
[2026-03-30 00:17:37][INFO] /0:0:0:0:0:0:0:1 "GET /maps/world/live/markers.json?430105 HTTP/1.1" 200 OK
[2026-03-30 00:17:37][INFO] /0:0:0:0:0:0:0:1 "GET /maps/world/live/players.json?524270 HTTP/1.1" 200 OK
[2026-03-30 00:17:39][INFO] /0:0:0:0:0:0:0:1 "GET /maps/world/live/players.json?95425 HTTP/1.1" 200 OK
[2026-03-30 00:17:41][INFO] /0:0:0:0:0:0:0:1 "GET /maps/world/live/players.json?444300 HTTP/1.1" 200 OK
[2026-03-30 00:17:43][INFO] /0:0:0:0:0:0:0:1 "GET /maps/world/live/players.json?229814 HTTP/1.1" 200 OK
[2026-03-30 00:17:45][INFO] /0:0:0:0:0:0:0:1 "GET /maps/world/live/players.json?239961 HTTP/1.1" 200 OK
[2026-03-30 00:17:47][INFO] /0:0:0:0:0:0:0:1 "GET /maps/world/live/players.json?777345 HTTP/1.1" 200 OK
[2026-03-30 00:17:48][INFO] /0:0:0:0:0:0:0:1 "GET /maps/world/live/markers.json?904472 HTTP/1.1" 200 OK
[2026-03-30 00:17:49][INFO] /0:0:0:0:0:0:0:1 "GET /maps/world/live/players.json?847560 HTTP/1.1" 200 OK
[2026-03-30 00:17:51][INFO] /0:0:0:0:0:0:0:1 "GET /maps/world/live/players.json?520188 HTTP/1.1" 200 OK
[2026-03-30 00:17:53][INFO] /0:0:0:0:0:0:0:1 "GET /maps/world/live/players.json?136233 HTTP/1.1" 200 OK
[2026-03-30 00:17:55][INFO] /0:0:0:0:0:0:0:1 "GET /maps/world/live/players.json?535808 HTTP/1.1" 200 OK
[2026-03-30 00:17:57][INFO] /0:0:0:0:0:0:0:1 "GET /maps/world/live/players.json?365003 HTTP/1.1" 200 OK
[2026-03-30 00:17:59][INFO] /0:0:0:0:0:0:0:1 "GET /maps/world/live/players.json?280243 HTTP/1.1" 200 OK
[2026-03-30 00:17:59][INFO] /0:0:0:0:0:0:0:1 "GET /maps/world/live/markers.json?418541 HTTP/1.1" 200 OK
[2026-03-30 00:18:01][INFO] /0:0:0:0:0:0:0:1 "GET /maps/world/live/players.json?304518 HTTP/1.1" 200 OK
[2026-03-30 00:18:03][INFO] /0:0:0:0:0:0:0:1 "GET /maps/world/live/players.json?334306 HTTP/1.1" 200 OK
[2026-03-30 00:18:05][INFO] /0:0:0:0:0:0:0:1 "GET /maps/world/live/players.json?585661 HTTP/1.1" 200 OK
[2026-03-30 00:18:07][INFO] /0:0:0:0:0:0:0:1 "GET /maps/world/live/players.json?181025 HTTP/1.1" 200 OK
[2026-03-30 00:18:09][INFO] /0:0:0:0:0:0:0:1 "GET /maps/world/live/players.json?789634 HTTP/1.1" 200 OK
[2026-03-30 00:18:10][INFO] /0:0:0:0:0:0:0:1 "GET /maps/world/live/markers.json?757912 HTTP/1.1" 200 OK
[2026-03-30 00:18:11][INFO] /0:0:0:0:0:0:0:1 "GET /maps/world/live/players.json?975972 HTTP/1.1" 200 OK
[2026-03-30 00:18:13][INFO] /0:0:0:0:0:0:0:1 "GET /maps/world/live/players.json?622958 HTTP/1.1" 200 OK
[2026-03-30 00:18:15][INFO] /0:0:0:0:0:0:0:1 "GET /maps/world/live/players.json?762742 HTTP/1.1" 200 OK
[2026-03-30 00:18:17][INFO] /0:0:0:0:0:0:0:1 "GET /maps/world/live/players.json?932419 HTTP/1.1" 200 OK
[2026-03-30 00:18:19][INFO] /0:0:0:0:0:0:0:1 "GET /maps/world/live/players.json?310699 HTTP/1.1" 200 OK
[2026-03-30 00:18:21][INFO] /0:0:0:0:0:0:0:1 "GET /maps/world/live/players.json?858455 HTTP/1.1" 200 OK
[2026-03-30 00:18:21][INFO] /0:0:0:0:0:0:0:1 "GET /maps/world/live/markers.json?630093 HTTP/1.1" 200 OK
[2026-03-30 00:18:23][INFO] /0:0:0:0:0:0:0:1 "GET /maps/world/live/players.json?737626 HTTP/1.1" 200 OK
[2026-03-30 00:18:25][INFO] /0:0:0:0:0:0:0:1 "GET /maps/world/live/players.json?690797 HTTP/1.1" 200 OK
[2026-03-30 00:18:27][INFO] /0:0:0:0:0:0:0:1 "GET /maps/world/live/players.json?905350 HTTP/1.1" 200 OK
[2026-03-30 00:18:29][INFO] /0:0:0:0:0:0:0:1 "GET /maps/world/live/players.json?656827 HTTP/1.1" 200 OK
[2026-03-30 00:18:31][INFO] /0:0:0:0:0:0:0:1 "GET /maps/world/live/players.json?738846 HTTP/1.1" 200 OK
[2026-03-30 00:18:32][INFO] /0:0:0:0:0:0:0:1 "GET /maps/world/live/markers.json?166643 HTTP/1.1" 200 OK
[2026-03-30 00:18:32][INFO] /0:0:0:0:0:0:0:1 "GET /maps/world/live/players.json?582758 HTTP/1.1" 200 OK
[2026-03-30 00:18:34][INFO] /0:0:0:0:0:0:0:1 "GET /maps/world/live/players.json?59006 HTTP/1.1" 200 OK
[2026-03-30 00:18:36][INFO] /0:0:0:0:0:0:0:1 "GET /maps/world/live/players.json?129475 HTTP/1.1" 200 OK
[2026-03-30 00:18:38][INFO] /0:0:0:0:0:0:0:1 "GET /maps/world/live/players.json?600124 HTTP/1.1" 200 OK
[2026-03-30 00:18:40][INFO] /0:0:0:0:0:0:0:1 "GET /maps/world/live/players.json?788784 HTTP/1.1" 200 OK
[2026-03-30 00:18:42][INFO] /0:0:0:0:0:0:0:1 "GET /maps/world/live/players.json?87907 HTTP/1.1" 200 OK
[2026-03-30 00:18:43][INFO] /0:0:0:0:0:0:0:1 "GET /maps/world/live/markers.json?816353 HTTP/1.1" 200 OK
[2026-03-30 00:18:43][INFO] /0:0:0:0:0:0:0:1 "GET /maps/world/live/players.json?163699 HTTP/1.1" 200 OK
[2026-03-30 00:18:45][INFO] /0:0:0:0:0:0:0:1 "GET /maps/world/live/players.json?757625 HTTP/1.1" 200 OK
[2026-03-30 00:18:47][INFO] /0:0:0:0:0:0:0:1 "GET /maps/world/live/players.json?873982 HTTP/1.1" 200 OK
[2026-03-30 00:18:49][INFO] /0:0:0:0:0:0:0:1 "GET /maps/world/live/players.json?627468 HTTP/1.1" 200 OK
[2026-03-30 00:18:51][INFO] /0:0:0:0:0:0:0:1 "GET /maps/world/live/players.json?241534 HTTP/1.1" 200 OK
[2026-03-30 00:18:53][INFO] /0:0:0:0:0:0:0:1 "GET /maps/world/live/players.json?67419 HTTP/1.1" 200 OK
[2026-03-30 00:18:53][INFO] /0:0:0:0:0:0:0:1 "GET /maps/world/live/markers.json?477552 HTTP/1.1" 200 OK
[2026-03-30 00:18:55][INFO] /0:0:0:0:0:0:0:1 "GET /maps/world/live/players.json?987998 HTTP/1.1" 200 OK
[2026-03-30 00:18:57][INFO] /0:0:0:0:0:0:0:1 "GET /maps/world/live/players.json?302910 HTTP/1.1" 200 OK
[2026-03-30 00:18:59][INFO] /0:0:0:0:0:0:0:1 "GET /maps/world/live/players.json?764831 HTTP/1.1" 200 OK
[2026-03-30 00:19:01][INFO] /0:0:0:0:0:0:0:1 "GET /maps/world/live/players.json?376719 HTTP/1.1" 200 OK
[2026-03-30 00:19:03][INFO] /0:0:0:0:0:0:0:1 "GET /maps/world/live/players.json?414878 HTTP/1.1" 200 OK
[2026-03-30 00:19:03][INFO] /0:0:0:0:0:0:0:1 "GET /maps/world/live/markers.json?160176 HTTP/1.1" 200 OK
[2026-03-30 00:19:05][INFO] /0:0:0:0:0:0:0:1 "GET /maps/world/live/players.json?975812 HTTP/1.1" 200 OK
[2026-03-30 00:19:07][INFO] /0:0:0:0:0:0:0:1 "GET /maps/world/live/players.json?774585 HTTP/1.1" 200 OK
[2026-03-30 00:19:09][INFO] /0:0:0:0:0:0:0:1 "GET /maps/world/live/players.json?33806 HTTP/1.1" 200 OK
[2026-03-30 00:19:11][INFO] /0:0:0:0:0:0:0:1 "GET /maps/world/live/players.json?799758 HTTP/1.1" 200 OK
[2026-03-30 00:19:13][INFO] /0:0:0:0:0:0:0:1 "GET /maps/world/live/players.json?94416 HTTP/1.1" 200 OK
[2026-03-30 00:19:14][INFO] /0:0:0:0:0:0:0:1 "GET /maps/world/live/markers.json?920377 HTTP/1.1" 200 OK
[2026-03-30 00:19:14][INFO] /0:0:0:0:0:0:0:1 "GET /maps/world/live/players.json?6787 HTTP/1.1" 200 OK
[2026-03-30 00:19:16][INFO] /0:0:0:0:0:0:0:1 "GET /maps/world/live/players.json?650122 HTTP/1.1" 200 OK
[2026-03-30 00:19:18][INFO] /0:0:0:0:0:0:0:1 "GET /maps/world/live/players.json?970315 HTTP/1.1" 200 OK
[2026-03-30 00:19:20][INFO] /0:0:0:0:0:0:0:1 "GET /maps/world/live/players.json?331485 HTTP/1.1" 200 OK
[2026-03-30 00:19:22][INFO] /0:0:0:0:0:0:0:1 "GET /maps/world/live/players.json?565376 HTTP/1.1" 200 OK
[2026-03-30 00:19:24][INFO] /0:0:0:0:0:0:0:1 "GET /maps/world/live/players.json?884863 HTTP/1.1" 200 OK
[2026-03-30 00:19:25][INFO] /0:0:0:0:0:0:0:1 "GET /maps/world/live/markers.json?84624 HTTP/1.1" 200 OK
[2026-03-30 00:19:26][INFO] /0:0:0:0:0:0:0:1 "GET /maps/world/live/players.json?752793 HTTP/1.1" 200 OK
[2026-03-30 00:19:28][INFO] /0:0:0:0:0:0:0:1 "GET /maps/world/live/players.json?397099 HTTP/1.1" 200 OK
[2026-03-30 00:19:30][INFO] /0:0:0:0:0:0:0:1 "GET /maps/world/live/players.json?836615 HTTP/1.1" 200 OK
[2026-03-30 00:19:32][INFO] /0:0:0:0:0:0:0:1 "GET /maps/world/live/players.json?118786 HTTP/1.1" 200 OK
[2026-03-30 00:19:34][INFO] /0:0:0:0:0:0:0:1 "GET /maps/world/live/players.json?375969 HTTP/1.1" 200 OK
[2026-03-30 00:19:36][INFO] /0:0:0:0:0:0:0:1 "GET /maps/world/live/markers.json?724579 HTTP/1.1" 200 OK
[2026-03-30 00:19:36][INFO] /0:0:0:0:0:0:0:1 "GET /maps/world/live/players.json?935724 HTTP/1.1" 200 OK
[2026-03-30 00:19:38][INFO] /0:0:0:0:0:0:0:1 "GET /maps/world/live/players.json?239871 HTTP/1.1" 200 OK
[2026-03-30 00:19:40][INFO] /0:0:0:0:0:0:0:1 "GET /maps/world/live/players.json?547955 HTTP/1.1" 200 OK
[2026-03-30 00:19:42][INFO] /0:0:0:0:0:0:0:1 "GET /maps/world/live/players.json?923285 HTTP/1.1" 200 OK
[2026-03-30 00:19:44][INFO] /0:0:0:0:0:0:0:1 "GET /maps/world/live/players.json?477177 HTTP/1.1" 200 OK
[2026-03-30 00:19:46][INFO] /0:0:0:0:0:0:0:1 "GET /maps/world/live/players.json?63548 HTTP/1.1" 200 OK
[2026-03-30 00:19:47][INFO] /0:0:0:0:0:0:0:1 "GET /maps/world/live/markers.json?110860 HTTP/1.1" 200 OK
[2026-03-30 00:19:47][INFO] /0:0:0:0:0:0:0:1 "GET /maps/world/live/players.json?330801 HTTP/1.1" 200 OK
[2026-03-30 00:19:49][INFO] /0:0:0:0:0:0:0:1 "GET /maps/world/live/players.json?364609 HTTP/1.1" 200 OK
[2026-03-30 00:19:51][INFO] /0:0:0:0:0:0:0:1 "GET /maps/world/live/players.json?557546 HTTP/1.1" 200 OK
[2026-03-30 00:19:53][INFO] /0:0:0:0:0:0:0:1 "GET /maps/world/live/players.json?156157 HTTP/1.1" 200 OK
[2026-03-30 00:19:55][INFO] /0:0:0:0:0:0:0:1 "GET /maps/world/live/players.json?796926 HTTP/1.1" 200 OK
[2026-03-30 00:19:57][INFO] /0:0:0:0:0:0:0:1 "GET /maps/world/live/players.json?268414 HTTP/1.1" 200 OK
[2026-03-30 00:19:57][INFO] /0:0:0:0:0:0:0:1 "GET /maps/world/live/markers.json?653046 HTTP/1.1" 200 OK
[2026-03-30 00:19:59][INFO] /0:0:0:0:0:0:0:1 "GET /maps/world/live/players.json?8164 HTTP/1.1" 200 OK
[2026-03-30 00:20:01][INFO] /0:0:0:0:0:0:0:1 "GET /maps/world/live/players.json?145845 HTTP/1.1" 200 OK
[2026-03-30 00:20:03][INFO] /0:0:0:0:0:0:0:1 "GET /maps/world/live/players.json?33601 HTTP/1.1" 200 OK
[2026-03-30 00:20:05][INFO] /0:0:0:0:0:0:0:1 "GET /maps/world/live/players.json?728160 HTTP/1.1" 200 OK
[2026-03-30 00:20:07][INFO] /0:0:0:0:0:0:0:1 "GET /maps/world/live/players.json?687331 HTTP/1.1" 200 OK
[2026-03-30 00:20:08][INFO] /0:0:0:0:0:0:0:1 "GET /maps/world/live/markers.json?668907 HTTP/1.1" 200 OK
[2026-03-30 00:20:08][INFO] /0:0:0:0:0:0:0:1 "GET /maps/world/live/players.json?230011 HTTP/1.1" 200 OK
[2026-03-30 00:20:10][INFO] /0:0:0:0:0:0:0:1 "GET /maps/world/live/players.json?990367 HTTP/1.1" 200 OK
[2026-03-30 00:20:12][INFO] /0:0:0:0:0:0:0:1 "GET /maps/world/live/players.json?117517 HTTP/1.1" 200 OK
[2026-03-30 00:20:14][INFO] /0:0:0:0:0:0:0:1 "GET /maps/world/live/players.json?578821 HTTP/1.1" 200 OK
[2026-03-30 00:20:16][INFO] /0:0:0:0:0:0:0:1 "GET /maps/world/live/players.json?859004 HTTP/1.1" 200 OK
[2026-03-30 00:20:18][INFO] /0:0:0:0:0:0:0:1 "GET /maps/world/live/players.json?419544 HTTP/1.1" 200 OK
[2026-03-30 00:20:18][INFO] /0:0:0:0:0:0:0:1 "GET /maps/world/live/markers.json?322819 HTTP/1.1" 200 OK
[2026-03-30 00:20:20][INFO] /0:0:0:0:0:0:0:1 "GET /maps/world/live/players.json?425449 HTTP/1.1" 200 OK
[2026-03-30 00:20:22][INFO] /0:0:0:0:0:0:0:1 "GET /maps/world/live/players.json?318387 HTTP/1.1" 200 OK
[2026-03-30 00:20:24][INFO] /0:0:0:0:0:0:0:1 "GET /maps/world/live/players.json?855712 HTTP/1.1" 200 OK
[2026-03-30 00:20:26][INFO] /0:0:0:0:0:0:0:1 "GET /maps/world/live/players.json?880195 HTTP/1.1" 200 OK
[2026-03-30 00:20:28][INFO] /0:0:0:0:0:0:0:1 "GET /maps/world/live/players.json?65357 HTTP/1.1" 200 OK
[2026-03-30 00:20:28][INFO] /0:0:0:0:0:0:0:1 "GET /maps/world/live/markers.json?332495 HTTP/1.1" 200 OK
[2026-03-30 00:20:30][INFO] /0:0:0:0:0:0:0:1 "GET /maps/world/live/players.json?50425 HTTP/1.1" 200 OK
[2026-03-30 00:20:32][INFO] /0:0:0:0:0:0:0:1 "GET /maps/world/live/players.json?361218 HTTP/1.1" 200 OK
[2026-03-30 00:20:34][INFO] /0:0:0:0:0:0:0:1 "GET /maps/world/live/players.json?965043 HTTP/1.1" 200 OK
[2026-03-30 00:20:36][INFO] /0:0:0:0:0:0:0:1 "GET /maps/world/live/players.json?451133 HTTP/1.1" 200 OK
[2026-03-30 00:20:38][INFO] /0:0:0:0:0:0:0:1 "GET /maps/world/live/players.json?315614 HTTP/1.1" 200 OK
[2026-03-30 00:20:39][INFO] /0:0:0:0:0:0:0:1 "GET /maps/world/live/markers.json?596571 HTTP/1.1" 200 OK
[2026-03-30 00:20:39][INFO] /0:0:0:0:0:0:0:1 "GET /maps/world/live/players.json?28216 HTTP/1.1" 200 OK
[2026-03-30 00:20:41][INFO] /0:0:0:0:0:0:0:1 "GET /maps/world/live/players.json?735933 HTTP/1.1" 200 OK
[2026-03-30 00:20:43][INFO] /0:0:0:0:0:0:0:1 "GET /maps/world/live/players.json?987543 HTTP/1.1" 200 OK
[2026-03-30 00:20:45][INFO] /0:0:0:0:0:0:0:1 "GET /maps/world/live/players.json?127191 HTTP/1.1" 200 OK
[2026-03-30 00:20:47][INFO] /0:0:0:0:0:0:0:1 "GET /maps/world/live/players.json?374058 HTTP/1.1" 200 OK
[2026-03-30 00:20:49][INFO] /0:0:0:0:0:0:0:1 "GET /maps/world/live/players.json?467307 HTTP/1.1" 200 OK
[2026-03-30 00:20:49][INFO] /0:0:0:0:0:0:0:1 "GET /maps/world/live/markers.json?34131 HTTP/1.1" 200 OK
[2026-03-30 00:20:51][INFO] /0:0:0:0:0:0:0:1 "GET /maps/world/live/players.json?153194 HTTP/1.1" 200 OK
[2026-03-30 00:20:53][INFO] /0:0:0:0:0:0:0:1 "GET /maps/world/live/players.json?922504 HTTP/1.1" 200 OK
[2026-03-30 00:20:55][INFO] /0:0:0:0:0:0:0:1 "GET /maps/world/live/players.json?251855 HTTP/1.1" 200 OK
[2026-03-30 00:20:57][INFO] /0:0:0:0:0:0:0:1 "GET /maps/world/live/players.json?7745 HTTP/1.1" 200 OK
[2026-03-30 00:20:59][INFO] /0:0:0:0:0:0:0:1 "GET /maps/world/live/players.json?788210 HTTP/1.1" 200 OK
[2026-03-30 00:21:00][INFO] /0:0:0:0:0:0:0:1 "GET /maps/world/live/markers.json?360899 HTTP/1.1" 200 OK
[2026-03-30 00:21:00][INFO] /0:0:0:0:0:0:0:1 "GET /maps/world/live/players.json?919777 HTTP/1.1" 200 OK
[2026-03-30 00:21:02][INFO] /0:0:0:0:0:0:0:1 "GET /maps/world/live/players.json?236624 HTTP/1.1" 200 OK
[2026-03-30 00:21:03][INFO] /0:0:0:0:0:0:0:1 "GET /maps/world/live/players.json?786728 HTTP/1.1" 200 OK
[2026-03-30 00:21:04][INFO] /0:0:0:0:0:0:0:1 "GET /maps/world/live/players.json?851322 HTTP/1.1" 200 OK
[2026-03-30 00:21:05][INFO] /0:0:0:0:0:0:0:1 "GET / HTTP/1.1" 200 OK
[2026-03-30 00:21:05][INFO] /0:0:0:0:0:0:0:1 "GET /settings.json?678912 HTTP/1.1" 200 OK
[2026-03-30 00:21:05][INFO] /0:0:0:0:0:0:0:1 "GET /maps/world/settings.json?840123 HTTP/1.1" 200 OK
[2026-03-30 00:21:05][INFO] /0:0:0:0:0:0:0:1 "GET /maps/world_the_end/settings.json?840123 HTTP/1.1" 404 Not Found
[2026-03-30 00:21:05][INFO] /0:0:0:0:0:0:0:1 "GET /maps/world_the_nether/settings.json?840123 HTTP/1.1" 404 Not Found
[2026-03-30 00:21:05][INFO] /0:0:0:0:0:0:0:1 "GET /logoCircle512.png HTTP/1.1" 404 Not Found
[2026-03-30 00:21:05][INFO] /0:0:0:0:0:0:0:1 "GET /maps/world/textures.json?840123 HTTP/1.1" 200 OK
[2026-03-30 00:21:05][INFO] /0:0:0:0:0:0:0:1 "GET /maps/world/live/players.json?254620 HTTP/1.1" 200 OK
[2026-03-30 00:21:05][INFO] /0:0:0:0:0:0:0:1 "GET /maps/world/live/markers.json?4145 HTTP/1.1" 200 OK
[2026-03-30 00:21:05][INFO] /0:0:0:0:0:0:0:1 "GET /maps/world/tiles/3/x0/z0.png?840123 HTTP/1.1" 204 No Content
[2026-03-30 00:21:05][INFO] /0:0:0:0:0:0:0:1 "GET /maps/world/tiles/2/x0/z0.png?840123 HTTP/1.1" 204 No Content
[2026-03-30 00:21:05][INFO] /0:0:0:0:0:0:0:1 "GET /maps/world/tiles/1/x0/z0.png?840123 HTTP/1.1" 204 No Content
[2026-03-30 00:21:05][INFO] /0:0:0:0:0:0:0:1 "GET /maps/world/tiles/3/x1/z0.png?840123 HTTP/1.1" 204 No Content
[2026-03-30 00:21:05][INFO] /0:0:0:0:0:0:0:1 "GET /maps/world/tiles/2/x1/z0.png?840123 HTTP/1.1" 204 No Content
[2026-03-30 00:21:05][INFO] /0:0:0:0:0:0:0:1 "GET /maps/world/tiles/1/x1/z0.png?840123 HTTP/1.1" 204 No Content
[2026-03-30 00:21:05][INFO] /0:0:0:0:0:0:0:1 "GET /maps/world/tiles/3/x1/z1.png?840123 HTTP/1.1" 204 No Content
[2026-03-30 00:21:05][INFO] /0:0:0:0:0:0:0:1 "GET /maps/world/tiles/2/x1/z1.png?840123 HTTP/1.1" 204 No Content
[2026-03-30 00:21:05][INFO] /0:0:0:0:0:0:0:1 "GET /maps/world/tiles/1/x1/z1.png?840123 HTTP/1.1" 204 No Content
[2026-03-30 00:21:05][INFO] /0:0:0:0:0:0:0:1 "GET /maps/world/tiles/3/x0/z1.png?840123 HTTP/1.1" 204 No Content
[2026-03-30 00:21:05][INFO] /0:0:0:0:0:0:0:1 "GET /maps/world/tiles/2/x0/z1.png?840123 HTTP/1.1" 204 No Content
[2026-03-30 00:21:05][INFO] /0:0:0:0:0:0:0:1 "GET /maps/world/tiles/1/x0/z1.png?840123 HTTP/1.1" 204 No Content
[2026-03-30 00:21:05][INFO] /0:0:0:0:0:0:0:1 "GET /maps/world/tiles/3/x-1/z1.png?840123 HTTP/1.1" 204 No Content
[2026-03-30 00:21:05][INFO] /0:0:0:0:0:0:0:1 "GET /maps/world/tiles/2/x-1/z1.png?840123 HTTP/1.1" 204 No Content
[2026-03-30 00:21:05][INFO] /0:0:0:0:0:0:0:1 "GET /maps/world/tiles/1/x-1/z1.png?840123 HTTP/1.1" 204 No Content
[2026-03-30 00:21:05][INFO] /0:0:0:0:0:0:0:1 "GET /maps/world/tiles/3/x-1/z0.png?840123 HTTP/1.1" 204 No Content
[2026-03-30 00:21:05][INFO] /0:0:0:0:0:0:0:1 "GET /maps/world/tiles/2/x-1/z0.png?840123 HTTP/1.1" 204 No Content
[2026-03-30 00:21:05][INFO] /0:0:0:0:0:0:0:1 "GET /maps/world/tiles/1/x-1/z0.png?840123 HTTP/1.1" 204 No Content
[2026-03-30 00:21:05][INFO] /0:0:0:0:0:0:0:1 "GET /maps/world/tiles/0/x-1/z-1.prbm?840123 HTTP/1.1" 200 OK
[2026-03-30 00:21:05][INFO] /0:0:0:0:0:0:0:1 "GET /maps/world/tiles/0/x0/z-2/8.prbm?840123 HTTP/1.1" 204 No Content
[2026-03-30 00:21:05][INFO] /0:0:0:0:0:0:0:1 "GET /maps/world/tiles/3/x0/z-1.png?840123 HTTP/1.1" 204 No Content
[2026-03-30 00:21:05][INFO] /0:0:0:0:0:0:0:1 "GET /maps/world/tiles/2/x0/z-1.png?840123 HTTP/1.1" 204 No Content
[2026-03-30 00:21:05][INFO] /0:0:0:0:0:0:0:1 "GET /maps/world/tiles/1/x0/z-2.png?840123 HTTP/1.1" 204 No Content
[2026-03-30 00:21:05][INFO] /0:0:0:0:0:0:0:1 "GET /maps/world/tiles/3/x1/z-1.png?840123 HTTP/1.1" 204 No Content
[2026-03-30 00:21:05][INFO] /0:0:0:0:0:0:0:1 "GET /maps/world/tiles/0/x1/z-2/8.prbm?840123 HTTP/1.1" 204 No Content
[2026-03-30 00:21:05][INFO] /0:0:0:0:0:0:0:1 "GET /maps/world/tiles/0/x1/z-2/7.prbm?840123 HTTP/1.1" 204 No Content
[2026-03-30 00:21:05][INFO] /0:0:0:0:0:0:0:1 "GET /maps/world/tiles/0/x0/z-2/7.prbm?840123 HTTP/1.1" 204 No Content
[2026-03-30 00:21:05][INFO] /0:0:0:0:0:0:0:1 "GET /maps/world/tiles/0/x-1/z-2/7.prbm?840123 HTTP/1.1" 200 OK
[2026-03-30 00:21:05][INFO] /0:0:0:0:0:0:0:1 "GET /maps/world/tiles/0/x-1/z-2/8.prbm?840123 HTTP/1.1" 200 OK
[2026-03-30 00:21:05][INFO] /0:0:0:0:0:0:0:1 "GET /maps/world/tiles/0/x-1/z-2/9.prbm?840123 HTTP/1.1" 200 OK
[2026-03-30 00:21:05][INFO] /0:0:0:0:0:0:0:1 "GET /maps/world/tiles/2/x1/z-1.png?840123 HTTP/1.1" 204 No Content
[2026-03-30 00:21:05][INFO] /0:0:0:0:0:0:0:1 "GET /maps/world/tiles/1/x1/z-2.png?840123 HTTP/1.1" 204 No Content
[2026-03-30 00:21:05][INFO] /0:0:0:0:0:0:0:1 "GET /maps/world/tiles/3/x-1/z-1.png?840123 HTTP/1.1" 204 No Content
[2026-03-30 00:21:05][INFO] /0:0:0:0:0:0:0:1 "GET /maps/world/tiles/0/x0/z-2/9.prbm?840123 HTTP/1.1" 204 No Content
[2026-03-30 00:21:05][INFO] /0:0:0:0:0:0:0:1 "GET /maps/world/tiles/2/x-1/z-1.png?840123 HTTP/1.1" 204 No Content
[2026-03-30 00:21:05][INFO] /0:0:0:0:0:0:0:1 "GET /maps/world/tiles/1/x1/z-1.png?840123 HTTP/1.1" 204 No Content
[2026-03-30 00:21:05][INFO] /0:0:0:0:0:0:0:1 "GET /maps/world/tiles/0/x1/z-2/9.prbm?840123 HTTP/1.1" 204 No Content
[2026-03-30 00:21:05][INFO] /0:0:0:0:0:0:0:1 "GET /maps/world/tiles/0/x2/z-2/9.prbm?840123 HTTP/1.1" 204 No Content
[2026-03-30 00:21:05][INFO] /0:0:0:0:0:0:0:1 "GET /maps/world/tiles/1/x0/z-1.png?840123 HTTP/1.1" 204 No Content
[2026-03-30 00:21:05][INFO] /0:0:0:0:0:0:0:1 "GET /maps/world/tiles/1/x-1/z-1.png?840123 HTTP/1.1" 204 No Content
[2026-03-30 00:21:05][INFO] /0:0:0:0:0:0:0:1 "GET /maps/world/tiles/1/x-1/z-2.png?840123 HTTP/1.1" 204 No Content
[2026-03-30 00:21:05][INFO] /0:0:0:0:0:0:0:1 "GET /maps/world/tiles/0/x2/z-2/8.prbm?840123 HTTP/1.1" 204 No Content
[2026-03-30 00:21:05][INFO] /0:0:0:0:0:0:0:1 "GET /maps/world/tiles/0/x2/z-2/7.prbm?840123 HTTP/1.1" 204 No Content
[2026-03-30 00:21:05][INFO] /0:0:0:0:0:0:0:1 "GET /maps/world/tiles/0/x2/z-2/6.prbm?840123 HTTP/1.1" 204 No Content
[2026-03-30 00:21:05][INFO] /0:0:0:0:0:0:0:1 "GET /maps/world/tiles/0/x1/z-2/6.prbm?840123 HTTP/1.1" 204 No Content
[2026-03-30 00:21:05][INFO] /0:0:0:0:0:0:0:1 "GET /maps/world/tiles/0/x0/z-2/6.prbm?840123 HTTP/1.1" 204 No Content
[2026-03-30 00:21:05][INFO] /0:0:0:0:0:0:0:1 "GET /maps/world/tiles/0/x-1/z-2/6.prbm?840123 HTTP/1.1" 200 OK
[2026-03-30 00:21:05][INFO] /0:0:0:0:0:0:0:1 "GET /maps/world/tiles/0/x-2/z-2/6.prbm?840123 HTTP/1.1" 200 OK
[2026-03-30 00:21:05][INFO] /0:0:0:0:0:0:0:1 "GET /maps/world/tiles/0/x-2/z-2/7.prbm?840123 HTTP/1.1" 200 OK
[2026-03-30 00:21:05][INFO] /0:0:0:0:0:0:0:1 "GET /maps/world/tiles/0/x-2/z-2/8.prbm?840123 HTTP/1.1" 200 OK
[2026-03-30 00:21:05][INFO] /0:0:0:0:0:0:0:1 "GET /maps/world/tiles/0/x-2/z-2/9.prbm?840123 HTTP/1.1" 200 OK
[2026-03-30 00:21:05][INFO] /0:0:0:0:0:0:0:1 "GET /maps/world/tiles/0/x-2/z-3/0.prbm?840123 HTTP/1.1" 200 OK
[2026-03-30 00:21:05][INFO] /0:0:0:0:0:0:0:1 "GET /maps/world/tiles/0/x-1/z-3/0.prbm?840123 HTTP/1.1" 200 OK
[2026-03-30 00:21:05][INFO] /0:0:0:0:0:0:0:1 "GET /maps/world/tiles/0/x0/z-3/0.prbm?840123 HTTP/1.1" 204 No Content
[2026-03-30 00:21:05][INFO] /0:0:0:0:0:0:0:1 "GET /maps/world/tiles/0/x1/z-3/0.prbm?840123 HTTP/1.1" 204 No Content
[2026-03-30 00:21:05][INFO] /0:0:0:0:0:0:0:1 "GET /maps/world/tiles/0/x2/z-3/0.prbm?840123 HTTP/1.1" 204 No Content
[2026-03-30 00:21:05][INFO] /0:0:0:0:0:0:0:1 "GET /maps/world/tiles/0/x3/z-3/0.prbm?840123 HTTP/1.1" 204 No Content
[2026-03-30 00:21:05][INFO] /0:0:0:0:0:0:0:1 "GET /maps/world/tiles/0/x3/z-2/9.prbm?840123 HTTP/1.1" 204 No Content
[2026-03-30 00:21:05][INFO] /0:0:0:0:0:0:0:1 "GET /maps/world/tiles/0/x3/z-2/8.prbm?840123 HTTP/1.1" 204 No Content
[2026-03-30 00:21:05][INFO] /0:0:0:0:0:0:0:1 "GET /maps/world/tiles/0/x3/z-2/7.prbm?840123 HTTP/1.1" 204 No Content
[2026-03-30 00:21:05][INFO] /0:0:0:0:0:0:0:1 "GET /maps/world/tiles/0/x3/z-2/6.prbm?840123 HTTP/1.1" 204 No Content
[2026-03-30 00:21:05][INFO] /0:0:0:0:0:0:0:1 "GET /maps/world/tiles/0/x3/z-2/5.prbm?840123 HTTP/1.1" 204 No Content
[2026-03-30 00:21:05][INFO] /0:0:0:0:0:0:0:1 "GET /maps/world/tiles/0/x2/z-2/5.prbm?840123 HTTP/1.1" 204 No Content
[2026-03-30 00:21:05][INFO] /0:0:0:0:0:0:0:1 "GET /maps/world/tiles/0/x1/z-2/5.prbm?840123 HTTP/1.1" 204 No Content
[2026-03-30 00:21:05][INFO] /0:0:0:0:0:0:0:1 "GET /maps/world/tiles/0/x0/z-2/5.prbm?840123 HTTP/1.1" 204 No Content
[2026-03-30 00:21:05][INFO] /0:0:0:0:0:0:0:1 "GET /maps/world/tiles/0/x-1/z-2/5.prbm?840123 HTTP/1.1" 200 OK
[2026-03-30 00:21:05][INFO] /0:0:0:0:0:0:0:1 "GET /maps/world/tiles/0/x-2/z-2/5.prbm?840123 HTTP/1.1" 200 OK
[2026-03-30 00:21:05][INFO] /0:0:0:0:0:0:0:1 "GET /maps/world/tiles/0/x-3/z-2/5.prbm?840123 HTTP/1.1" 200 OK
[2026-03-30 00:21:05][INFO] /0:0:0:0:0:0:0:1 "GET /maps/world/tiles/0/x-3/z-2/6.prbm?840123 HTTP/1.1" 200 OK
[2026-03-30 00:21:05][INFO] /0:0:0:0:0:0:0:1 "GET /maps/world/tiles/0/x-3/z-2/7.prbm?840123 HTTP/1.1" 200 OK
[2026-03-30 00:21:05][INFO] /0:0:0:0:0:0:0:1 "GET /maps/world/tiles/0/x-3/z-2/8.prbm?840123 HTTP/1.1" 200 OK
[2026-03-30 00:21:05][INFO] /0:0:0:0:0:0:0:1 "GET /maps/world/tiles/0/x-3/z-2/9.prbm?840123 HTTP/1.1" 200 OK
[2026-03-30 00:21:05][INFO] /0:0:0:0:0:0:0:1 "GET /maps/world/tiles/0/x-3/z-3/0.prbm?840123 HTTP/1.1" 200 OK
[2026-03-30 00:21:05][INFO] /0:0:0:0:0:0:0:1 "GET /maps/world/tiles/0/x-3/z-3/1.prbm?840123 HTTP/1.1" 200 OK
[2026-03-30 00:21:05][INFO] /0:0:0:0:0:0:0:1 "GET /maps/world/tiles/0/x-2/z-3/1.prbm?840123 HTTP/1.1" 200 OK
[2026-03-30 00:21:05][INFO] /0:0:0:0:0:0:0:1 "GET /maps/world/tiles/0/x-1/z-3/1.prbm?840123 HTTP/1.1" 200 OK
[2026-03-30 00:21:05][INFO] /0:0:0:0:0:0:0:1 "GET /maps/world/tiles/0/x0/z-3/1.prbm?840123 HTTP/1.1" 204 No Content
[2026-03-30 00:21:05][INFO] /0:0:0:0:0:0:0:1 "GET /maps/world/tiles/0/x1/z-3/1.prbm?840123 HTTP/1.1" 204 No Content
[2026-03-30 00:21:05][INFO] /0:0:0:0:0:0:0:1 "GET /maps/world/tiles/0/x2/z-3/1.prbm?840123 HTTP/1.1" 204 No Content
[2026-03-30 00:21:05][INFO] /0:0:0:0:0:0:0:1 "GET /maps/world/tiles/0/x3/z-3/1.prbm?840123 HTTP/1.1" 204 No Content
[2026-03-30 00:21:05][INFO] /0:0:0:0:0:0:0:1 "GET /maps/world/tiles/0/x4/z-3/1.prbm?840123 HTTP/1.1" 204 No Content
[2026-03-30 00:21:05][INFO] /0:0:0:0:0:0:0:1 "GET /maps/world/tiles/0/x4/z-3/0.prbm?840123 HTTP/1.1" 204 No Content
[2026-03-30 00:21:05][INFO] /0:0:0:0:0:0:0:1 "GET /maps/world/tiles/0/x4/z-2/9.prbm?840123 HTTP/1.1" 204 No Content
[2026-03-30 00:21:05][INFO] /0:0:0:0:0:0:0:1 "GET /maps/world/tiles/0/x4/z-2/8.prbm?840123 HTTP/1.1" 204 No Content
[2026-03-30 00:21:05][INFO] /0:0:0:0:0:0:0:1 "GET /maps/world/tiles/0/x4/z-2/7.prbm?840123 HTTP/1.1" 204 No Content
[2026-03-30 00:21:05][INFO] /0:0:0:0:0:0:0:1 "GET /maps/world/tiles/0/x4/z-2/6.prbm?840123 HTTP/1.1" 204 No Content
[2026-03-30 00:21:05][INFO] /0:0:0:0:0:0:0:1 "GET /maps/world/tiles/0/x4/z-2/5.prbm?840123 HTTP/1.1" 204 No Content
[2026-03-30 00:21:05][INFO] /0:0:0:0:0:0:0:1 "GET /maps/world/tiles/0/x4/z-2/4.prbm?840123 HTTP/1.1" 204 No Content
[2026-03-30 00:21:05][INFO] /0:0:0:0:0:0:0:1 "GET /maps/world/tiles/0/x3/z-2/4.prbm?840123 HTTP/1.1" 204 No Content
[2026-03-30 00:21:05][INFO] /0:0:0:0:0:0:0:1 "GET /maps/world/tiles/0/x2/z-2/4.prbm?840123 HTTP/1.1" 204 No Content
[2026-03-30 00:21:05][INFO] /0:0:0:0:0:0:0:1 "GET /maps/world/tiles/0/x1/z-2/4.prbm?840123 HTTP/1.1" 204 No Content
[2026-03-30 00:21:05][INFO] /0:0:0:0:0:0:0:1 "GET /maps/world/tiles/0/x0/z-2/4.prbm?840123 HTTP/1.1" 204 No Content
[2026-03-30 00:21:05][INFO] /0:0:0:0:0:0:0:1 "GET /maps/world/tiles/0/x-1/z-2/4.prbm?840123 HTTP/1.1" 200 OK
[2026-03-30 00:21:05][INFO] /0:0:0:0:0:0:0:1 "GET /maps/world/tiles/0/x-2/z-2/4.prbm?840123 HTTP/1.1" 200 OK
[2026-03-30 00:21:05][INFO] /0:0:0:0:0:0:0:1 "GET /maps/world/tiles/0/x-3/z-2/4.prbm?840123 HTTP/1.1" 200 OK
[2026-03-30 00:21:05][INFO] /0:0:0:0:0:0:0:1 "GET /maps/world/tiles/0/x-4/z-2/4.prbm?840123 HTTP/1.1" 200 OK
[2026-03-30 00:21:05][INFO] /0:0:0:0:0:0:0:1 "GET /maps/world/tiles/0/x-4/z-2/5.prbm?840123 HTTP/1.1" 200 OK
[2026-03-30 00:21:05][INFO] /0:0:0:0:0:0:0:1 "GET /maps/world/tiles/0/x-4/z-2/6.prbm?840123 HTTP/1.1" 200 OK
[2026-03-30 00:21:05][INFO] /0:0:0:0:0:0:0:1 "GET /maps/world/tiles/0/x-4/z-2/7.prbm?840123 HTTP/1.1" 200 OK
[2026-03-30 00:21:05][INFO] /0:0:0:0:0:0:0:1 "GET /maps/world/tiles/0/x-4/z-2/8.prbm?840123 HTTP/1.1" 200 OK
[2026-03-30 00:21:06][INFO] /0:0:0:0:0:0:0:1 "GET /maps/world/tiles/0/x-4/z-2/9.prbm?840123 HTTP/1.1" 200 OK
[2026-03-30 00:21:06][INFO] /0:0:0:0:0:0:0:1 "GET /maps/world/tiles/0/x-4/z-3/0.prbm?840123 HTTP/1.1" 200 OK
[2026-03-30 00:21:06][INFO] /0:0:0:0:0:0:0:1 "GET /maps/world/tiles/0/x-4/z-3/1.prbm?840123 HTTP/1.1" 200 OK
[2026-03-30 00:21:06][INFO] /0:0:0:0:0:0:0:1 "GET /maps/world/tiles/0/x-4/z-3/2.prbm?840123 HTTP/1.1" 200 OK
[2026-03-30 00:21:06][INFO] /0:0:0:0:0:0:0:1 "GET /maps/world/tiles/0/x-3/z-3/2.prbm?840123 HTTP/1.1" 200 OK
[2026-03-30 00:21:06][INFO] /0:0:0:0:0:0:0:1 "GET /maps/world/tiles/0/x-2/z-3/2.prbm?840123 HTTP/1.1" 200 OK
[2026-03-30 00:21:06][INFO] /0:0:0:0:0:0:0:1 "GET /maps/world/tiles/0/x-1/z-3/2.prbm?840123 HTTP/1.1" 200 OK
[2026-03-30 00:21:06][INFO] /0:0:0:0:0:0:0:1 "GET /maps/world/tiles/0/x0/z-3/2.prbm?840123 HTTP/1.1" 204 No Content
[2026-03-30 00:21:06][INFO] /0:0:0:0:0:0:0:1 "GET /maps/world/tiles/0/x1/z-3/2.prbm?840123 HTTP/1.1" 204 No Content
[2026-03-30 00:21:06][INFO] /0:0:0:0:0:0:0:1 "GET /maps/world/tiles/0/x2/z-3/2.prbm?840123 HTTP/1.1" 204 No Content
[2026-03-30 00:21:06][INFO] /0:0:0:0:0:0:0:1 "GET /maps/world/tiles/0/x3/z-3/2.prbm?840123 HTTP/1.1" 204 No Content
[2026-03-30 00:21:06][INFO] /0:0:0:0:0:0:0:1 "GET /maps/world/tiles/0/x4/z-3/2.prbm?840123 HTTP/1.1" 204 No Content
[2026-03-30 00:21:06][INFO] /0:0:0:0:0:0:0:1 "GET /maps/world/tiles/0/x5/z-3/2.prbm?840123 HTTP/1.1" 204 No Content
[2026-03-30 00:21:06][INFO] /0:0:0:0:0:0:0:1 "GET /maps/world/tiles/0/x5/z-3/1.prbm?840123 HTTP/1.1" 204 No Content
[2026-03-30 00:21:06][INFO] /0:0:0:0:0:0:0:1 "GET /maps/world/tiles/0/x5/z-3/0.prbm?840123 HTTP/1.1" 204 No Content
[2026-03-30 00:21:06][INFO] /0:0:0:0:0:0:0:1 "GET /maps/world/tiles/0/x5/z-2/9.prbm?840123 HTTP/1.1" 204 No Content
[2026-03-30 00:21:06][INFO] /0:0:0:0:0:0:0:1 "GET /maps/world/tiles/0/x5/z-2/8.prbm?840123 HTTP/1.1" 204 No Content
[2026-03-30 00:21:06][INFO] /0:0:0:0:0:0:0:1 "GET /maps/world/tiles/0/x5/z-2/7.prbm?840123 HTTP/1.1" 204 No Content
[2026-03-30 00:21:06][INFO] /0:0:0:0:0:0:0:1 "GET /maps/world/tiles/0/x5/z-2/6.prbm?840123 HTTP/1.1" 204 No Content
[2026-03-30 00:21:06][INFO] /0:0:0:0:0:0:0:1 "GET /maps/world/tiles/0/x5/z-2/5.prbm?840123 HTTP/1.1" 204 No Content
[2026-03-30 00:21:06][INFO] /0:0:0:0:0:0:0:1 "GET /maps/world/tiles/0/x5/z-2/4.prbm?840123 HTTP/1.1" 204 No Content
[2026-03-30 00:21:06][INFO] /0:0:0:0:0:0:0:1 "GET /maps/world/tiles/0/x5/z-2/3.prbm?840123 HTTP/1.1" 204 No Content
[2026-03-30 00:21:06][INFO] /0:0:0:0:0:0:0:1 "GET /maps/world/tiles/0/x4/z-2/3.prbm?840123 HTTP/1.1" 204 No Content
[2026-03-30 00:21:06][INFO] /0:0:0:0:0:0:0:1 "GET /maps/world/tiles/0/x3/z-2/3.prbm?840123 HTTP/1.1" 204 No Content
[2026-03-30 00:21:06][INFO] /0:0:0:0:0:0:0:1 "GET /maps/world/tiles/0/x2/z-2/3.prbm?840123 HTTP/1.1" 204 No Content
[2026-03-30 00:21:06][INFO] /0:0:0:0:0:0:0:1 "GET /maps/world/tiles/0/x1/z-2/3.prbm?840123 HTTP/1.1" 204 No Content
[2026-03-30 00:21:06][INFO] /0:0:0:0:0:0:0:1 "GET /maps/world/tiles/0/x0/z-2/3.prbm?840123 HTTP/1.1" 204 No Content
[2026-03-30 00:21:06][INFO] /0:0:0:0:0:0:0:1 "GET /maps/world/tiles/0/x-1/z-2/3.prbm?840123 HTTP/1.1" 200 OK
[2026-03-30 00:21:06][INFO] /0:0:0:0:0:0:0:1 "GET /maps/world/tiles/0/x-2/z-2/3.prbm?840123 HTTP/1.1" 200 OK
[2026-03-30 00:21:06][INFO] /0:0:0:0:0:0:0:1 "GET /maps/world/tiles/0/x-3/z-2/3.prbm?840123 HTTP/1.1" 200 OK
[2026-03-30 00:21:06][INFO] /0:0:0:0:0:0:0:1 "GET /maps/world/tiles/0/x-4/z-2/3.prbm?840123 HTTP/1.1" 200 OK
[2026-03-30 00:21:06][INFO] /0:0:0:0:0:0:0:1 "GET /maps/world/tiles/0/x-5/z-2/3.prbm?840123 HTTP/1.1" 200 OK
[2026-03-30 00:21:06][INFO] /0:0:0:0:0:0:0:1 "GET /maps/world/tiles/0/x-5/z-2/4.prbm?840123 HTTP/1.1" 200 OK
[2026-03-30 00:21:06][INFO] /0:0:0:0:0:0:0:1 "GET /maps/world/tiles/0/x-5/z-2/5.prbm?840123 HTTP/1.1" 200 OK
[2026-03-30 00:21:06][INFO] /0:0:0:0:0:0:0:1 "GET /maps/world/tiles/0/x-5/z-2/6.prbm?840123 HTTP/1.1" 200 OK
[2026-03-30 00:21:06][INFO] /0:0:0:0:0:0:0:1 "GET /maps/world/tiles/0/x-5/z-2/7.prbm?840123 HTTP/1.1" 200 OK
[2026-03-30 00:21:06][INFO] /0:0:0:0:0:0:0:1 "GET /maps/world/tiles/0/x-5/z-2/8.prbm?840123 HTTP/1.1" 200 OK
[2026-03-30 00:21:06][INFO] /0:0:0:0:0:0:0:1 "GET /maps/world/tiles/0/x-5/z-2/9.prbm?840123 HTTP/1.1" 200 OK
[2026-03-30 00:21:06][INFO] /0:0:0:0:0:0:0:1 "GET /maps/world/tiles/0/x-5/z-3/0.prbm?840123 HTTP/1.1" 200 OK
[2026-03-30 00:21:06][INFO] /0:0:0:0:0:0:0:1 "GET /maps/world/tiles/0/x-5/z-3/1.prbm?840123 HTTP/1.1" 200 OK
[2026-03-30 00:21:06][INFO] /0:0:0:0:0:0:0:1 "GET /maps/world/tiles/0/x-5/z-3/2.prbm?840123 HTTP/1.1" 200 OK
[2026-03-30 00:21:06][INFO] /0:0:0:0:0:0:0:1 "GET /maps/world/tiles/0/x-5/z-3/3.prbm?840123 HTTP/1.1" 200 OK
[2026-03-30 00:21:06][INFO] /0:0:0:0:0:0:0:1 "GET /maps/world/tiles/0/x-4/z-3/3.prbm?840123 HTTP/1.1" 200 OK
[2026-03-30 00:21:06][INFO] /0:0:0:0:0:0:0:1 "GET /maps/world/tiles/0/x-3/z-3/3.prbm?840123 HTTP/1.1" 200 OK
[2026-03-30 00:21:06][INFO] /0:0:0:0:0:0:0:1 "GET /maps/world/tiles/0/x-2/z-3/3.prbm?840123 HTTP/1.1" 200 OK
[2026-03-30 00:21:06][INFO] /0:0:0:0:0:0:0:1 "GET /maps/world/tiles/0/x-1/z-3/3.prbm?840123 HTTP/1.1" 200 OK
[2026-03-30 00:21:06][INFO] /0:0:0:0:0:0:0:1 "GET /maps/world/tiles/0/x0/z-3/3.prbm?840123 HTTP/1.1" 204 No Content
[2026-03-30 00:21:06][INFO] /0:0:0:0:0:0:0:1 "GET /maps/world/tiles/0/x1/z-3/3.prbm?840123 HTTP/1.1" 204 No Content
[2026-03-30 00:21:06][INFO] /0:0:0:0:0:0:0:1 "GET /maps/world/tiles/0/x2/z-3/3.prbm?840123 HTTP/1.1" 204 No Content
[2026-03-30 00:21:06][INFO] /0:0:0:0:0:0:0:1 "GET /maps/world/tiles/0/x3/z-3/3.prbm?840123 HTTP/1.1" 204 No Content
[2026-03-30 00:21:06][INFO] /0:0:0:0:0:0:0:1 "GET /maps/world/tiles/0/x4/z-3/3.prbm?840123 HTTP/1.1" 204 No Content
[2026-03-30 00:21:06][INFO] /0:0:0:0:0:0:0:1 "GET /maps/world/tiles/0/x5/z-3/3.prbm?840123 HTTP/1.1" 204 No Content
[2026-03-30 00:21:06][INFO] /0:0:0:0:0:0:0:1 "GET /maps/world/tiles/0/x6/z-3/3.prbm?840123 HTTP/1.1" 204 No Content
[2026-03-30 00:21:06][INFO] /0:0:0:0:0:0:0:1 "GET /maps/world/tiles/0/x6/z-3/2.prbm?840123 HTTP/1.1" 204 No Content
[2026-03-30 00:21:06][INFO] /0:0:0:0:0:0:0:1 "GET /maps/world/tiles/0/x6/z-3/1.prbm?840123 HTTP/1.1" 204 No Content
[2026-03-30 00:21:06][INFO] /0:0:0:0:0:0:0:1 "GET /maps/world/tiles/0/x6/z-3/0.prbm?840123 HTTP/1.1" 204 No Content
[2026-03-30 00:21:06][INFO] /0:0:0:0:0:0:0:1 "GET /maps/world/tiles/0/x6/z-2/9.prbm?840123 HTTP/1.1" 204 No Content
[2026-03-30 00:21:06][INFO] /0:0:0:0:0:0:0:1 "GET /maps/world/tiles/0/x6/z-2/8.prbm?840123 HTTP/1.1" 204 No Content
[2026-03-30 00:21:06][INFO] /0:0:0:0:0:0:0:1 "GET /maps/world/tiles/0/x6/z-2/7.prbm?840123 HTTP/1.1" 204 No Content
[2026-03-30 00:21:06][INFO] /0:0:0:0:0:0:0:1 "GET /maps/world/tiles/0/x6/z-2/6.prbm?840123 HTTP/1.1" 204 No Content
[2026-03-30 00:21:06][INFO] /0:0:0:0:0:0:0:1 "GET /maps/world/tiles/0/x6/z-2/5.prbm?840123 HTTP/1.1" 204 No Content
[2026-03-30 00:21:06][INFO] /0:0:0:0:0:0:0:1 "GET /maps/world/tiles/0/x6/z-2/4.prbm?840123 HTTP/1.1" 204 No Content
[2026-03-30 00:21:06][INFO] /0:0:0:0:0:0:0:1 "GET /maps/world/tiles/0/x6/z-2/3.prbm?840123 HTTP/1.1" 204 No Content
[2026-03-30 00:21:06][INFO] /0:0:0:0:0:0:0:1 "GET /maps/world/tiles/0/x6/z-2/2.prbm?840123 HTTP/1.1" 204 No Content
[2026-03-30 00:21:06][INFO] /0:0:0:0:0:0:0:1 "GET /maps/world/tiles/0/x5/z-2/2.prbm?840123 HTTP/1.1" 204 No Content
[2026-03-30 00:21:06][INFO] /0:0:0:0:0:0:0:1 "GET /maps/world/tiles/0/x4/z-2/2.prbm?840123 HTTP/1.1" 204 No Content
[2026-03-30 00:21:06][INFO] /0:0:0:0:0:0:0:1 "GET /maps/world/tiles/0/x3/z-2/2.prbm?840123 HTTP/1.1" 204 No Content
[2026-03-30 00:21:06][INFO] /0:0:0:0:0:0:0:1 "GET /maps/world/tiles/0/x2/z-2/2.prbm?840123 HTTP/1.1" 204 No Content
[2026-03-30 00:21:06][INFO] /0:0:0:0:0:0:0:1 "GET /maps/world/tiles/0/x1/z-2/2.prbm?840123 HTTP/1.1" 204 No Content
[2026-03-30 00:21:06][INFO] /0:0:0:0:0:0:0:1 "GET /maps/world/tiles/0/x0/z-2/2.prbm?840123 HTTP/1.1" 204 No Content
[2026-03-30 00:21:06][INFO] /0:0:0:0:0:0:0:1 "GET /maps/world/tiles/0/x-1/z-2/2.prbm?840123 HTTP/1.1" 200 OK
[2026-03-30 00:21:06][INFO] /0:0:0:0:0:0:0:1 "GET /maps/world/tiles/0/x-2/z-2/2.prbm?840123 HTTP/1.1" 200 OK
[2026-03-30 00:21:06][INFO] /0:0:0:0:0:0:0:1 "GET /maps/world/tiles/0/x-3/z-2/2.prbm?840123 HTTP/1.1" 200 OK
[2026-03-30 00:21:06][INFO] /0:0:0:0:0:0:0:1 "GET /maps/world/tiles/0/x-4/z-2/2.prbm?840123 HTTP/1.1" 200 OK
[2026-03-30 00:21:06][INFO] /0:0:0:0:0:0:0:1 "GET /maps/world/tiles/0/x-5/z-2/2.prbm?840123 HTTP/1.1" 200 OK
[2026-03-30 00:21:06][INFO] /0:0:0:0:0:0:0:1 "GET /maps/world/tiles/0/x-6/z-2/2.prbm?840123 HTTP/1.1" 200 OK
[2026-03-30 00:21:06][INFO] /0:0:0:0:0:0:0:1 "GET /maps/world/tiles/0/x-6/z-2/3.prbm?840123 HTTP/1.1" 200 OK
[2026-03-30 00:21:06][INFO] /0:0:0:0:0:0:0:1 "GET /maps/world/tiles/0/x-6/z-2/4.prbm?840123 HTTP/1.1" 200 OK
[2026-03-30 00:21:06][INFO] /0:0:0:0:0:0:0:1 "GET /maps/world/tiles/0/x-6/z-2/5.prbm?840123 HTTP/1.1" 200 OK
[2026-03-30 00:21:06][INFO] /0:0:0:0:0:0:0:1 "GET /maps/world/tiles/0/x-6/z-2/6.prbm?840123 HTTP/1.1" 200 OK
[2026-03-30 00:21:06][INFO] /0:0:0:0:0:0:0:1 "GET /maps/world/tiles/0/x-6/z-2/7.prbm?840123 HTTP/1.1" 200 OK
[2026-03-30 00:21:06][INFO] /0:0:0:0:0:0:0:1 "GET /maps/world/tiles/0/x-6/z-2/8.prbm?840123 HTTP/1.1" 200 OK
[2026-03-30 00:21:06][INFO] /0:0:0:0:0:0:0:1 "GET /maps/world/tiles/0/x-6/z-2/9.prbm?840123 HTTP/1.1" 200 OK
[2026-03-30 00:21:06][INFO] /0:0:0:0:0:0:0:1 "GET /maps/world/tiles/0/x-6/z-3/0.prbm?840123 HTTP/1.1" 200 OK
[2026-03-30 00:21:06][INFO] /0:0:0:0:0:0:0:1 "GET /maps/world/tiles/0/x-6/z-3/1.prbm?840123 HTTP/1.1" 200 OK
[2026-03-30 00:21:06][INFO] /0:0:0:0:0:0:0:1 "GET /maps/world/tiles/0/x-6/z-3/2.prbm?840123 HTTP/1.1" 200 OK
[2026-03-30 00:21:06][INFO] /0:0:0:0:0:0:0:1 "GET /maps/world/tiles/0/x-6/z-3/3.prbm?840123 HTTP/1.1" 200 OK
[2026-03-30 00:21:06][INFO] /0:0:0:0:0:0:0:1 "GET /maps/world/tiles/0/x-6/z-3/4.prbm?840123 HTTP/1.1" 200 OK
[2026-03-30 00:21:06][INFO] /0:0:0:0:0:0:0:1 "GET /maps/world/tiles/0/x-5/z-3/4.prbm?840123 HTTP/1.1" 200 OK
[2026-03-30 00:21:06][INFO] /0:0:0:0:0:0:0:1 "GET /maps/world/tiles/0/x-4/z-3/4.prbm?840123 HTTP/1.1" 200 OK
[2026-03-30 00:21:06][INFO] /0:0:0:0:0:0:0:1 "GET /maps/world/tiles/0/x-3/z-3/4.prbm?840123 HTTP/1.1" 200 OK
[2026-03-30 00:21:06][INFO] /0:0:0:0:0:0:0:1 "GET /maps/world/tiles/0/x-2/z-3/4.prbm?840123 HTTP/1.1" 200 OK
[2026-03-30 00:21:06][INFO] /0:0:0:0:0:0:0:1 "GET /maps/world/tiles/0/x-1/z-3/4.prbm?840123 HTTP/1.1" 200 OK
[2026-03-30 00:21:06][INFO] /0:0:0:0:0:0:0:1 "GET /maps/world/tiles/0/x0/z-3/4.prbm?840123 HTTP/1.1" 204 No Content
[2026-03-30 00:21:06][INFO] /0:0:0:0:0:0:0:1 "GET /maps/world/tiles/0/x1/z-3/4.prbm?840123 HTTP/1.1" 204 No Content
[2026-03-30 00:21:06][INFO] /0:0:0:0:0:0:0:1 "GET /maps/world/tiles/0/x2/z-3/4.prbm?840123 HTTP/1.1" 204 No Content
[2026-03-30 00:21:06][INFO] /0:0:0:0:0:0:0:1 "GET /maps/world/tiles/0/x3/z-3/4.prbm?840123 HTTP/1.1" 204 No Content
[2026-03-30 00:21:06][INFO] /0:0:0:0:0:0:0:1 "GET /maps/world/tiles/0/x4/z-3/4.prbm?840123 HTTP/1.1" 204 No Content
[2026-03-30 00:21:06][INFO] /0:0:0:0:0:0:0:1 "GET /maps/world/tiles/0/x5/z-3/4.prbm?840123 HTTP/1.1" 204 No Content
[2026-03-30 00:21:06][INFO] /0:0:0:0:0:0:0:1 "GET /maps/world/tiles/0/x6/z-3/4.prbm?840123 HTTP/1.1" 204 No Content
[2026-03-30 00:21:06][INFO] /0:0:0:0:0:0:0:1 "GET /maps/world/tiles/0/x7/z-3/4.prbm?840123 HTTP/1.1" 204 No Content
[2026-03-30 00:21:06][INFO] /0:0:0:0:0:0:0:1 "GET /maps/world/tiles/0/x7/z-3/3.prbm?840123 HTTP/1.1" 204 No Content
[2026-03-30 00:21:06][INFO] /0:0:0:0:0:0:0:1 "GET /maps/world/tiles/0/x7/z-3/2.prbm?840123 HTTP/1.1" 204 No Content
[2026-03-30 00:21:06][INFO] /0:0:0:0:0:0:0:1 "GET /maps/world/tiles/0/x7/z-3/1.prbm?840123 HTTP/1.1" 204 No Content
[2026-03-30 00:21:06][INFO] /0:0:0:0:0:0:0:1 "GET /maps/world/tiles/0/x7/z-3/0.prbm?840123 HTTP/1.1" 204 No Content
[2026-03-30 00:21:06][INFO] /0:0:0:0:0:0:0:1 "GET /maps/world/tiles/0/x7/z-2/9.prbm?840123 HTTP/1.1" 204 No Content
[2026-03-30 00:21:06][INFO] /0:0:0:0:0:0:0:1 "GET /maps/world/tiles/0/x7/z-2/8.prbm?840123 HTTP/1.1" 204 No Content
[2026-03-30 00:21:06][INFO] /0:0:0:0:0:0:0:1 "GET /maps/world/tiles/0/x7/z-2/7.prbm?840123 HTTP/1.1" 204 No Content
[2026-03-30 00:21:06][INFO] /0:0:0:0:0:0:0:1 "GET /maps/world/tiles/0/x7/z-2/6.prbm?840123 HTTP/1.1" 204 No Content
[2026-03-30 00:21:06][INFO] /0:0:0:0:0:0:0:1 "GET /maps/world/tiles/0/x7/z-2/5.prbm?840123 HTTP/1.1" 204 No Content
[2026-03-30 00:21:06][INFO] /0:0:0:0:0:0:0:1 "GET /maps/world/tiles/0/x7/z-2/4.prbm?840123 HTTP/1.1" 204 No Content
[2026-03-30 00:21:06][INFO] /0:0:0:0:0:0:0:1 "GET /maps/world/tiles/0/x7/z-2/3.prbm?840123 HTTP/1.1" 204 No Content
[2026-03-30 00:21:06][INFO] /0:0:0:0:0:0:0:1 "GET /maps/world/tiles/0/x7/z-2/2.prbm?840123 HTTP/1.1" 204 No Content
[2026-03-30 00:21:06][INFO] /0:0:0:0:0:0:0:1 "GET /maps/world/tiles/0/x7/z-2/1.prbm?840123 HTTP/1.1" 204 No Content
[2026-03-30 00:21:06][INFO] /0:0:0:0:0:0:0:1 "GET /maps/world/tiles/0/x6/z-2/1.prbm?840123 HTTP/1.1" 204 No Content
[2026-03-30 00:21:06][INFO] /0:0:0:0:0:0:0:1 "GET /maps/world/tiles/0/x5/z-2/1.prbm?840123 HTTP/1.1" 204 No Content
[2026-03-30 00:21:06][INFO] /0:0:0:0:0:0:0:1 "GET /maps/world/tiles/0/x4/z-2/1.prbm?840123 HTTP/1.1" 204 No Content
[2026-03-30 00:21:06][INFO] /0:0:0:0:0:0:0:1 "GET /maps/world/tiles/0/x3/z-2/1.prbm?840123 HTTP/1.1" 204 No Content
[2026-03-30 00:21:06][INFO] /0:0:0:0:0:0:0:1 "GET /maps/world/tiles/0/x2/z-2/1.prbm?840123 HTTP/1.1" 204 No Content
[2026-03-30 00:21:06][INFO] /0:0:0:0:0:0:0:1 "GET /maps/world/tiles/0/x1/z-2/1.prbm?840123 HTTP/1.1" 204 No Content
[2026-03-30 00:21:06][INFO] /0:0:0:0:0:0:0:1 "GET /maps/world/tiles/0/x0/z-2/1.prbm?840123 HTTP/1.1" 204 No Content
[2026-03-30 00:21:06][INFO] /0:0:0:0:0:0:0:1 "GET /maps/world/tiles/0/x-1/z-2/1.prbm?840123 HTTP/1.1" 200 OK
[2026-03-30 00:21:06][INFO] /0:0:0:0:0:0:0:1 "GET /maps/world/tiles/0/x-2/z-2/1.prbm?840123 HTTP/1.1" 200 OK
[2026-03-30 00:21:06][INFO] /0:0:0:0:0:0:0:1 "GET /maps/world/tiles/0/x-3/z-2/1.prbm?840123 HTTP/1.1" 200 OK
[2026-03-30 00:21:06][INFO] /0:0:0:0:0:0:0:1 "GET /maps/world/tiles/0/x-4/z-2/1.prbm?840123 HTTP/1.1" 200 OK
[2026-03-30 00:21:06][INFO] /0:0:0:0:0:0:0:1 "GET /maps/world/tiles/0/x-5/z-2/1.prbm?840123 HTTP/1.1" 200 OK
[2026-03-30 00:21:06][INFO] /0:0:0:0:0:0:0:1 "GET /maps/world/tiles/0/x-6/z-2/1.prbm?840123 HTTP/1.1" 200 OK
[2026-03-30 00:21:06][INFO] /0:0:0:0:0:0:0:1 "GET /maps/world/live/players.json?344896 HTTP/1.1" 200 OK
[2026-03-30 00:21:06][INFO] /0:0:0:0:0:0:0:1 "GET /maps/world/tiles/0/x-7/z-2/1.prbm?840123 HTTP/1.1" 204 No Content
[2026-03-30 00:21:06][INFO] /0:0:0:0:0:0:0:1 "GET /maps/world/tiles/0/x-7/z-2/2.prbm?840123 HTTP/1.1" 204 No Content
[2026-03-30 00:21:06][INFO] /0:0:0:0:0:0:0:1 "GET /maps/world/tiles/0/x-7/z-2/3.prbm?840123 HTTP/1.1" 204 No Content
[2026-03-30 00:21:06][INFO] /0:0:0:0:0:0:0:1 "GET /maps/world/tiles/0/x-7/z-2/4.prbm?840123 HTTP/1.1" 204 No Content
[2026-03-30 00:21:06][INFO] /0:0:0:0:0:0:0:1 "GET /maps/world/tiles/0/x-7/z-2/5.prbm?840123 HTTP/1.1" 204 No Content
[2026-03-30 00:21:06][INFO] /0:0:0:0:0:0:0:1 "GET /maps/world/tiles/0/x-7/z-2/6.prbm?840123 HTTP/1.1" 204 No Content
[2026-03-30 00:21:06][INFO] /0:0:0:0:0:0:0:1 "GET /maps/world/tiles/0/x-7/z-2/7.prbm?840123 HTTP/1.1" 204 No Content
[2026-03-30 00:21:06][INFO] /0:0:0:0:0:0:0:1 "GET /maps/world/tiles/0/x-7/z-2/8.prbm?840123 HTTP/1.1" 204 No Content
[2026-03-30 00:21:06][INFO] /0:0:0:0:0:0:0:1 "GET /maps/world/tiles/0/x-7/z-2/9.prbm?840123 HTTP/1.1" 204 No Content
[2026-03-30 00:21:06][INFO] /0:0:0:0:0:0:0:1 "GET /maps/world/tiles/0/x-7/z-3/0.prbm?840123 HTTP/1.1" 204 No Content
[2026-03-30 00:21:06][INFO] /0:0:0:0:0:0:0:1 "GET /maps/world/tiles/0/x-7/z-3/1.prbm?840123 HTTP/1.1" 204 No Content
[2026-03-30 00:21:06][INFO] /0:0:0:0:0:0:0:1 "GET /maps/world/tiles/0/x-7/z-3/2.prbm?840123 HTTP/1.1" 204 No Content
[2026-03-30 00:21:06][INFO] /0:0:0:0:0:0:0:1 "GET /maps/world/tiles/0/x-7/z-3/3.prbm?840123 HTTP/1.1" 204 No Content
[2026-03-30 00:21:06][INFO] /0:0:0:0:0:0:0:1 "GET /maps/world/tiles/0/x-7/z-3/4.prbm?840123 HTTP/1.1" 204 No Content
[2026-03-30 00:21:06][INFO] /0:0:0:0:0:0:0:1 "GET /maps/world/tiles/0/x-7/z-3/5.prbm?840123 HTTP/1.1" 204 No Content
[2026-03-30 00:21:06][INFO] /0:0:0:0:0:0:0:1 "GET /maps/world/tiles/0/x-6/z-3/5.prbm?840123 HTTP/1.1" 200 OK
[2026-03-30 00:21:06][INFO] /0:0:0:0:0:0:0:1 "GET /maps/world/tiles/0/x-5/z-3/5.prbm?840123 HTTP/1.1" 200 OK
[2026-03-30 00:21:06][INFO] /0:0:0:0:0:0:0:1 "GET /maps/world/tiles/0/x-4/z-3/5.prbm?840123 HTTP/1.1" 200 OK
[2026-03-30 00:21:06][INFO] /0:0:0:0:0:0:0:1 "GET /maps/world/tiles/0/x-3/z-3/5.prbm?840123 HTTP/1.1" 200 OK
[2026-03-30 00:21:06][INFO] /0:0:0:0:0:0:0:1 "GET /maps/world/tiles/0/x-2/z-3/5.prbm?840123 HTTP/1.1" 200 OK
[2026-03-30 00:21:06][INFO] /0:0:0:0:0:0:0:1 "GET /maps/world/tiles/0/x-1/z-3/5.prbm?840123 HTTP/1.1" 200 OK
[2026-03-30 00:21:06][INFO] /0:0:0:0:0:0:0:1 "GET /maps/world/tiles/0/x0/z-3/5.prbm?840123 HTTP/1.1" 204 No Content
[2026-03-30 00:21:06][INFO] /0:0:0:0:0:0:0:1 "GET /maps/world/tiles/0/x1/z-3/5.prbm?840123 HTTP/1.1" 204 No Content
[2026-03-30 00:21:06][INFO] /0:0:0:0:0:0:0:1 "GET /maps/world/tiles/0/x2/z-3/5.prbm?840123 HTTP/1.1" 204 No Content
[2026-03-30 00:21:06][INFO] /0:0:0:0:0:0:0:1 "GET /maps/world/tiles/0/x3/z-3/5.prbm?840123 HTTP/1.1" 204 No Content
[2026-03-30 00:21:06][INFO] /0:0:0:0:0:0:0:1 "GET /maps/world/tiles/0/x4/z-3/5.prbm?840123 HTTP/1.1" 204 No Content
[2026-03-30 00:21:06][INFO] /0:0:0:0:0:0:0:1 "GET /maps/world/tiles/0/x5/z-3/5.prbm?840123 HTTP/1.1" 204 No Content
[2026-03-30 00:21:06][INFO] /0:0:0:0:0:0:0:1 "GET /maps/world/tiles/0/x6/z-3/5.prbm?840123 HTTP/1.1" 204 No Content
[2026-03-30 00:21:06][INFO] /0:0:0:0:0:0:0:1 "GET /maps/world/tiles/0/x7/z-3/5.prbm?840123 HTTP/1.1" 204 No Content
[2026-03-30 00:21:06][INFO] /0:0:0:0:0:0:0:1 "GET /maps/world/tiles/0/x8/z-3/5.prbm?840123 HTTP/1.1" 204 No Content
[2026-03-30 00:21:06][INFO] /0:0:0:0:0:0:0:1 "GET /maps/world/tiles/0/x8/z-3/4.prbm?840123 HTTP/1.1" 204 No Content
[2026-03-30 00:21:06][INFO] /0:0:0:0:0:0:0:1 "GET /maps/world/tiles/0/x8/z-3/3.prbm?840123 HTTP/1.1" 204 No Content
[2026-03-30 00:21:06][INFO] /0:0:0:0:0:0:0:1 "GET /maps/world/tiles/0/x8/z-3/2.prbm?840123 HTTP/1.1" 204 No Content
[2026-03-30 00:21:06][INFO] /0:0:0:0:0:0:0:1 "GET /maps/world/tiles/0/x8/z-3/1.prbm?840123 HTTP/1.1" 204 No Content
[2026-03-30 00:21:06][INFO] /0:0:0:0:0:0:0:1 "GET /maps/world/tiles/0/x8/z-3/0.prbm?840123 HTTP/1.1" 204 No Content
[2026-03-30 00:21:06][INFO] /0:0:0:0:0:0:0:1 "GET /maps/world/tiles/0/x8/z-2/9.prbm?840123 HTTP/1.1" 204 No Content
[2026-03-30 00:21:06][INFO] /0:0:0:0:0:0:0:1 "GET /maps/world/tiles/0/x8/z-2/8.prbm?840123 HTTP/1.1" 204 No Content
[2026-03-30 00:21:06][INFO] /0:0:0:0:0:0:0:1 "GET /maps/world/tiles/0/x8/z-2/7.prbm?840123 HTTP/1.1" 204 No Content
[2026-03-30 00:21:06][INFO] /0:0:0:0:0:0:0:1 "GET /maps/world/tiles/0/x8/z-2/6.prbm?840123 HTTP/1.1" 204 No Content
[2026-03-30 00:21:06][INFO] /0:0:0:0:0:0:0:1 "GET /maps/world/tiles/0/x8/z-2/5.prbm?840123 HTTP/1.1" 204 No Content
[2026-03-30 00:21:06][INFO] /0:0:0:0:0:0:0:1 "GET /maps/world/tiles/0/x8/z-2/4.prbm?840123 HTTP/1.1" 204 No Content
[2026-03-30 00:21:06][INFO] /0:0:0:0:0:0:0:1 "GET /maps/world/tiles/0/x8/z-2/3.prbm?840123 HTTP/1.1" 204 No Content
[2026-03-30 00:21:06][INFO] /0:0:0:0:0:0:0:1 "GET /maps/world/tiles/0/x8/z-2/2.prbm?840123 HTTP/1.1" 204 No Content
[2026-03-30 00:21:06][INFO] /0:0:0:0:0:0:0:1 "GET /maps/world/tiles/0/x8/z-2/1.prbm?840123 HTTP/1.1" 204 No Content
[2026-03-30 00:21:06][INFO] /0:0:0:0:0:0:0:1 "GET /maps/world/tiles/0/x8/z-2/0.prbm?840123 HTTP/1.1" 204 No Content
[2026-03-30 00:21:06][INFO] /0:0:0:0:0:0:0:1 "GET /maps/world/tiles/0/x7/z-2/0.prbm?840123 HTTP/1.1" 204 No Content
[2026-03-30 00:21:06][INFO] /0:0:0:0:0:0:0:1 "GET /maps/world/tiles/0/x6/z-2/0.prbm?840123 HTTP/1.1" 204 No Content
[2026-03-30 00:21:06][INFO] /0:0:0:0:0:0:0:1 "GET /maps/world/tiles/0/x5/z-2/0.prbm?840123 HTTP/1.1" 204 No Content
[2026-03-30 00:21:06][INFO] /0:0:0:0:0:0:0:1 "GET /maps/world/tiles/0/x4/z-2/0.prbm?840123 HTTP/1.1" 204 No Content
[2026-03-30 00:21:06][INFO] /0:0:0:0:0:0:0:1 "GET /maps/world/tiles/0/x3/z-2/0.prbm?840123 HTTP/1.1" 204 No Content
[2026-03-30 00:21:06][INFO] /0:0:0:0:0:0:0:1 "GET /maps/world/tiles/0/x2/z-2/0.prbm?840123 HTTP/1.1" 204 No Content
[2026-03-30 00:21:06][INFO] /0:0:0:0:0:0:0:1 "GET /maps/world/tiles/0/x1/z-2/0.prbm?840123 HTTP/1.1" 204 No Content
[2026-03-30 00:21:06][INFO] /0:0:0:0:0:0:0:1 "GET /maps/world/tiles/0/x0/z-2/0.prbm?840123 HTTP/1.1" 204 No Content
[2026-03-30 00:21:06][INFO] /0:0:0:0:0:0:0:1 "GET /maps/world/tiles/0/x-1/z-2/0.prbm?840123 HTTP/1.1" 200 OK
[2026-03-30 00:21:06][INFO] /0:0:0:0:0:0:0:1 "GET /maps/world/tiles/0/x-2/z-2/0.prbm?840123 HTTP/1.1" 200 OK
[2026-03-30 00:21:06][INFO] /0:0:0:0:0:0:0:1 "GET /maps/world/tiles/0/x-3/z-2/0.prbm?840123 HTTP/1.1" 200 OK
[2026-03-30 00:21:06][INFO] /0:0:0:0:0:0:0:1 "GET /maps/world/tiles/0/x-4/z-2/0.prbm?840123 HTTP/1.1" 200 OK
[2026-03-30 00:21:06][INFO] /0:0:0:0:0:0:0:1 "GET /maps/world/tiles/0/x-5/z-2/0.prbm?840123 HTTP/1.1" 200 OK
[2026-03-30 00:21:06][INFO] /0:0:0:0:0:0:0:1 "GET /maps/world/tiles/0/x-6/z-2/0.prbm?840123 HTTP/1.1" 200 OK
[2026-03-30 00:21:06][INFO] /0:0:0:0:0:0:0:1 "GET /maps/world/tiles/0/x-7/z-2/0.prbm?840123 HTTP/1.1" 200 OK
[2026-03-30 00:21:06][INFO] /0:0:0:0:0:0:0:1 "GET /maps/world/tiles/0/x-8/z-2/0.prbm?840123 HTTP/1.1" 204 No Content
[2026-03-30 00:21:06][INFO] /0:0:0:0:0:0:0:1 "GET /maps/world/tiles/0/x-8/z-2/1.prbm?840123 HTTP/1.1" 204 No Content
[2026-03-30 00:21:06][INFO] /0:0:0:0:0:0:0:1 "GET /maps/world/tiles/0/x-8/z-2/2.prbm?840123 HTTP/1.1" 204 No Content
[2026-03-30 00:21:06][INFO] /0:0:0:0:0:0:0:1 "GET /maps/world/tiles/0/x-8/z-2/3.prbm?840123 HTTP/1.1" 204 No Content
[2026-03-30 00:21:06][INFO] /0:0:0:0:0:0:0:1 "GET /maps/world/tiles/0/x-8/z-2/4.prbm?840123 HTTP/1.1" 204 No Content
[2026-03-30 00:21:06][INFO] /0:0:0:0:0:0:0:1 "GET /maps/world/tiles/0/x-8/z-2/5.prbm?840123 HTTP/1.1" 204 No Content
[2026-03-30 00:21:06][INFO] /0:0:0:0:0:0:0:1 "GET /maps/world/tiles/0/x-8/z-2/6.prbm?840123 HTTP/1.1" 204 No Content
[2026-03-30 00:21:06][INFO] /0:0:0:0:0:0:0:1 "GET /maps/world/tiles/0/x-8/z-2/7.prbm?840123 HTTP/1.1" 204 No Content
[2026-03-30 00:21:06][INFO] /0:0:0:0:0:0:0:1 "GET /maps/world/tiles/0/x-8/z-2/8.prbm?840123 HTTP/1.1" 204 No Content
[2026-03-30 00:21:06][INFO] /0:0:0:0:0:0:0:1 "GET /maps/world/tiles/0/x-8/z-2/9.prbm?840123 HTTP/1.1" 204 No Content
[2026-03-30 00:21:06][INFO] /0:0:0:0:0:0:0:1 "GET /maps/world/tiles/0/x-8/z-3/0.prbm?840123 HTTP/1.1" 204 No Content
[2026-03-30 00:21:06][INFO] /0:0:0:0:0:0:0:1 "GET /maps/world/tiles/0/x-8/z-3/1.prbm?840123 HTTP/1.1" 204 No Content
[2026-03-30 00:21:06][INFO] /0:0:0:0:0:0:0:1 "GET /maps/world/tiles/0/x-8/z-3/2.prbm?840123 HTTP/1.1" 204 No Content
[2026-03-30 00:21:06][INFO] /0:0:0:0:0:0:0:1 "GET /maps/world/tiles/0/x-8/z-3/3.prbm?840123 HTTP/1.1" 204 No Content
[2026-03-30 00:21:06][INFO] /0:0:0:0:0:0:0:1 "GET /maps/world/tiles/0/x-8/z-3/4.prbm?840123 HTTP/1.1" 204 No Content
[2026-03-30 00:21:06][INFO] /0:0:0:0:0:0:0:1 "GET /maps/world/tiles/0/x-8/z-3/5.prbm?840123 HTTP/1.1" 204 No Content
[2026-03-30 00:21:06][INFO] /0:0:0:0:0:0:0:1 "GET /maps/world/tiles/0/x-8/z-3/6.prbm?840123 HTTP/1.1" 204 No Content
[2026-03-30 00:21:06][INFO] /0:0:0:0:0:0:0:1 "GET /maps/world/tiles/0/x-7/z-3/6.prbm?840123 HTTP/1.1" 200 OK
[2026-03-30 00:21:06][INFO] /0:0:0:0:0:0:0:1 "GET /maps/world/tiles/0/x-6/z-3/6.prbm?840123 HTTP/1.1" 200 OK
[2026-03-30 00:21:06][INFO] /0:0:0:0:0:0:0:1 "GET /maps/world/tiles/0/x-5/z-3/6.prbm?840123 HTTP/1.1" 200 OK
[2026-03-30 00:21:06][INFO] /0:0:0:0:0:0:0:1 "GET /maps/world/tiles/0/x-4/z-3/6.prbm?840123 HTTP/1.1" 200 OK
[2026-03-30 00:21:06][INFO] /0:0:0:0:0:0:0:1 "GET /maps/world/tiles/0/x-3/z-3/6.prbm?840123 HTTP/1.1" 200 OK
[2026-03-30 00:21:06][INFO] /0:0:0:0:0:0:0:1 "GET /maps/world/tiles/0/x-2/z-3/6.prbm?840123 HTTP/1.1" 200 OK
[2026-03-30 00:21:06][INFO] /0:0:0:0:0:0:0:1 "GET /maps/world/tiles/0/x-1/z-3/6.prbm?840123 HTTP/1.1" 200 OK
[2026-03-30 00:21:06][INFO] /0:0:0:0:0:0:0:1 "GET /maps/world/tiles/0/x0/z-3/6.prbm?840123 HTTP/1.1" 204 No Content
[2026-03-30 00:21:06][INFO] /0:0:0:0:0:0:0:1 "GET /maps/world/tiles/0/x1/z-3/6.prbm?840123 HTTP/1.1" 204 No Content
[2026-03-30 00:21:06][INFO] /0:0:0:0:0:0:0:1 "GET /maps/world/tiles/0/x2/z-3/6.prbm?840123 HTTP/1.1" 204 No Content
[2026-03-30 00:21:06][INFO] /0:0:0:0:0:0:0:1 "GET /maps/world/tiles/0/x3/z-3/6.prbm?840123 HTTP/1.1" 204 No Content
[2026-03-30 00:21:07][INFO] /0:0:0:0:0:0:0:1 "GET /maps/world/tiles/0/x4/z-3/6.prbm?840123 HTTP/1.1" 204 No Content
[2026-03-30 00:21:07][INFO] /0:0:0:0:0:0:0:1 "GET /maps/world/tiles/0/x5/z-3/6.prbm?840123 HTTP/1.1" 204 No Content
[2026-03-30 00:21:07][INFO] /0:0:0:0:0:0:0:1 "GET /maps/world/tiles/0/x6/z-3/6.prbm?840123 HTTP/1.1" 204 No Content
[2026-03-30 00:21:07][INFO] /0:0:0:0:0:0:0:1 "GET /maps/world/tiles/0/x7/z-3/6.prbm?840123 HTTP/1.1" 204 No Content
[2026-03-30 00:21:07][INFO] /0:0:0:0:0:0:0:1 "GET /maps/world/tiles/0/x8/z-3/6.prbm?840123 HTTP/1.1" 204 No Content
[2026-03-30 00:21:07][INFO] /0:0:0:0:0:0:0:1 "GET /maps/world/tiles/0/x9/z-3/6.prbm?840123 HTTP/1.1" 204 No Content
[2026-03-30 00:21:07][INFO] /0:0:0:0:0:0:0:1 "GET /maps/world/tiles/0/x9/z-3/5.prbm?840123 HTTP/1.1" 204 No Content
[2026-03-30 00:21:07][INFO] /0:0:0:0:0:0:0:1 "GET /maps/world/tiles/0/x9/z-3/4.prbm?840123 HTTP/1.1" 204 No Content
[2026-03-30 00:21:07][INFO] /0:0:0:0:0:0:0:1 "GET /maps/world/tiles/0/x9/z-3/3.prbm?840123 HTTP/1.1" 204 No Content
[2026-03-30 00:21:07][INFO] /0:0:0:0:0:0:0:1 "GET /maps/world/tiles/0/x9/z-3/2.prbm?840123 HTTP/1.1" 204 No Content
[2026-03-30 00:21:07][INFO] /0:0:0:0:0:0:0:1 "GET /maps/world/tiles/0/x9/z-3/1.prbm?840123 HTTP/1.1" 204 No Content
[2026-03-30 00:21:07][INFO] /0:0:0:0:0:0:0:1 "GET /maps/world/tiles/0/x9/z-3/0.prbm?840123 HTTP/1.1" 204 No Content
[2026-03-30 00:21:07][INFO] /0:0:0:0:0:0:0:1 "GET /maps/world/tiles/0/x9/z-2/9.prbm?840123 HTTP/1.1" 204 No Content
[2026-03-30 00:21:07][INFO] /0:0:0:0:0:0:0:1 "GET /maps/world/tiles/0/x9/z-2/8.prbm?840123 HTTP/1.1" 204 No Content
[2026-03-30 00:21:07][INFO] /0:0:0:0:0:0:0:1 "GET /maps/world/tiles/0/x9/z-2/7.prbm?840123 HTTP/1.1" 204 No Content
[2026-03-30 00:21:07][INFO] /0:0:0:0:0:0:0:1 "GET /maps/world/tiles/0/x9/z-2/6.prbm?840123 HTTP/1.1" 204 No Content
[2026-03-30 00:21:07][INFO] /0:0:0:0:0:0:0:1 "GET /maps/world/tiles/0/x9/z-2/5.prbm?840123 HTTP/1.1" 204 No Content
[2026-03-30 00:21:07][INFO] /0:0:0:0:0:0:0:1 "GET /maps/world/tiles/0/x9/z-2/4.prbm?840123 HTTP/1.1" 204 No Content
[2026-03-30 00:21:07][INFO] /0:0:0:0:0:0:0:1 "GET /maps/world/tiles/0/x9/z-2/3.prbm?840123 HTTP/1.1" 204 No Content
[2026-03-30 00:21:07][INFO] /0:0:0:0:0:0:0:1 "GET /maps/world/tiles/0/x9/z-2/2.prbm?840123 HTTP/1.1" 204 No Content
[2026-03-30 00:21:07][INFO] /0:0:0:0:0:0:0:1 "GET /maps/world/tiles/0/x9/z-2/1.prbm?840123 HTTP/1.1" 204 No Content
[2026-03-30 00:21:07][INFO] /0:0:0:0:0:0:0:1 "GET /maps/world/tiles/0/x9/z-2/0.prbm?840123 HTTP/1.1" 204 No Content
[2026-03-30 00:21:07][INFO] /0:0:0:0:0:0:0:1 "GET /maps/world/tiles/0/x9/z-1/9.prbm?840123 HTTP/1.1" 204 No Content
[2026-03-30 00:21:07][INFO] /0:0:0:0:0:0:0:1 "GET /maps/world/tiles/0/x8/z-1/9.prbm?840123 HTTP/1.1" 204 No Content
[2026-03-30 00:21:07][INFO] /0:0:0:0:0:0:0:1 "GET /maps/world/tiles/0/x7/z-1/9.prbm?840123 HTTP/1.1" 204 No Content
[2026-03-30 00:21:07][INFO] /0:0:0:0:0:0:0:1 "GET /maps/world/tiles/0/x6/z-1/9.prbm?840123 HTTP/1.1" 204 No Content
[2026-03-30 00:21:07][INFO] /0:0:0:0:0:0:0:1 "GET /maps/world/tiles/0/x5/z-1/9.prbm?840123 HTTP/1.1" 204 No Content
[2026-03-30 00:21:07][INFO] /0:0:0:0:0:0:0:1 "GET /maps/world/tiles/0/x4/z-1/9.prbm?840123 HTTP/1.1" 204 No Content
[2026-03-30 00:21:07][INFO] /0:0:0:0:0:0:0:1 "GET /maps/world/tiles/0/x3/z-1/9.prbm?840123 HTTP/1.1" 204 No Content
[2026-03-30 00:21:07][INFO] /0:0:0:0:0:0:0:1 "GET /maps/world/tiles/0/x2/z-1/9.prbm?840123 HTTP/1.1" 204 No Content
[2026-03-30 00:21:07][INFO] /0:0:0:0:0:0:0:1 "GET /maps/world/tiles/0/x1/z-1/9.prbm?840123 HTTP/1.1" 204 No Content
[2026-03-30 00:21:07][INFO] /0:0:0:0:0:0:0:1 "GET /maps/world/tiles/0/x0/z-1/9.prbm?840123 HTTP/1.1" 204 No Content
[2026-03-30 00:21:07][INFO] /0:0:0:0:0:0:0:1 "GET /maps/world/tiles/0/x-1/z-1/9.prbm?840123 HTTP/1.1" 200 OK
[2026-03-30 00:21:07][INFO] /0:0:0:0:0:0:0:1 "GET /maps/world/tiles/0/x-2/z-1/9.prbm?840123 HTTP/1.1" 200 OK
[2026-03-30 00:21:07][INFO] /0:0:0:0:0:0:0:1 "GET /maps/world/tiles/0/x-3/z-1/9.prbm?840123 HTTP/1.1" 200 OK
[2026-03-30 00:21:07][INFO] /0:0:0:0:0:0:0:1 "GET /maps/world/tiles/0/x-4/z-1/9.prbm?840123 HTTP/1.1" 200 OK
[2026-03-30 00:21:07][INFO] /0:0:0:0:0:0:0:1 "GET /maps/world/tiles/0/x-5/z-1/9.prbm?840123 HTTP/1.1" 200 OK
[2026-03-30 00:21:07][INFO] /0:0:0:0:0:0:0:1 "GET /maps/world/tiles/0/x-6/z-1/9.prbm?840123 HTTP/1.1" 200 OK
[2026-03-30 00:21:07][INFO] /0:0:0:0:0:0:0:1 "GET /maps/world/tiles/0/x-7/z-1/9.prbm?840123 HTTP/1.1" 200 OK
[2026-03-30 00:21:07][INFO] /0:0:0:0:0:0:0:1 "GET /maps/world/tiles/0/x-8/z-1/9.prbm?840123 HTTP/1.1" 204 No Content
[2026-03-30 00:21:07][INFO] /0:0:0:0:0:0:0:1 "GET /maps/world/tiles/0/x-9/z-1/9.prbm?840123 HTTP/1.1" 204 No Content
[2026-03-30 00:21:07][INFO] /0:0:0:0:0:0:0:1 "GET /maps/world/tiles/0/x-9/z-2/0.prbm?840123 HTTP/1.1" 204 No Content
[2026-03-30 00:21:07][INFO] /0:0:0:0:0:0:0:1 "GET /maps/world/tiles/0/x-9/z-2/1.prbm?840123 HTTP/1.1" 204 No Content
[2026-03-30 00:21:07][INFO] /0:0:0:0:0:0:0:1 "GET /maps/world/tiles/0/x-9/z-2/2.prbm?840123 HTTP/1.1" 204 No Content
[2026-03-30 00:21:07][INFO] /0:0:0:0:0:0:0:1 "GET /maps/world/tiles/0/x-9/z-2/3.prbm?840123 HTTP/1.1" 204 No Content
[2026-03-30 00:21:07][INFO] /0:0:0:0:0:0:0:1 "GET /maps/world/tiles/0/x-9/z-2/4.prbm?840123 HTTP/1.1" 204 No Content
[2026-03-30 00:21:07][INFO] /0:0:0:0:0:0:0:1 "GET /maps/world/tiles/0/x-9/z-2/5.prbm?840123 HTTP/1.1" 204 No Content
[2026-03-30 00:21:07][INFO] /0:0:0:0:0:0:0:1 "GET /maps/world/tiles/0/x-9/z-2/6.prbm?840123 HTTP/1.1" 204 No Content
[2026-03-30 00:21:07][INFO] /0:0:0:0:0:0:0:1 "GET /maps/world/tiles/0/x-9/z-2/7.prbm?840123 HTTP/1.1" 204 No Content
[2026-03-30 00:21:07][INFO] /0:0:0:0:0:0:0:1 "GET /maps/world/tiles/0/x-9/z-2/8.prbm?840123 HTTP/1.1" 204 No Content
[2026-03-30 00:21:07][INFO] /0:0:0:0:0:0:0:1 "GET /maps/world/tiles/0/x-9/z-2/9.prbm?840123 HTTP/1.1" 204 No Content
[2026-03-30 00:21:07][INFO] /0:0:0:0:0:0:0:1 "GET /maps/world/tiles/0/x-9/z-3/0.prbm?840123 HTTP/1.1" 204 No Content
[2026-03-30 00:21:07][INFO] /0:0:0:0:0:0:0:1 "GET /maps/world/tiles/0/x-9/z-3/1.prbm?840123 HTTP/1.1" 204 No Content
[2026-03-30 00:21:07][INFO] /0:0:0:0:0:0:0:1 "GET /maps/world/tiles/0/x-9/z-3/2.prbm?840123 HTTP/1.1" 204 No Content
[2026-03-30 00:21:07][INFO] /0:0:0:0:0:0:0:1 "GET /maps/world/tiles/0/x-9/z-3/3.prbm?840123 HTTP/1.1" 204 No Content
[2026-03-30 00:21:07][INFO] /0:0:0:0:0:0:0:1 "GET /maps/world/tiles/0/x-9/z-3/4.prbm?840123 HTTP/1.1" 204 No Content
[2026-03-30 00:21:07][INFO] /0:0:0:0:0:0:0:1 "GET /maps/world/tiles/0/x-9/z-3/5.prbm?840123 HTTP/1.1" 204 No Content
[2026-03-30 00:21:07][INFO] /0:0:0:0:0:0:0:1 "GET /maps/world/tiles/0/x-9/z-3/6.prbm?840123 HTTP/1.1" 204 No Content
[2026-03-30 00:21:07][INFO] /0:0:0:0:0:0:0:1 "GET /maps/world/live/players.json?578192 HTTP/1.1" 200 OK
[2026-03-30 00:21:08][INFO] /0:0:0:0:0:0:0:1 "GET /maps/world/live/players.json?733224 HTTP/1.1" 200 OK
[2026-03-30 00:21:09][INFO] /0:0:0:0:0:0:0:1 "GET /maps/world/live/players.json?276021 HTTP/1.1" 200 OK
[2026-03-30 00:21:10][INFO] /0:0:0:0:0:0:0:1 "GET /maps/world/live/players.json?916003 HTTP/1.1" 200 OK
[2026-03-30 00:21:11][INFO] /0:0:0:0:0:0:0:1 "GET /maps/world/tiles/0/x-1/0/z-1/9.prbm?840123 HTTP/1.1" 200 OK
[2026-03-30 00:21:11][INFO] /0:0:0:0:0:0:0:1 "GET /maps/world/tiles/3/x-2/z0.png?840123 HTTP/1.1" 204 No Content
[2026-03-30 00:21:11][INFO] /0:0:0:0:0:0:0:1 "GET /maps/world/tiles/2/x-2/z0.png?840123 HTTP/1.1" 204 No Content
[2026-03-30 00:21:11][INFO] /0:0:0:0:0:0:0:1 "GET /maps/world/tiles/1/x-2/z-1.png?840123 HTTP/1.1" 204 No Content
[2026-03-30 00:21:11][INFO] /0:0:0:0:0:0:0:1 "GET /maps/world/tiles/3/x-2/z-1.png?840123 HTTP/1.1" 204 No Content
[2026-03-30 00:21:11][INFO] /0:0:0:0:0:0:0:1 "GET /maps/world/tiles/2/x-2/z-1.png?840123 HTTP/1.1" 204 No Content
[2026-03-30 00:21:11][INFO] /0:0:0:0:0:0:0:1 "GET /maps/world/tiles/1/x-2/z-2.png?840123 HTTP/1.1" 204 No Content
[2026-03-30 00:21:11][INFO] /0:0:0:0:0:0:0:1 "GET /maps/world/tiles/0/x-1/0/z-2/0.prbm?840123 HTTP/1.1" 200 OK
[2026-03-30 00:21:11][INFO] /0:0:0:0:0:0:0:1 "GET /maps/world/tiles/0/x-1/0/z-2/1.prbm?840123 HTTP/1.1" 200 OK
[2026-03-30 00:21:11][INFO] /0:0:0:0:0:0:0:1 "GET /maps/world/tiles/0/x-1/0/z-2/2.prbm?840123 HTTP/1.1" 200 OK
[2026-03-30 00:21:11][INFO] /0:0:0:0:0:0:0:1 "GET /maps/world/tiles/0/x-1/0/z-2/3.prbm?840123 HTTP/1.1" 200 OK
[2026-03-30 00:21:11][INFO] /0:0:0:0:0:0:0:1 "GET /maps/world/tiles/0/x-1/0/z-2/4.prbm?840123 HTTP/1.1" 200 OK
[2026-03-30 00:21:11][INFO] /0:0:0:0:0:0:0:1 "GET /maps/world/tiles/0/x-1/0/z-2/5.prbm?840123 HTTP/1.1" 200 OK
[2026-03-30 00:21:11][INFO] /0:0:0:0:0:0:0:1 "GET /maps/world/tiles/0/x-1/0/z-2/6.prbm?840123 HTTP/1.1" 200 OK
[2026-03-30 00:21:11][INFO] /0:0:0:0:0:0:0:1 "GET /maps/world/tiles/0/x-1/0/z-2/7.prbm?840123 HTTP/1.1" 200 OK
[2026-03-30 00:21:11][INFO] /0:0:0:0:0:0:0:1 "GET /maps/world/tiles/0/x-1/0/z-2/8.prbm?840123 HTTP/1.1" 200 OK
[2026-03-30 00:21:11][INFO] /0:0:0:0:0:0:0:1 "GET /maps/world/tiles/0/x-1/0/z-2/9.prbm?840123 HTTP/1.1" 200 OK
[2026-03-30 00:21:11][INFO] /0:0:0:0:0:0:0:1 "GET /maps/world/tiles/0/x-1/0/z-3/0.prbm?840123 HTTP/1.1" 200 OK
[2026-03-30 00:21:11][INFO] /0:0:0:0:0:0:0:1 "GET /maps/world/tiles/0/x-1/0/z-3/1.prbm?840123 HTTP/1.1" 200 OK
[2026-03-30 00:21:11][INFO] /0:0:0:0:0:0:0:1 "GET /maps/world/tiles/0/x-1/0/z-3/2.prbm?840123 HTTP/1.1" 200 OK
[2026-03-30 00:21:11][INFO] /0:0:0:0:0:0:0:1 "GET /maps/world/tiles/0/x-1/0/z-3/3.prbm?840123 HTTP/1.1" 200 OK
[2026-03-30 00:21:11][INFO] /0:0:0:0:0:0:0:1 "GET /maps/world/tiles/0/x-1/0/z-3/4.prbm?840123 HTTP/1.1" 200 OK
[2026-03-30 00:21:11][INFO] /0:0:0:0:0:0:0:1 "GET /maps/world/tiles/0/x-1/0/z-3/5.prbm?840123 HTTP/1.1" 200 OK
[2026-03-30 00:21:11][INFO] /0:0:0:0:0:0:0:1 "GET /maps/world/tiles/0/x-1/0/z-3/6.prbm?840123 HTTP/1.1" 200 OK
[2026-03-30 00:21:11][INFO] /0:0:0:0:0:0:0:1 "GET /maps/world/live/players.json?868605 HTTP/1.1" 200 OK
[2026-03-30 00:21:12][INFO] /0:0:0:0:0:0:0:1 "GET /maps/world/live/players.json?102296 HTTP/1.1" 200 OK
[2026-03-30 00:21:13][INFO] /0:0:0:0:0:0:0:1 "GET /maps/world/live/players.json?564201 HTTP/1.1" 200 OK
[2026-03-30 00:21:14][INFO] /0:0:0:0:0:0:0:1 "GET /maps/world/live/players.json?228874 HTTP/1.1" 200 OK
[2026-03-30 00:21:15][INFO] /0:0:0:0:0:0:0:1 "GET /maps/world/tiles/0/x1/z-1/8.prbm?840123 HTTP/1.1" 200 OK
[2026-03-30 00:21:15][INFO] /0:0:0:0:0:0:0:1 "GET /maps/world/tiles/0/x0/z-1/8.prbm?840123 HTTP/1.1" 200 OK
[2026-03-30 00:21:15][INFO] /0:0:0:0:0:0:0:1 "GET /maps/world/tiles/0/x-1/z-1/8.prbm?840123 HTTP/1.1" 200 OK
[2026-03-30 00:21:15][INFO] /0:0:0:0:0:0:0:1 "GET /maps/world/tiles/0/x-2/z-1/8.prbm?840123 HTTP/1.1" 200 OK
[2026-03-30 00:21:15][INFO] /0:0:0:0:0:0:0:1 "GET /maps/world/tiles/0/x-3/z-1/8.prbm?840123 HTTP/1.1" 200 OK
[2026-03-30 00:21:15][INFO] /0:0:0:0:0:0:0:1 "GET /maps/world/tiles/0/x-4/z-1/8.prbm?840123 HTTP/1.1" 200 OK
[2026-03-30 00:21:15][INFO] /0:0:0:0:0:0:0:1 "GET /maps/world/tiles/0/x-5/z-1/8.prbm?840123 HTTP/1.1" 200 OK
[2026-03-30 00:21:15][INFO] /0:0:0:0:0:0:0:1 "GET /maps/world/tiles/0/x-6/z-1/8.prbm?840123 HTTP/1.1" 200 OK
[2026-03-30 00:21:15][INFO] /0:0:0:0:0:0:0:1 "GET /maps/world/tiles/0/x-7/z-1/8.prbm?840123 HTTP/1.1" 200 OK
[2026-03-30 00:21:15][INFO] /0:0:0:0:0:0:0:1 "GET /maps/world/tiles/0/x2/z-1/8.prbm?840123 HTTP/1.1" 200 OK
[2026-03-30 00:21:15][INFO] /0:0:0:0:0:0:0:1 "GET /maps/world/tiles/0/x2/z-1/7.prbm?840123 HTTP/1.1" 200 OK
[2026-03-30 00:21:15][INFO] /0:0:0:0:0:0:0:1 "GET /maps/world/tiles/0/x1/z-1/7.prbm?840123 HTTP/1.1" 200 OK
[2026-03-30 00:21:15][INFO] /0:0:0:0:0:0:0:1 "GET /maps/world/tiles/0/x0/z-1/7.prbm?840123 HTTP/1.1" 200 OK
[2026-03-30 00:21:15][INFO] /0:0:0:0:0:0:0:1 "GET /maps/world/tiles/0/x-1/z-1/7.prbm?840123 HTTP/1.1" 200 OK
[2026-03-30 00:21:15][INFO] /0:0:0:0:0:0:0:1 "GET /maps/world/tiles/0/x-2/z-1/7.prbm?840123 HTTP/1.1" 200 OK
[2026-03-30 00:21:15][INFO] /0:0:0:0:0:0:0:1 "GET /maps/world/tiles/0/x-3/z-1/7.prbm?840123 HTTP/1.1" 200 OK
[2026-03-30 00:21:15][INFO] /0:0:0:0:0:0:0:1 "GET /maps/world/tiles/0/x-4/z-1/7.prbm?840123 HTTP/1.1" 200 OK
[2026-03-30 00:21:15][INFO] /0:0:0:0:0:0:0:1 "GET /maps/world/tiles/0/x-5/z-1/7.prbm?840123 HTTP/1.1" 200 OK
[2026-03-30 00:21:15][INFO] /0:0:0:0:0:0:0:1 "GET /maps/world/tiles/0/x-6/z-1/7.prbm?840123 HTTP/1.1" 200 OK
[2026-03-30 00:21:15][INFO] /0:0:0:0:0:0:0:1 "GET /maps/world/tiles/0/x-7/z-1/7.prbm?840123 HTTP/1.1" 200 OK
[2026-03-30 00:21:15][INFO] /0:0:0:0:0:0:0:1 "GET /maps/world/tiles/0/x-8/z-1/7.prbm?840123 HTTP/1.1" 200 OK
[2026-03-30 00:21:15][INFO] /0:0:0:0:0:0:0:1 "GET /maps/world/tiles/0/x-8/z-1/8.prbm?840123 HTTP/1.1" 200 OK
[2026-03-30 00:21:15][INFO] /0:0:0:0:0:0:0:1 "GET /maps/world/tiles/0/x3/z-1/8.prbm?840123 HTTP/1.1" 200 OK
[2026-03-30 00:21:15][INFO] /0:0:0:0:0:0:0:1 "GET /maps/world/tiles/0/x3/z-1/7.prbm?840123 HTTP/1.1" 200 OK
[2026-03-30 00:21:15][INFO] /0:0:0:0:0:0:0:1 "GET /maps/world/tiles/0/x3/z-1/6.prbm?840123 HTTP/1.1" 200 OK
[2026-03-30 00:21:15][INFO] /0:0:0:0:0:0:0:1 "GET /maps/world/tiles/0/x2/z-1/6.prbm?840123 HTTP/1.1" 200 OK
[2026-03-30 00:21:15][INFO] /0:0:0:0:0:0:0:1 "GET /maps/world/tiles/0/x1/z-1/6.prbm?840123 HTTP/1.1" 200 OK
[2026-03-30 00:21:15][INFO] /0:0:0:0:0:0:0:1 "GET /maps/world/tiles/0/x0/z-1/6.prbm?840123 HTTP/1.1" 200 OK
[2026-03-30 00:21:15][INFO] /0:0:0:0:0:0:0:1 "GET /maps/world/tiles/0/x-1/z-1/6.prbm?840123 HTTP/1.1" 200 OK
[2026-03-30 00:21:15][INFO] /0:0:0:0:0:0:0:1 "GET /maps/world/tiles/0/x-2/z-1/6.prbm?840123 HTTP/1.1" 200 OK
[2026-03-30 00:21:15][INFO] /0:0:0:0:0:0:0:1 "GET /maps/world/tiles/0/x-3/z-1/6.prbm?840123 HTTP/1.1" 200 OK
[2026-03-30 00:21:15][INFO] /0:0:0:0:0:0:0:1 "GET /maps/world/tiles/0/x-4/z-1/6.prbm?840123 HTTP/1.1" 200 OK
[2026-03-30 00:21:15][INFO] /0:0:0:0:0:0:0:1 "GET /maps/world/tiles/0/x-5/z-1/6.prbm?840123 HTTP/1.1" 200 OK
[2026-03-30 00:21:15][INFO] /0:0:0:0:0:0:0:1 "GET /maps/world/tiles/0/x-6/z-1/6.prbm?840123 HTTP/1.1" 200 OK
[2026-03-30 00:21:15][INFO] /0:0:0:0:0:0:0:1 "GET /maps/world/tiles/0/x-7/z-1/6.prbm?840123 HTTP/1.1" 200 OK
[2026-03-30 00:21:15][INFO] /0:0:0:0:0:0:0:1 "GET /maps/world/tiles/0/x-8/z-1/6.prbm?840123 HTTP/1.1" 200 OK
[2026-03-30 00:21:15][INFO] /0:0:0:0:0:0:0:1 "GET /maps/world/tiles/0/x-9/z-1/6.prbm?840123 HTTP/1.1" 200 OK
[2026-03-30 00:21:15][INFO] /0:0:0:0:0:0:0:1 "GET /maps/world/tiles/0/x-9/z-1/7.prbm?840123 HTTP/1.1" 200 OK
[2026-03-30 00:21:15][INFO] /0:0:0:0:0:0:0:1 "GET /maps/world/tiles/0/x-9/z-1/8.prbm?840123 HTTP/1.1" 200 OK
[2026-03-30 00:21:15][INFO] /0:0:0:0:0:0:0:1 "GET /maps/world/tiles/0/x4/z-1/8.prbm?840123 HTTP/1.1" 200 OK
[2026-03-30 00:21:15][INFO] /0:0:0:0:0:0:0:1 "GET /maps/world/tiles/0/x4/z-1/7.prbm?840123 HTTP/1.1" 200 OK
[2026-03-30 00:21:15][INFO] /0:0:0:0:0:0:0:1 "GET /maps/world/tiles/0/x4/z-1/6.prbm?840123 HTTP/1.1" 200 OK
[2026-03-30 00:21:15][INFO] /0:0:0:0:0:0:0:1 "GET /maps/world/tiles/0/x4/z-1/5.prbm?840123 HTTP/1.1" 200 OK
[2026-03-30 00:21:15][INFO] /0:0:0:0:0:0:0:1 "GET /maps/world/tiles/0/x3/z-1/5.prbm?840123 HTTP/1.1" 200 OK
[2026-03-30 00:21:15][INFO] /0:0:0:0:0:0:0:1 "GET /maps/world/tiles/0/x2/z-1/5.prbm?840123 HTTP/1.1" 200 OK
[2026-03-30 00:21:15][INFO] /0:0:0:0:0:0:0:1 "GET /maps/world/tiles/0/x1/z-1/5.prbm?840123 HTTP/1.1" 200 OK
[2026-03-30 00:21:15][INFO] /0:0:0:0:0:0:0:1 "GET /maps/world/tiles/0/x0/z-1/5.prbm?840123 HTTP/1.1" 200 OK
[2026-03-30 00:21:15][INFO] /0:0:0:0:0:0:0:1 "GET /maps/world/tiles/0/x-1/z-1/5.prbm?840123 HTTP/1.1" 200 OK
[2026-03-30 00:21:15][INFO] /0:0:0:0:0:0:0:1 "GET /maps/world/tiles/0/x-2/z-1/5.prbm?840123 HTTP/1.1" 200 OK
[2026-03-30 00:21:15][INFO] /0:0:0:0:0:0:0:1 "GET /maps/world/tiles/0/x-3/z-1/5.prbm?840123 HTTP/1.1" 200 OK
[2026-03-30 00:21:15][INFO] /0:0:0:0:0:0:0:1 "GET /maps/world/tiles/0/x-4/z-1/5.prbm?840123 HTTP/1.1" 200 OK
[2026-03-30 00:21:15][INFO] /0:0:0:0:0:0:0:1 "GET /maps/world/tiles/0/x-5/z-1/5.prbm?840123 HTTP/1.1" 200 OK
[2026-03-30 00:21:15][INFO] /0:0:0:0:0:0:0:1 "GET /maps/world/tiles/0/x-6/z-1/5.prbm?840123 HTTP/1.1" 200 OK
[2026-03-30 00:21:15][INFO] /0:0:0:0:0:0:0:1 "GET /maps/world/tiles/0/x-7/z-1/5.prbm?840123 HTTP/1.1" 200 OK
[2026-03-30 00:21:15][INFO] /0:0:0:0:0:0:0:1 "GET /maps/world/tiles/0/x-8/z-1/5.prbm?840123 HTTP/1.1" 200 OK
[2026-03-30 00:21:15][INFO] /0:0:0:0:0:0:0:1 "GET /maps/world/tiles/0/x-9/z-1/5.prbm?840123 HTTP/1.1" 200 OK
[2026-03-30 00:21:15][INFO] /0:0:0:0:0:0:0:1 "GET /maps/world/tiles/0/x-1/0/z-1/5.prbm?840123 HTTP/1.1" 200 OK
[2026-03-30 00:21:15][INFO] /0:0:0:0:0:0:0:1 "GET /maps/world/tiles/0/x-1/0/z-1/6.prbm?840123 HTTP/1.1" 200 OK
[2026-03-30 00:21:15][INFO] /0:0:0:0:0:0:0:1 "GET /maps/world/tiles/0/x-1/0/z-1/7.prbm?840123 HTTP/1.1" 200 OK
[2026-03-30 00:21:15][INFO] /0:0:0:0:0:0:0:1 "GET /maps/world/tiles/0/x-1/0/z-1/8.prbm?840123 HTTP/1.1" 200 OK
[2026-03-30 00:21:15][INFO] /0:0:0:0:0:0:0:1 "GET /maps/world/tiles/0/x5/z-1/8.prbm?840123 HTTP/1.1" 200 OK
[2026-03-30 00:21:15][INFO] /0:0:0:0:0:0:0:1 "GET /maps/world/tiles/0/x5/z-1/7.prbm?840123 HTTP/1.1" 200 OK
[2026-03-30 00:21:15][INFO] /0:0:0:0:0:0:0:1 "GET /maps/world/live/markers.json?539088 HTTP/1.1" 200 OK
[2026-03-30 00:21:15][INFO] /0:0:0:0:0:0:0:1 "GET /maps/world/tiles/0/x5/z-1/6.prbm?840123 HTTP/1.1" 200 OK
[2026-03-30 00:21:15][INFO] /0:0:0:0:0:0:0:1 "GET /maps/world/tiles/0/x5/z-1/5.prbm?840123 HTTP/1.1" 200 OK
[2026-03-30 00:21:15][INFO] /0:0:0:0:0:0:0:1 "GET /maps/world/tiles/0/x5/z-1/4.prbm?840123 HTTP/1.1" 200 OK
[2026-03-30 00:21:15][INFO] /0:0:0:0:0:0:0:1 "GET /maps/world/live/players.json?917581 HTTP/1.1" 200 OK
[2026-03-30 00:21:15][INFO] /0:0:0:0:0:0:0:1 "GET /maps/world/tiles/0/x4/z-1/4.prbm?840123 HTTP/1.1" 200 OK
[2026-03-30 00:21:15][INFO] /0:0:0:0:0:0:0:1 "GET /maps/world/tiles/0/x3/z-1/4.prbm?840123 HTTP/1.1" 200 OK
[2026-03-30 00:21:15][INFO] /0:0:0:0:0:0:0:1 "GET /maps/world/tiles/0/x2/z-1/4.prbm?840123 HTTP/1.1" 200 OK
[2026-03-30 00:21:15][INFO] /0:0:0:0:0:0:0:1 "GET /maps/world/tiles/0/x1/z-1/4.prbm?840123 HTTP/1.1" 200 OK
[2026-03-30 00:21:15][INFO] /0:0:0:0:0:0:0:1 "GET /maps/world/tiles/0/x0/z-1/4.prbm?840123 HTTP/1.1" 200 OK
[2026-03-30 00:21:15][INFO] /0:0:0:0:0:0:0:1 "GET /maps/world/tiles/0/x-1/z-1/4.prbm?840123 HTTP/1.1" 200 OK
[2026-03-30 00:21:15][INFO] /0:0:0:0:0:0:0:1 "GET /maps/world/tiles/0/x-2/z-1/4.prbm?840123 HTTP/1.1" 200 OK
[2026-03-30 00:21:15][INFO] /0:0:0:0:0:0:0:1 "GET /maps/world/tiles/0/x-3/z-1/4.prbm?840123 HTTP/1.1" 200 OK
[2026-03-30 00:21:15][INFO] /0:0:0:0:0:0:0:1 "GET /maps/world/tiles/0/x-4/z-1/4.prbm?840123 HTTP/1.1" 200 OK
[2026-03-30 00:21:15][INFO] /0:0:0:0:0:0:0:1 "GET /maps/world/tiles/0/x-5/z-1/4.prbm?840123 HTTP/1.1" 200 OK
[2026-03-30 00:21:15][INFO] /0:0:0:0:0:0:0:1 "GET /maps/world/tiles/0/x-6/z-1/4.prbm?840123 HTTP/1.1" 200 OK
[2026-03-30 00:21:15][INFO] /0:0:0:0:0:0:0:1 "GET /maps/world/tiles/0/x-7/z-1/4.prbm?840123 HTTP/1.1" 200 OK
[2026-03-30 00:21:15][INFO] /0:0:0:0:0:0:0:1 "GET /maps/world/tiles/0/x-8/z-1/4.prbm?840123 HTTP/1.1" 200 OK
[2026-03-30 00:21:15][INFO] /0:0:0:0:0:0:0:1 "GET /maps/world/tiles/0/x-9/z-1/4.prbm?840123 HTTP/1.1" 200 OK
[2026-03-30 00:21:15][INFO] /0:0:0:0:0:0:0:1 "GET /maps/world/tiles/0/x-1/0/z-1/4.prbm?840123 HTTP/1.1" 200 OK
[2026-03-30 00:21:15][INFO] /0:0:0:0:0:0:0:1 "GET /maps/world/tiles/0/x-1/1/z-1/4.prbm?840123 HTTP/1.1" 200 OK
[2026-03-30 00:21:15][INFO] /0:0:0:0:0:0:0:1 "GET /maps/world/tiles/0/x-1/1/z-1/5.prbm?840123 HTTP/1.1" 200 OK
[2026-03-30 00:21:15][INFO] /0:0:0:0:0:0:0:1 "GET /maps/world/tiles/0/x-1/1/z-1/6.prbm?840123 HTTP/1.1" 200 OK
[2026-03-30 00:21:15][INFO] /0:0:0:0:0:0:0:1 "GET /maps/world/tiles/0/x-1/1/z-1/7.prbm?840123 HTTP/1.1" 200 OK
[2026-03-30 00:21:15][INFO] /0:0:0:0:0:0:0:1 "GET /maps/world/tiles/0/x-1/1/z-1/8.prbm?840123 HTTP/1.1" 200 OK
[2026-03-30 00:21:15][INFO] /0:0:0:0:0:0:0:1 "GET /maps/world/tiles/0/x-1/1/z-1/9.prbm?840123 HTTP/1.1" 200 OK
[2026-03-30 00:21:15][INFO] /0:0:0:0:0:0:0:1 "GET /maps/world/tiles/0/x-1/1/z-2/0.prbm?840123 HTTP/1.1" 200 OK
[2026-03-30 00:21:15][INFO] /0:0:0:0:0:0:0:1 "GET /maps/world/tiles/0/x-1/1/z-2/1.prbm?840123 HTTP/1.1" 200 OK
[2026-03-30 00:21:15][INFO] /0:0:0:0:0:0:0:1 "GET /maps/world/tiles/0/x-1/1/z-2/2.prbm?840123 HTTP/1.1" 200 OK
[2026-03-30 00:21:15][INFO] /0:0:0:0:0:0:0:1 "GET /maps/world/tiles/0/x-1/1/z-2/3.prbm?840123 HTTP/1.1" 200 OK
[2026-03-30 00:21:15][INFO] /0:0:0:0:0:0:0:1 "GET /maps/world/tiles/0/x-1/1/z-2/4.prbm?840123 HTTP/1.1" 200 OK
[2026-03-30 00:21:15][INFO] /0:0:0:0:0:0:0:1 "GET /maps/world/tiles/0/x-1/1/z-2/5.prbm?840123 HTTP/1.1" 200 OK
[2026-03-30 00:21:15][INFO] /0:0:0:0:0:0:0:1 "GET /maps/world/tiles/0/x-1/1/z-2/6.prbm?840123 HTTP/1.1" 200 OK
[2026-03-30 00:21:15][INFO] /0:0:0:0:0:0:0:1 "GET /maps/world/tiles/0/x-1/1/z-2/7.prbm?840123 HTTP/1.1" 200 OK
[2026-03-30 00:21:15][INFO] /0:0:0:0:0:0:0:1 "GET /maps/world/tiles/0/x-1/1/z-2/8.prbm?840123 HTTP/1.1" 200 OK
[2026-03-30 00:21:15][INFO] /0:0:0:0:0:0:0:1 "GET /maps/world/tiles/0/x-1/1/z-2/9.prbm?840123 HTTP/1.1" 200 OK
[2026-03-30 00:21:15][INFO] /0:0:0:0:0:0:0:1 "GET /maps/world/tiles/0/x-1/1/z-3/0.prbm?840123 HTTP/1.1" 200 OK
[2026-03-30 00:21:15][INFO] /0:0:0:0:0:0:0:1 "GET /maps/world/tiles/0/x6/z-1/8.prbm?840123 HTTP/1.1" 200 OK
[2026-03-30 00:21:15][INFO] /0:0:0:0:0:0:0:1 "GET /maps/world/tiles/0/x6/z-1/7.prbm?840123 HTTP/1.1" 200 OK
[2026-03-30 00:21:15][INFO] /0:0:0:0:0:0:0:1 "GET /maps/world/tiles/0/x6/z-1/6.prbm?840123 HTTP/1.1" 200 OK
[2026-03-30 00:21:15][INFO] /0:0:0:0:0:0:0:1 "GET /maps/world/tiles/0/x6/z-1/5.prbm?840123 HTTP/1.1" 200 OK
[2026-03-30 00:21:15][INFO] /0:0:0:0:0:0:0:1 "GET /maps/world/tiles/0/x6/z-1/4.prbm?840123 HTTP/1.1" 200 OK
[2026-03-30 00:21:15][INFO] /0:0:0:0:0:0:0:1 "GET /maps/world/tiles/0/x6/z-1/3.prbm?840123 HTTP/1.1" 200 OK
[2026-03-30 00:21:15][INFO] /0:0:0:0:0:0:0:1 "GET /maps/world/tiles/0/x5/z-1/3.prbm?840123 HTTP/1.1" 200 OK
[2026-03-30 00:21:16][INFO] /0:0:0:0:0:0:0:1 "GET /maps/world/tiles/0/x4/z-1/3.prbm?840123 HTTP/1.1" 200 OK
[2026-03-30 00:21:16][INFO] /0:0:0:0:0:0:0:1 "GET /maps/world/tiles/0/x3/z-1/3.prbm?840123 HTTP/1.1" 200 OK
[2026-03-30 00:21:16][INFO] /0:0:0:0:0:0:0:1 "GET /maps/world/tiles/0/x2/z-1/3.prbm?840123 HTTP/1.1" 200 OK
[2026-03-30 00:21:16][INFO] /0:0:0:0:0:0:0:1 "GET /maps/world/tiles/0/x1/z-1/3.prbm?840123 HTTP/1.1" 200 OK
[2026-03-30 00:21:16][INFO] /0:0:0:0:0:0:0:1 "GET /maps/world/tiles/0/x0/z-1/3.prbm?840123 HTTP/1.1" 200 OK
[2026-03-30 00:21:16][INFO] /0:0:0:0:0:0:0:1 "GET /maps/world/tiles/0/x-1/z-1/3.prbm?840123 HTTP/1.1" 200 OK
[2026-03-30 00:21:16][INFO] /0:0:0:0:0:0:0:1 "GET /maps/world/tiles/0/x-2/z-1/3.prbm?840123 HTTP/1.1" 200 OK
[2026-03-30 00:21:16][INFO] /0:0:0:0:0:0:0:1 "GET /maps/world/tiles/0/x-3/z-1/3.prbm?840123 HTTP/1.1" 200 OK
[2026-03-30 00:21:16][INFO] /0:0:0:0:0:0:0:1 "GET /maps/world/tiles/0/x-4/z-1/3.prbm?840123 HTTP/1.1" 200 OK
[2026-03-30 00:21:16][INFO] /0:0:0:0:0:0:0:1 "GET /maps/world/tiles/0/x-5/z-1/3.prbm?840123 HTTP/1.1" 200 OK
[2026-03-30 00:21:16][INFO] /0:0:0:0:0:0:0:1 "GET /maps/world/tiles/0/x-6/z-1/3.prbm?840123 HTTP/1.1" 200 OK
[2026-03-30 00:21:16][INFO] /0:0:0:0:0:0:0:1 "GET /maps/world/tiles/0/x-7/z-1/3.prbm?840123 HTTP/1.1" 200 OK
[2026-03-30 00:21:16][INFO] /0:0:0:0:0:0:0:1 "GET /maps/world/tiles/0/x-8/z-1/3.prbm?840123 HTTP/1.1" 200 OK
[2026-03-30 00:21:16][INFO] /0:0:0:0:0:0:0:1 "GET /maps/world/tiles/0/x-9/z-1/3.prbm?840123 HTTP/1.1" 200 OK
[2026-03-30 00:21:16][INFO] /0:0:0:0:0:0:0:1 "GET /maps/world/tiles/0/x-1/0/z-1/3.prbm?840123 HTTP/1.1" 200 OK
[2026-03-30 00:21:16][INFO] /0:0:0:0:0:0:0:1 "GET /maps/world/tiles/0/x-1/1/z-1/3.prbm?840123 HTTP/1.1" 200 OK
[2026-03-30 00:21:16][INFO] /0:0:0:0:0:0:0:1 "GET /maps/world/tiles/0/x-1/2/z-1/3.prbm?840123 HTTP/1.1" 200 OK
[2026-03-30 00:21:16][INFO] /0:0:0:0:0:0:0:1 "GET /maps/world/tiles/0/x-1/2/z-1/4.prbm?840123 HTTP/1.1" 200 OK
[2026-03-30 00:21:16][INFO] /0:0:0:0:0:0:0:1 "GET /maps/world/tiles/0/x-1/2/z-1/5.prbm?840123 HTTP/1.1" 200 OK
[2026-03-30 00:21:16][INFO] /0:0:0:0:0:0:0:1 "GET /maps/world/tiles/0/x-1/2/z-1/6.prbm?840123 HTTP/1.1" 200 OK
[2026-03-30 00:21:16][INFO] /0:0:0:0:0:0:0:1 "GET /maps/world/tiles/0/x-1/2/z-1/7.prbm?840123 HTTP/1.1" 200 OK
[2026-03-30 00:21:16][INFO] /0:0:0:0:0:0:0:1 "GET /maps/world/tiles/0/x-1/2/z-1/8.prbm?840123 HTTP/1.1" 200 OK
[2026-03-30 00:21:16][INFO] /0:0:0:0:0:0:0:1 "GET /maps/world/tiles/0/x-1/2/z-1/9.prbm?840123 HTTP/1.1" 200 OK
[2026-03-30 00:21:16][INFO] /0:0:0:0:0:0:0:1 "GET /maps/world/tiles/0/x-1/2/z-2/0.prbm?840123 HTTP/1.1" 200 OK
[2026-03-30 00:21:16][INFO] /0:0:0:0:0:0:0:1 "GET /maps/world/tiles/0/x-1/2/z-2/1.prbm?840123 HTTP/1.1" 200 OK
[2026-03-30 00:21:16][INFO] /0:0:0:0:0:0:0:1 "GET /maps/world/tiles/0/x-1/2/z-2/2.prbm?840123 HTTP/1.1" 200 OK
[2026-03-30 00:21:16][INFO] /0:0:0:0:0:0:0:1 "GET /maps/world/tiles/0/x-1/2/z-2/3.prbm?840123 HTTP/1.1" 200 OK
[2026-03-30 00:21:16][INFO] /0:0:0:0:0:0:0:1 "GET /maps/world/tiles/0/x-1/2/z-2/4.prbm?840123 HTTP/1.1" 200 OK
[2026-03-30 00:21:16][INFO] /0:0:0:0:0:0:0:1 "GET /maps/world/tiles/0/x-1/2/z-2/5.prbm?840123 HTTP/1.1" 200 OK
[2026-03-30 00:21:16][INFO] /0:0:0:0:0:0:0:1 "GET /maps/world/tiles/0/x-1/2/z-2/6.prbm?840123 HTTP/1.1" 200 OK
[2026-03-30 00:21:16][INFO] /0:0:0:0:0:0:0:1 "GET /maps/world/tiles/0/x-1/2/z-2/7.prbm?840123 HTTP/1.1" 200 OK
[2026-03-30 00:21:16][INFO] /0:0:0:0:0:0:0:1 "GET /maps/world/tiles/0/x-1/2/z-2/8.prbm?840123 HTTP/1.1" 200 OK
[2026-03-30 00:21:16][INFO] /0:0:0:0:0:0:0:1 "GET /maps/world/tiles/0/x-1/2/z-2/9.prbm?840123 HTTP/1.1" 200 OK
[2026-03-30 00:21:16][INFO] /0:0:0:0:0:0:0:1 "GET /maps/world/tiles/0/x-1/2/z-3/0.prbm?840123 HTTP/1.1" 200 OK
[2026-03-30 00:21:16][INFO] /0:0:0:0:0:0:0:1 "GET /maps/world/live/players.json?135495 HTTP/1.1" 200 OK
[2026-03-30 00:21:17][INFO] /0:0:0:0:0:0:0:1 "GET /maps/world/live/players.json?992217 HTTP/1.1" 200 OK
[2026-03-30 00:21:18][INFO] /0:0:0:0:0:0:0:1 "GET /maps/world/tiles/1/x-1/z0.png?840123 HTTP/1.1" 200 OK
[2026-03-30 00:21:18][INFO] /0:0:0:0:0:0:0:1 "GET /maps/world/tiles/1/x-2/z0.png?840123 HTTP/1.1" 200 OK
[2026-03-30 00:21:18][INFO] /0:0:0:0:0:0:0:1 "GET /maps/world/tiles/1/x-3/z0.png?840123 HTTP/1.1" 200 OK
[2026-03-30 00:21:18][INFO] /0:0:0:0:0:0:0:1 "GET /maps/world/tiles/1/x-3/z-1.png?840123 HTTP/1.1" 200 OK
[2026-03-30 00:21:18][INFO] /0:0:0:0:0:0:0:1 "GET /maps/world/tiles/0/x-1/8/z-2/1.prbm?840123 HTTP/1.1" 200 OK
[2026-03-30 00:21:18][INFO] /0:0:0:0:0:0:0:1 "GET /maps/world/tiles/1/x-3/z-2.png?840123 HTTP/1.1" 200 OK
[2026-03-30 00:21:18][INFO] /0:0:0:0:0:0:0:1 "GET /maps/world/tiles/0/x-1/7/z-2/1.prbm?840123 HTTP/1.1" 200 OK
[2026-03-30 00:21:18][INFO] /0:0:0:0:0:0:0:1 "GET /maps/world/tiles/0/x-1/7/z-2/0.prbm?840123 HTTP/1.1" 200 OK
[2026-03-30 00:21:18][INFO] /0:0:0:0:0:0:0:1 "GET /maps/world/tiles/0/x-1/8/z-2/0.prbm?840123 HTTP/1.1" 200 OK
[2026-03-30 00:21:18][INFO] /0:0:0:0:0:0:0:1 "GET /maps/world/tiles/0/x-1/9/z-2/0.prbm?840123 HTTP/1.1" 200 OK
[2026-03-30 00:21:18][INFO] /0:0:0:0:0:0:0:1 "GET /maps/world/tiles/0/x-1/9/z-2/1.prbm?840123 HTTP/1.1" 200 OK
[2026-03-30 00:21:18][INFO] /0:0:0:0:0:0:0:1 "GET /maps/world/tiles/0/x-1/9/z-2/2.prbm?840123 HTTP/1.1" 200 OK
[2026-03-30 00:21:18][INFO] /0:0:0:0:0:0:0:1 "GET /maps/world/tiles/0/x-1/8/z-2/2.prbm?840123 HTTP/1.1" 200 OK
[2026-03-30 00:21:18][INFO] /0:0:0:0:0:0:0:1 "GET /maps/world/tiles/0/x-1/7/z-2/2.prbm?840123 HTTP/1.1" 200 OK
[2026-03-30 00:21:18][INFO] /0:0:0:0:0:0:0:1 "GET /maps/world/tiles/0/x-1/6/z-2/2.prbm?840123 HTTP/1.1" 200 OK
[2026-03-30 00:21:18][INFO] /0:0:0:0:0:0:0:1 "GET /maps/world/tiles/0/x-1/6/z-2/1.prbm?840123 HTTP/1.1" 200 OK
[2026-03-30 00:21:18][INFO] /0:0:0:0:0:0:0:1 "GET /maps/world/tiles/0/x-1/6/z-2/0.prbm?840123 HTTP/1.1" 200 OK
[2026-03-30 00:21:18][INFO] /0:0:0:0:0:0:0:1 "GET /maps/world/tiles/0/x-1/6/z-1/9.prbm?840123 HTTP/1.1" 200 OK
[2026-03-30 00:21:18][INFO] /0:0:0:0:0:0:0:1 "GET /maps/world/tiles/0/x-1/7/z-1/9.prbm?840123 HTTP/1.1" 200 OK
[2026-03-30 00:21:18][INFO] /0:0:0:0:0:0:0:1 "GET /maps/world/tiles/0/x-1/8/z-1/9.prbm?840123 HTTP/1.1" 200 OK
[2026-03-30 00:21:18][INFO] /0:0:0:0:0:0:0:1 "GET /maps/world/tiles/0/x-1/9/z-1/9.prbm?840123 HTTP/1.1" 200 OK
[2026-03-30 00:21:18][INFO] /0:0:0:0:0:0:0:1 "GET /maps/world/tiles/0/x-2/0/z-1/9.prbm?840123 HTTP/1.1" 200 OK
[2026-03-30 00:21:18][INFO] /0:0:0:0:0:0:0:1 "GET /maps/world/tiles/0/x-2/0/z-2/0.prbm?840123 HTTP/1.1" 200 OK
[2026-03-30 00:21:18][INFO] /0:0:0:0:0:0:0:1 "GET /maps/world/tiles/0/x-2/0/z-2/1.prbm?840123 HTTP/1.1" 200 OK
[2026-03-30 00:21:18][INFO] /0:0:0:0:0:0:0:1 "GET /maps/world/tiles/0/x-2/0/z-2/2.prbm?840123 HTTP/1.1" 200 OK
[2026-03-30 00:21:18][INFO] /0:0:0:0:0:0:0:1 "GET /maps/world/tiles/0/x-2/0/z-2/3.prbm?840123 HTTP/1.1" 200 OK
[2026-03-30 00:21:18][INFO] /0:0:0:0:0:0:0:1 "GET /maps/world/tiles/0/x-1/9/z-2/3.prbm?840123 HTTP/1.1" 200 OK
[2026-03-30 00:21:18][INFO] /0:0:0:0:0:0:0:1 "GET /maps/world/tiles/0/x-1/8/z-2/3.prbm?840123 HTTP/1.1" 200 OK
[2026-03-30 00:21:18][INFO] /0:0:0:0:0:0:0:1 "GET /maps/world/tiles/0/x-1/7/z-2/3.prbm?840123 HTTP/1.1" 200 OK
[2026-03-30 00:21:18][INFO] /0:0:0:0:0:0:0:1 "GET /maps/world/tiles/0/x-1/6/z-2/3.prbm?840123 HTTP/1.1" 200 OK
[2026-03-30 00:21:18][INFO] /0:0:0:0:0:0:0:1 "GET /maps/world/tiles/0/x-1/5/z-2/3.prbm?840123 HTTP/1.1" 200 OK
[2026-03-30 00:21:18][INFO] /0:0:0:0:0:0:0:1 "GET /maps/world/tiles/0/x-1/5/z-2/2.prbm?840123 HTTP/1.1" 200 OK
[2026-03-30 00:21:18][INFO] /0:0:0:0:0:0:0:1 "GET /maps/world/tiles/0/x-1/5/z-2/1.prbm?840123 HTTP/1.1" 200 OK
[2026-03-30 00:21:18][INFO] /0:0:0:0:0:0:0:1 "GET /maps/world/tiles/0/x-1/5/z-2/0.prbm?840123 HTTP/1.1" 200 OK
[2026-03-30 00:21:18][INFO] /0:0:0:0:0:0:0:1 "GET /maps/world/tiles/0/x-1/5/z-1/9.prbm?840123 HTTP/1.1" 200 OK
[2026-03-30 00:21:18][INFO] /0:0:0:0:0:0:0:1 "GET /maps/world/tiles/0/x-1/5/z-1/8.prbm?840123 HTTP/1.1" 200 OK
[2026-03-30 00:21:18][INFO] /0:0:0:0:0:0:0:1 "GET /maps/world/tiles/0/x-1/6/z-1/8.prbm?840123 HTTP/1.1" 200 OK
[2026-03-30 00:21:18][INFO] /0:0:0:0:0:0:0:1 "GET /maps/world/tiles/0/x-1/7/z-1/8.prbm?840123 HTTP/1.1" 200 OK
[2026-03-30 00:21:18][INFO] /0:0:0:0:0:0:0:1 "GET /maps/world/tiles/0/x-1/8/z-1/8.prbm?840123 HTTP/1.1" 200 OK
[2026-03-30 00:21:18][INFO] /0:0:0:0:0:0:0:1 "GET /maps/world/tiles/0/x-1/9/z-1/8.prbm?840123 HTTP/1.1" 200 OK
[2026-03-30 00:21:18][INFO] /0:0:0:0:0:0:0:1 "GET /maps/world/tiles/0/x-2/0/z-1/8.prbm?840123 HTTP/1.1" 200 OK
[2026-03-30 00:21:18][INFO] /0:0:0:0:0:0:0:1 "GET /maps/world/tiles/0/x-2/1/z-1/8.prbm?840123 HTTP/1.1" 200 OK
[2026-03-30 00:21:18][INFO] /0:0:0:0:0:0:0:1 "GET /maps/world/tiles/0/x-2/1/z-1/9.prbm?840123 HTTP/1.1" 200 OK
[2026-03-30 00:21:18][INFO] /0:0:0:0:0:0:0:1 "GET /maps/world/tiles/0/x-2/1/z-2/0.prbm?840123 HTTP/1.1" 200 OK
[2026-03-30 00:21:18][INFO] /0:0:0:0:0:0:0:1 "GET /maps/world/tiles/0/x-2/1/z-2/1.prbm?840123 HTTP/1.1" 200 OK
[2026-03-30 00:21:18][INFO] /0:0:0:0:0:0:0:1 "GET /maps/world/tiles/0/x-2/1/z-2/2.prbm?840123 HTTP/1.1" 200 OK
[2026-03-30 00:21:18][INFO] /0:0:0:0:0:0:0:1 "GET /maps/world/tiles/0/x-2/1/z-2/3.prbm?840123 HTTP/1.1" 200 OK
[2026-03-30 00:21:18][INFO] /0:0:0:0:0:0:0:1 "GET /maps/world/tiles/0/x-2/1/z-2/4.prbm?840123 HTTP/1.1" 200 OK
[2026-03-30 00:21:18][INFO] /0:0:0:0:0:0:0:1 "GET /maps/world/tiles/0/x-2/0/z-2/4.prbm?840123 HTTP/1.1" 200 OK
[2026-03-30 00:21:18][INFO] /0:0:0:0:0:0:0:1 "GET /maps/world/tiles/0/x-1/9/z-2/4.prbm?840123 HTTP/1.1" 200 OK
[2026-03-30 00:21:18][INFO] /0:0:0:0:0:0:0:1 "GET /maps/world/tiles/0/x-1/8/z-2/4.prbm?840123 HTTP/1.1" 200 OK
[2026-03-30 00:21:18][INFO] /0:0:0:0:0:0:0:1 "GET /maps/world/tiles/0/x-1/7/z-2/4.prbm?840123 HTTP/1.1" 200 OK
[2026-03-30 00:21:18][INFO] /0:0:0:0:0:0:0:1 "GET /maps/world/tiles/0/x-1/6/z-2/4.prbm?840123 HTTP/1.1" 200 OK
[2026-03-30 00:21:18][INFO] /0:0:0:0:0:0:0:1 "GET /maps/world/live/players.json?349095 HTTP/1.1" 200 OK
[2026-03-30 00:21:18][INFO] /0:0:0:0:0:0:0:1 "GET /maps/world/tiles/0/x-1/5/z-2/4.prbm?840123 HTTP/1.1" 200 OK
[2026-03-30 00:21:18][INFO] /0:0:0:0:0:0:0:1 "GET /maps/world/tiles/0/x-1/4/z-2/4.prbm?840123 HTTP/1.1" 200 OK
[2026-03-30 00:21:18][INFO] /0:0:0:0:0:0:0:1 "GET /maps/world/tiles/0/x-1/4/z-2/3.prbm?840123 HTTP/1.1" 200 OK
[2026-03-30 00:21:18][INFO] /0:0:0:0:0:0:0:1 "GET /maps/world/tiles/0/x-1/4/z-2/2.prbm?840123 HTTP/1.1" 200 OK
[2026-03-30 00:21:18][INFO] /0:0:0:0:0:0:0:1 "GET /maps/world/tiles/0/x-1/4/z-2/1.prbm?840123 HTTP/1.1" 200 OK
[2026-03-30 00:21:18][INFO] /0:0:0:0:0:0:0:1 "GET /maps/world/tiles/0/x-1/4/z-2/0.prbm?840123 HTTP/1.1" 200 OK
[2026-03-30 00:21:18][INFO] /0:0:0:0:0:0:0:1 "GET /maps/world/tiles/0/x-1/4/z-1/9.prbm?840123 HTTP/1.1" 200 OK
[2026-03-30 00:21:18][INFO] /0:0:0:0:0:0:0:1 "GET /maps/world/tiles/0/x-1/4/z-1/8.prbm?840123 HTTP/1.1" 200 OK
[2026-03-30 00:21:18][INFO] /0:0:0:0:0:0:0:1 "GET /maps/world/tiles/0/x-1/4/z-1/7.prbm?840123 HTTP/1.1" 200 OK
[2026-03-30 00:21:18][INFO] /0:0:0:0:0:0:0:1 "GET /maps/world/tiles/0/x-1/5/z-1/7.prbm?840123 HTTP/1.1" 200 OK
[2026-03-30 00:21:18][INFO] /0:0:0:0:0:0:0:1 "GET /maps/world/tiles/0/x-1/6/z-1/7.prbm?840123 HTTP/1.1" 200 OK
[2026-03-30 00:21:18][INFO] /0:0:0:0:0:0:0:1 "GET /maps/world/tiles/0/x-1/7/z-1/7.prbm?840123 HTTP/1.1" 200 OK
[2026-03-30 00:21:18][INFO] /0:0:0:0:0:0:0:1 "GET /maps/world/tiles/0/x-1/8/z-1/7.prbm?840123 HTTP/1.1" 200 OK
[2026-03-30 00:21:18][INFO] /0:0:0:0:0:0:0:1 "GET /maps/world/tiles/0/x-1/9/z-1/7.prbm?840123 HTTP/1.1" 200 OK
[2026-03-30 00:21:18][INFO] /0:0:0:0:0:0:0:1 "GET /maps/world/tiles/0/x-2/0/z-1/7.prbm?840123 HTTP/1.1" 200 OK
[2026-03-30 00:21:18][INFO] /0:0:0:0:0:0:0:1 "GET /maps/world/tiles/0/x-2/1/z-1/7.prbm?840123 HTTP/1.1" 200 OK
[2026-03-30 00:21:18][INFO] /0:0:0:0:0:0:0:1 "GET /maps/world/tiles/0/x-2/2/z-1/7.prbm?840123 HTTP/1.1" 200 OK
[2026-03-30 00:21:18][INFO] /0:0:0:0:0:0:0:1 "GET /maps/world/tiles/0/x-2/2/z-1/8.prbm?840123 HTTP/1.1" 200 OK
[2026-03-30 00:21:18][INFO] /0:0:0:0:0:0:0:1 "GET /maps/world/tiles/0/x-2/2/z-1/9.prbm?840123 HTTP/1.1" 200 OK
[2026-03-30 00:21:18][INFO] /0:0:0:0:0:0:0:1 "GET /maps/world/tiles/0/x-2/2/z-2/0.prbm?840123 HTTP/1.1" 200 OK
[2026-03-30 00:21:18][INFO] /0:0:0:0:0:0:0:1 "GET /maps/world/tiles/0/x-2/2/z-2/1.prbm?840123 HTTP/1.1" 200 OK
[2026-03-30 00:21:18][INFO] /0:0:0:0:0:0:0:1 "GET /maps/world/tiles/0/x-2/2/z-2/2.prbm?840123 HTTP/1.1" 200 OK
[2026-03-30 00:21:18][INFO] /0:0:0:0:0:0:0:1 "GET /maps/world/tiles/0/x-2/2/z-2/3.prbm?840123 HTTP/1.1" 200 OK
[2026-03-30 00:21:18][INFO] /0:0:0:0:0:0:0:1 "GET /maps/world/tiles/0/x-2/2/z-2/4.prbm?840123 HTTP/1.1" 200 OK
[2026-03-30 00:21:18][INFO] /0:0:0:0:0:0:0:1 "GET /maps/world/tiles/0/x-2/2/z-2/5.prbm?840123 HTTP/1.1" 200 OK
[2026-03-30 00:21:18][INFO] /0:0:0:0:0:0:0:1 "GET /maps/world/tiles/0/x-2/1/z-2/5.prbm?840123 HTTP/1.1" 200 OK
[2026-03-30 00:21:18][INFO] /0:0:0:0:0:0:0:1 "GET /maps/world/tiles/0/x-2/0/z-2/5.prbm?840123 HTTP/1.1" 200 OK
[2026-03-30 00:21:18][INFO] /0:0:0:0:0:0:0:1 "GET /maps/world/tiles/0/x-1/9/z-2/5.prbm?840123 HTTP/1.1" 200 OK
[2026-03-30 00:21:18][INFO] /0:0:0:0:0:0:0:1 "GET /maps/world/tiles/0/x-1/8/z-2/5.prbm?840123 HTTP/1.1" 200 OK
[2026-03-30 00:21:18][INFO] /0:0:0:0:0:0:0:1 "GET /maps/world/tiles/0/x-1/7/z-2/5.prbm?840123 HTTP/1.1" 200 OK
[2026-03-30 00:21:18][INFO] /0:0:0:0:0:0:0:1 "GET /maps/world/tiles/0/x-1/6/z-2/5.prbm?840123 HTTP/1.1" 200 OK
[2026-03-30 00:21:18][INFO] /0:0:0:0:0:0:0:1 "GET /maps/world/tiles/0/x-1/5/z-2/5.prbm?840123 HTTP/1.1" 200 OK
[2026-03-30 00:21:18][INFO] /0:0:0:0:0:0:0:1 "GET /maps/world/tiles/0/x-1/4/z-2/5.prbm?840123 HTTP/1.1" 200 OK
[2026-03-30 00:21:18][INFO] /0:0:0:0:0:0:0:1 "GET /maps/world/tiles/0/x-1/3/z-2/5.prbm?840123 HTTP/1.1" 200 OK
[2026-03-30 00:21:18][INFO] /0:0:0:0:0:0:0:1 "GET /maps/world/tiles/0/x-1/3/z-2/4.prbm?840123 HTTP/1.1" 200 OK
[2026-03-30 00:21:18][INFO] /0:0:0:0:0:0:0:1 "GET /maps/world/tiles/0/x-1/3/z-2/3.prbm?840123 HTTP/1.1" 200 OK
[2026-03-30 00:21:18][INFO] /0:0:0:0:0:0:0:1 "GET /maps/world/tiles/0/x-1/3/z-2/2.prbm?840123 HTTP/1.1" 200 OK
[2026-03-30 00:21:18][INFO] /0:0:0:0:0:0:0:1 "GET /maps/world/tiles/0/x-1/3/z-2/1.prbm?840123 HTTP/1.1" 200 OK
[2026-03-30 00:21:18][INFO] /0:0:0:0:0:0:0:1 "GET /maps/world/tiles/0/x-1/3/z-2/0.prbm?840123 HTTP/1.1" 200 OK
[2026-03-30 00:21:18][INFO] /0:0:0:0:0:0:0:1 "GET /maps/world/tiles/0/x-1/3/z-1/9.prbm?840123 HTTP/1.1" 200 OK
[2026-03-30 00:21:18][INFO] /0:0:0:0:0:0:0:1 "GET /maps/world/tiles/0/x-1/3/z-1/8.prbm?840123 HTTP/1.1" 200 OK
[2026-03-30 00:21:18][INFO] /0:0:0:0:0:0:0:1 "GET /maps/world/tiles/0/x-1/3/z-1/7.prbm?840123 HTTP/1.1" 200 OK
[2026-03-30 00:21:18][INFO] /0:0:0:0:0:0:0:1 "GET /maps/world/tiles/0/x-1/3/z-1/6.prbm?840123 HTTP/1.1" 200 OK
[2026-03-30 00:21:18][INFO] /0:0:0:0:0:0:0:1 "GET /maps/world/tiles/0/x-1/4/z-1/6.prbm?840123 HTTP/1.1" 200 OK
[2026-03-30 00:21:18][INFO] /0:0:0:0:0:0:0:1 "GET /maps/world/tiles/0/x-1/5/z-1/6.prbm?840123 HTTP/1.1" 200 OK
[2026-03-30 00:21:18][INFO] /0:0:0:0:0:0:0:1 "GET /maps/world/tiles/0/x-1/6/z-1/6.prbm?840123 HTTP/1.1" 200 OK
[2026-03-30 00:21:18][INFO] /0:0:0:0:0:0:0:1 "GET /maps/world/tiles/0/x-1/7/z-1/6.prbm?840123 HTTP/1.1" 200 OK
[2026-03-30 00:21:18][INFO] /0:0:0:0:0:0:0:1 "GET /maps/world/tiles/0/x-1/8/z-1/6.prbm?840123 HTTP/1.1" 200 OK
[2026-03-30 00:21:18][INFO] /0:0:0:0:0:0:0:1 "GET /maps/world/tiles/0/x-1/9/z-1/6.prbm?840123 HTTP/1.1" 200 OK
[2026-03-30 00:21:18][INFO] /0:0:0:0:0:0:0:1 "GET /maps/world/tiles/0/x-2/0/z-1/6.prbm?840123 HTTP/1.1" 200 OK
[2026-03-30 00:21:19][INFO] /0:0:0:0:0:0:0:1 "GET /maps/world/tiles/0/x-2/1/z-1/6.prbm?840123 HTTP/1.1" 200 OK
[2026-03-30 00:21:19][INFO] /0:0:0:0:0:0:0:1 "GET /maps/world/tiles/0/x-2/2/z-1/6.prbm?840123 HTTP/1.1" 200 OK
[2026-03-30 00:21:19][INFO] /0:0:0:0:0:0:0:1 "GET /maps/world/tiles/0/x-2/3/z-1/6.prbm?840123 HTTP/1.1" 200 OK
[2026-03-30 00:21:19][INFO] /0:0:0:0:0:0:0:1 "GET /maps/world/tiles/0/x-2/3/z-1/7.prbm?840123 HTTP/1.1" 200 OK
[2026-03-30 00:21:19][INFO] /0:0:0:0:0:0:0:1 "GET /maps/world/tiles/0/x-2/3/z-1/8.prbm?840123 HTTP/1.1" 200 OK
[2026-03-30 00:21:19][INFO] /0:0:0:0:0:0:0:1 "GET /maps/world/tiles/0/x-2/3/z-1/9.prbm?840123 HTTP/1.1" 200 OK
[2026-03-30 00:21:19][INFO] /0:0:0:0:0:0:0:1 "GET /maps/world/tiles/0/x-2/3/z-2/0.prbm?840123 HTTP/1.1" 200 OK
[2026-03-30 00:21:19][INFO] /0:0:0:0:0:0:0:1 "GET /maps/world/tiles/0/x-2/3/z-2/1.prbm?840123 HTTP/1.1" 200 OK
[2026-03-30 00:21:19][INFO] /0:0:0:0:0:0:0:1 "GET /maps/world/tiles/0/x-2/3/z-2/2.prbm?840123 HTTP/1.1" 200 OK
[2026-03-30 00:21:19][INFO] /0:0:0:0:0:0:0:1 "GET /maps/world/tiles/0/x-2/3/z-2/3.prbm?840123 HTTP/1.1" 200 OK
[2026-03-30 00:21:19][INFO] /0:0:0:0:0:0:0:1 "GET /maps/world/tiles/0/x-2/3/z-2/4.prbm?840123 HTTP/1.1" 200 OK
[2026-03-30 00:21:19][INFO] /0:0:0:0:0:0:0:1 "GET /maps/world/tiles/0/x-2/3/z-2/5.prbm?840123 HTTP/1.1" 200 OK
[2026-03-30 00:21:19][INFO] /0:0:0:0:0:0:0:1 "GET /maps/world/tiles/0/x-2/3/z-2/6.prbm?840123 HTTP/1.1" 200 OK
[2026-03-30 00:21:19][INFO] /0:0:0:0:0:0:0:1 "GET /maps/world/tiles/0/x-2/2/z-2/6.prbm?840123 HTTP/1.1" 200 OK
[2026-03-30 00:21:19][INFO] /0:0:0:0:0:0:0:1 "GET /maps/world/tiles/0/x-2/1/z-2/6.prbm?840123 HTTP/1.1" 200 OK
[2026-03-30 00:21:19][INFO] /0:0:0:0:0:0:0:1 "GET /maps/world/tiles/0/x-2/0/z-2/6.prbm?840123 HTTP/1.1" 200 OK
[2026-03-30 00:21:19][INFO] /0:0:0:0:0:0:0:1 "GET /maps/world/tiles/0/x-1/9/z-2/6.prbm?840123 HTTP/1.1" 200 OK
[2026-03-30 00:21:19][INFO] /0:0:0:0:0:0:0:1 "GET /maps/world/tiles/0/x-1/8/z-2/6.prbm?840123 HTTP/1.1" 200 OK
[2026-03-30 00:21:19][INFO] /0:0:0:0:0:0:0:1 "GET /maps/world/tiles/0/x-1/7/z-2/6.prbm?840123 HTTP/1.1" 200 OK
[2026-03-30 00:21:19][INFO] /0:0:0:0:0:0:0:1 "GET /maps/world/tiles/0/x-1/6/z-2/6.prbm?840123 HTTP/1.1" 200 OK
[2026-03-30 00:21:19][INFO] /0:0:0:0:0:0:0:1 "GET /maps/world/tiles/0/x-1/5/z-2/6.prbm?840123 HTTP/1.1" 200 OK
[2026-03-30 00:21:19][INFO] /0:0:0:0:0:0:0:1 "GET /maps/world/tiles/0/x-1/4/z-2/6.prbm?840123 HTTP/1.1" 200 OK
[2026-03-30 00:21:19][INFO] /0:0:0:0:0:0:0:1 "GET /maps/world/tiles/0/x-1/3/z-2/6.prbm?840123 HTTP/1.1" 200 OK
[2026-03-30 00:21:19][INFO] /0:0:0:0:0:0:0:1 "GET /maps/world/tiles/0/x-1/3/z-1/5.prbm?840123 HTTP/1.1" 200 OK
[2026-03-30 00:21:19][INFO] /0:0:0:0:0:0:0:1 "GET /maps/world/tiles/0/x-1/4/z-1/5.prbm?840123 HTTP/1.1" 200 OK
[2026-03-30 00:21:19][INFO] /0:0:0:0:0:0:0:1 "GET /maps/world/tiles/0/x-1/5/z-1/5.prbm?840123 HTTP/1.1" 200 OK
[2026-03-30 00:21:19][INFO] /0:0:0:0:0:0:0:1 "GET /maps/world/tiles/0/x-1/6/z-1/5.prbm?840123 HTTP/1.1" 200 OK
[2026-03-30 00:21:19][INFO] /0:0:0:0:0:0:0:1 "GET /maps/world/tiles/0/x-1/7/z-1/5.prbm?840123 HTTP/1.1" 200 OK
[2026-03-30 00:21:19][INFO] /0:0:0:0:0:0:0:1 "GET /maps/world/tiles/0/x-1/8/z-1/5.prbm?840123 HTTP/1.1" 200 OK
[2026-03-30 00:21:19][INFO] /0:0:0:0:0:0:0:1 "GET /maps/world/tiles/0/x-1/9/z-1/5.prbm?840123 HTTP/1.1" 200 OK
[2026-03-30 00:21:19][INFO] /0:0:0:0:0:0:0:1 "GET /maps/world/tiles/0/x-2/0/z-1/5.prbm?840123 HTTP/1.1" 200 OK
[2026-03-30 00:21:19][INFO] /0:0:0:0:0:0:0:1 "GET /maps/world/tiles/0/x-2/1/z-1/5.prbm?840123 HTTP/1.1" 200 OK
[2026-03-30 00:21:19][INFO] /0:0:0:0:0:0:0:1 "GET /maps/world/tiles/0/x-2/2/z-1/5.prbm?840123 HTTP/1.1" 200 OK
[2026-03-30 00:21:19][INFO] /0:0:0:0:0:0:0:1 "GET /maps/world/tiles/0/x-2/3/z-1/5.prbm?840123 HTTP/1.1" 200 OK
[2026-03-30 00:21:19][INFO] /0:0:0:0:0:0:0:1 "GET /maps/world/tiles/0/x-2/4/z-1/5.prbm?840123 HTTP/1.1" 200 OK
[2026-03-30 00:21:19][INFO] /0:0:0:0:0:0:0:1 "GET /maps/world/tiles/0/x-2/4/z-1/6.prbm?840123 HTTP/1.1" 200 OK
[2026-03-30 00:21:19][INFO] /0:0:0:0:0:0:0:1 "GET /maps/world/tiles/0/x-2/4/z-1/7.prbm?840123 HTTP/1.1" 200 OK
[2026-03-30 00:21:19][INFO] /0:0:0:0:0:0:0:1 "GET /maps/world/tiles/0/x-2/4/z-1/8.prbm?840123 HTTP/1.1" 200 OK
[2026-03-30 00:21:19][INFO] /0:0:0:0:0:0:0:1 "GET /maps/world/tiles/0/x-2/4/z-1/9.prbm?840123 HTTP/1.1" 200 OK
[2026-03-30 00:21:19][INFO] /0:0:0:0:0:0:0:1 "GET /maps/world/tiles/0/x-2/4/z-2/0.prbm?840123 HTTP/1.1" 200 OK
[2026-03-30 00:21:19][INFO] /0:0:0:0:0:0:0:1 "GET /maps/world/tiles/0/x-2/4/z-2/1.prbm?840123 HTTP/1.1" 200 OK
[2026-03-30 00:21:19][INFO] /0:0:0:0:0:0:0:1 "GET /maps/world/tiles/0/x-2/4/z-2/2.prbm?840123 HTTP/1.1" 200 OK
[2026-03-30 00:21:19][INFO] /0:0:0:0:0:0:0:1 "GET /maps/world/tiles/0/x-2/4/z-2/3.prbm?840123 HTTP/1.1" 200 OK
[2026-03-30 00:21:19][INFO] /0:0:0:0:0:0:0:1 "GET /maps/world/tiles/0/x-2/4/z-2/4.prbm?840123 HTTP/1.1" 200 OK
[2026-03-30 00:21:19][INFO] /0:0:0:0:0:0:0:1 "GET /maps/world/tiles/0/x-2/4/z-2/5.prbm?840123 HTTP/1.1" 200 OK
[2026-03-30 00:21:19][INFO] /0:0:0:0:0:0:0:1 "GET /maps/world/tiles/0/x-2/4/z-2/6.prbm?840123 HTTP/1.1" 200 OK
[2026-03-30 00:21:19][INFO] /0:0:0:0:0:0:0:1 "GET /maps/world/tiles/0/x-2/4/z-2/7.prbm?840123 HTTP/1.1" 200 OK
[2026-03-30 00:21:19][INFO] /0:0:0:0:0:0:0:1 "GET /maps/world/tiles/0/x-2/3/z-2/7.prbm?840123 HTTP/1.1" 200 OK
[2026-03-30 00:21:19][INFO] /0:0:0:0:0:0:0:1 "GET /maps/world/tiles/0/x-2/2/z-2/7.prbm?840123 HTTP/1.1" 200 OK
[2026-03-30 00:21:19][INFO] /0:0:0:0:0:0:0:1 "GET /maps/world/tiles/0/x-2/1/z-2/7.prbm?840123 HTTP/1.1" 200 OK
[2026-03-30 00:21:19][INFO] /0:0:0:0:0:0:0:1 "GET /maps/world/tiles/0/x-2/0/z-2/7.prbm?840123 HTTP/1.1" 200 OK
[2026-03-30 00:21:19][INFO] /0:0:0:0:0:0:0:1 "GET /maps/world/tiles/0/x-1/9/z-2/7.prbm?840123 HTTP/1.1" 200 OK
[2026-03-30 00:21:19][INFO] /0:0:0:0:0:0:0:1 "GET /maps/world/tiles/0/x-1/8/z-2/7.prbm?840123 HTTP/1.1" 200 OK
[2026-03-30 00:21:19][INFO] /0:0:0:0:0:0:0:1 "GET /maps/world/tiles/0/x-1/7/z-2/7.prbm?840123 HTTP/1.1" 200 OK
[2026-03-30 00:21:19][INFO] /0:0:0:0:0:0:0:1 "GET /maps/world/tiles/0/x-1/6/z-2/7.prbm?840123 HTTP/1.1" 200 OK
[2026-03-30 00:21:19][INFO] /0:0:0:0:0:0:0:1 "GET /maps/world/tiles/0/x-1/5/z-2/7.prbm?840123 HTTP/1.1" 200 OK
[2026-03-30 00:21:19][INFO] /0:0:0:0:0:0:0:1 "GET /maps/world/tiles/0/x-1/4/z-2/7.prbm?840123 HTTP/1.1" 200 OK
[2026-03-30 00:21:19][INFO] /0:0:0:0:0:0:0:1 "GET /maps/world/tiles/0/x-1/3/z-2/7.prbm?840123 HTTP/1.1" 200 OK
[2026-03-30 00:21:19][INFO] /0:0:0:0:0:0:0:1 "GET /maps/world/tiles/0/x-1/3/z-1/4.prbm?840123 HTTP/1.1" 200 OK
[2026-03-30 00:21:19][INFO] /0:0:0:0:0:0:0:1 "GET /maps/world/tiles/0/x-1/4/z-1/4.prbm?840123 HTTP/1.1" 200 OK
[2026-03-30 00:21:19][INFO] /0:0:0:0:0:0:0:1 "GET /maps/world/tiles/0/x-1/5/z-1/4.prbm?840123 HTTP/1.1" 200 OK
[2026-03-30 00:21:19][INFO] /0:0:0:0:0:0:0:1 "GET /maps/world/tiles/0/x-1/6/z-1/4.prbm?840123 HTTP/1.1" 200 OK
[2026-03-30 00:21:19][INFO] /0:0:0:0:0:0:0:1 "GET /maps/world/tiles/0/x-1/7/z-1/4.prbm?840123 HTTP/1.1" 200 OK
[2026-03-30 00:21:19][INFO] /0:0:0:0:0:0:0:1 "GET /maps/world/tiles/0/x-1/8/z-1/4.prbm?840123 HTTP/1.1" 200 OK
[2026-03-30 00:21:19][INFO] /0:0:0:0:0:0:0:1 "GET /maps/world/tiles/0/x-1/9/z-1/4.prbm?840123 HTTP/1.1" 200 OK
[2026-03-30 00:21:19][INFO] /0:0:0:0:0:0:0:1 "GET /maps/world/tiles/0/x-2/0/z-1/4.prbm?840123 HTTP/1.1" 200 OK
[2026-03-30 00:21:19][INFO] /0:0:0:0:0:0:0:1 "GET /maps/world/tiles/0/x-2/1/z-1/4.prbm?840123 HTTP/1.1" 200 OK
[2026-03-30 00:21:19][INFO] /0:0:0:0:0:0:0:1 "GET /maps/world/live/players.json?469469 HTTP/1.1" 200 OK
[2026-03-30 00:21:19][INFO] /0:0:0:0:0:0:0:1 "GET /maps/world/tiles/0/x-2/2/z-1/4.prbm?840123 HTTP/1.1" 200 OK
[2026-03-30 00:21:19][INFO] /0:0:0:0:0:0:0:1 "GET /maps/world/tiles/0/x-2/3/z-1/4.prbm?840123 HTTP/1.1" 200 OK
[2026-03-30 00:21:19][INFO] /0:0:0:0:0:0:0:1 "GET /maps/world/tiles/0/x-2/4/z-1/4.prbm?840123 HTTP/1.1" 200 OK
[2026-03-30 00:21:19][INFO] /0:0:0:0:0:0:0:1 "GET /maps/world/tiles/0/x-2/5/z-1/4.prbm?840123 HTTP/1.1" 200 OK
[2026-03-30 00:21:19][INFO] /0:0:0:0:0:0:0:1 "GET /maps/world/tiles/0/x-2/5/z-1/5.prbm?840123 HTTP/1.1" 200 OK
[2026-03-30 00:21:19][INFO] /0:0:0:0:0:0:0:1 "GET /maps/world/tiles/0/x-2/5/z-1/6.prbm?840123 HTTP/1.1" 200 OK
[2026-03-30 00:21:19][INFO] /0:0:0:0:0:0:0:1 "GET /maps/world/tiles/0/x-2/5/z-1/7.prbm?840123 HTTP/1.1" 200 OK
[2026-03-30 00:21:19][INFO] /0:0:0:0:0:0:0:1 "GET /maps/world/tiles/0/x-2/5/z-1/8.prbm?840123 HTTP/1.1" 200 OK
[2026-03-30 00:21:19][INFO] /0:0:0:0:0:0:0:1 "GET /maps/world/tiles/0/x-2/5/z-1/9.prbm?840123 HTTP/1.1" 200 OK
[2026-03-30 00:21:19][INFO] /0:0:0:0:0:0:0:1 "GET /maps/world/tiles/0/x-2/5/z-2/0.prbm?840123 HTTP/1.1" 200 OK
[2026-03-30 00:21:19][INFO] /0:0:0:0:0:0:0:1 "GET /maps/world/tiles/0/x-2/5/z-2/1.prbm?840123 HTTP/1.1" 200 OK
[2026-03-30 00:21:19][INFO] /0:0:0:0:0:0:0:1 "GET /maps/world/tiles/0/x-2/5/z-2/2.prbm?840123 HTTP/1.1" 200 OK
[2026-03-30 00:21:19][INFO] /0:0:0:0:0:0:0:1 "GET /maps/world/tiles/0/x-2/5/z-2/3.prbm?840123 HTTP/1.1" 200 OK
[2026-03-30 00:21:19][INFO] /0:0:0:0:0:0:0:1 "GET /maps/world/tiles/0/x-2/5/z-2/4.prbm?840123 HTTP/1.1" 200 OK
[2026-03-30 00:21:19][INFO] /0:0:0:0:0:0:0:1 "GET /maps/world/tiles/0/x-2/5/z-2/5.prbm?840123 HTTP/1.1" 200 OK
[2026-03-30 00:21:19][INFO] /0:0:0:0:0:0:0:1 "GET /maps/world/tiles/0/x-2/5/z-2/6.prbm?840123 HTTP/1.1" 200 OK
[2026-03-30 00:21:19][INFO] /0:0:0:0:0:0:0:1 "GET /maps/world/tiles/0/x-2/5/z-2/7.prbm?840123 HTTP/1.1" 200 OK
[2026-03-30 00:21:19][INFO] /0:0:0:0:0:0:0:1 "GET /maps/world/tiles/0/x-2/5/z-2/8.prbm?840123 HTTP/1.1" 200 OK
[2026-03-30 00:21:19][INFO] /0:0:0:0:0:0:0:1 "GET /maps/world/tiles/0/x-2/4/z-2/8.prbm?840123 HTTP/1.1" 200 OK
[2026-03-30 00:21:19][INFO] /0:0:0:0:0:0:0:1 "GET /maps/world/tiles/0/x-2/3/z-2/8.prbm?840123 HTTP/1.1" 200 OK
[2026-03-30 00:21:19][INFO] /0:0:0:0:0:0:0:1 "GET /maps/world/tiles/0/x-2/2/z-2/8.prbm?840123 HTTP/1.1" 200 OK
[2026-03-30 00:21:19][INFO] /0:0:0:0:0:0:0:1 "GET /maps/world/tiles/0/x-2/1/z-2/8.prbm?840123 HTTP/1.1" 200 OK
[2026-03-30 00:21:19][INFO] /0:0:0:0:0:0:0:1 "GET /maps/world/tiles/0/x-2/0/z-2/8.prbm?840123 HTTP/1.1" 200 OK
[2026-03-30 00:21:19][INFO] /0:0:0:0:0:0:0:1 "GET /maps/world/tiles/0/x-1/9/z-2/8.prbm?840123 HTTP/1.1" 200 OK
[2026-03-30 00:21:19][INFO] /0:0:0:0:0:0:0:1 "GET /maps/world/tiles/0/x-1/8/z-2/8.prbm?840123 HTTP/1.1" 200 OK
[2026-03-30 00:21:19][INFO] /0:0:0:0:0:0:0:1 "GET /maps/world/tiles/0/x-1/7/z-2/8.prbm?840123 HTTP/1.1" 200 OK
[2026-03-30 00:21:19][INFO] /0:0:0:0:0:0:0:1 "GET /maps/world/tiles/0/x-1/6/z-2/8.prbm?840123 HTTP/1.1" 200 OK
[2026-03-30 00:21:19][INFO] /0:0:0:0:0:0:0:1 "GET /maps/world/tiles/0/x-1/5/z-2/8.prbm?840123 HTTP/1.1" 200 OK
[2026-03-30 00:21:19][INFO] /0:0:0:0:0:0:0:1 "GET /maps/world/tiles/0/x-1/4/z-2/8.prbm?840123 HTTP/1.1" 200 OK
[2026-03-30 00:21:19][INFO] /0:0:0:0:0:0:0:1 "GET /maps/world/tiles/0/x-1/3/z-2/8.prbm?840123 HTTP/1.1" 200 OK
[2026-03-30 00:21:20][INFO] /0:0:0:0:0:0:0:1 "GET /maps/world/tiles/1/x-4/z0.png?840123 HTTP/1.1" 200 OK
[2026-03-30 00:21:20][INFO] /0:0:0:0:0:0:0:1 "GET /maps/world/tiles/1/x-4/z-1.png?840123 HTTP/1.1" 200 OK
[2026-03-30 00:21:20][INFO] /0:0:0:0:0:0:0:1 "GET /maps/world/tiles/0/x-4/3/z-3.prbm?840123 HTTP/1.1" 200 OK
[2026-03-30 00:21:20][INFO] /0:0:0:0:0:0:0:1 "GET /maps/world/tiles/0/x-4/2/z-3.prbm?840123 HTTP/1.1" 200 OK
[2026-03-30 00:21:20][INFO] /0:0:0:0:0:0:0:1 "GET /maps/world/tiles/0/x-4/2/z-2.prbm?840123 HTTP/1.1" 200 OK
[2026-03-30 00:21:20][INFO] /0:0:0:0:0:0:0:1 "GET /maps/world/tiles/0/x-4/3/z-2.prbm?840123 HTTP/1.1" 200 OK
[2026-03-30 00:21:20][INFO] /0:0:0:0:0:0:0:1 "GET /maps/world/tiles/0/x-4/4/z-2.prbm?840123 HTTP/1.1" 200 OK
[2026-03-30 00:21:20][INFO] /0:0:0:0:0:0:0:1 "GET /maps/world/tiles/0/x-4/4/z-3.prbm?840123 HTTP/1.1" 200 OK
[2026-03-30 00:21:20][INFO] /0:0:0:0:0:0:0:1 "GET /maps/world/tiles/0/x-4/4/z-4.prbm?840123 HTTP/1.1" 204 No Content
[2026-03-30 00:21:20][INFO] /0:0:0:0:0:0:0:1 "GET /maps/world/tiles/0/x-4/3/z-4.prbm?840123 HTTP/1.1" 204 No Content
[2026-03-30 00:21:20][INFO] /0:0:0:0:0:0:0:1 "GET /maps/world/tiles/0/x-4/2/z-4.prbm?840123 HTTP/1.1" 204 No Content
[2026-03-30 00:21:20][INFO] /0:0:0:0:0:0:0:1 "GET /maps/world/tiles/0/x-4/1/z-4.prbm?840123 HTTP/1.1" 204 No Content
[2026-03-30 00:21:20][INFO] /0:0:0:0:0:0:0:1 "GET /maps/world/tiles/0/x-4/1/z-3.prbm?840123 HTTP/1.1" 200 OK
[2026-03-30 00:21:20][INFO] /0:0:0:0:0:0:0:1 "GET /maps/world/tiles/0/x-4/1/z-2.prbm?840123 HTTP/1.1" 200 OK
[2026-03-30 00:21:20][INFO] /0:0:0:0:0:0:0:1 "GET /maps/world/tiles/0/x-4/1/z-1.prbm?840123 HTTP/1.1" 200 OK
[2026-03-30 00:21:20][INFO] /0:0:0:0:0:0:0:1 "GET /maps/world/tiles/0/x-4/2/z-1.prbm?840123 HTTP/1.1" 200 OK
[2026-03-30 00:21:20][INFO] /0:0:0:0:0:0:0:1 "GET /maps/world/tiles/0/x-4/3/z-1.prbm?840123 HTTP/1.1" 200 OK
[2026-03-30 00:21:20][INFO] /0:0:0:0:0:0:0:1 "GET /maps/world/tiles/0/x-4/4/z-1.prbm?840123 HTTP/1.1" 200 OK
[2026-03-30 00:21:20][INFO] /0:0:0:0:0:0:0:1 "GET /maps/world/tiles/0/x-4/5/z-1.prbm?840123 HTTP/1.1" 200 OK
[2026-03-30 00:21:20][INFO] /0:0:0:0:0:0:0:1 "GET /maps/world/tiles/0/x-4/5/z-2.prbm?840123 HTTP/1.1" 200 OK
[2026-03-30 00:21:20][INFO] /0:0:0:0:0:0:0:1 "GET /maps/world/tiles/0/x-4/5/z-3.prbm?840123 HTTP/1.1" 200 OK
[2026-03-30 00:21:20][INFO] /0:0:0:0:0:0:0:1 "GET /maps/world/tiles/0/x-4/5/z-4.prbm?840123 HTTP/1.1" 204 No Content
[2026-03-30 00:21:20][INFO] /0:0:0:0:0:0:0:1 "GET /maps/world/tiles/0/x-4/5/z-5.prbm?840123 HTTP/1.1" 204 No Content
[2026-03-30 00:21:20][INFO] /0:0:0:0:0:0:0:1 "GET /maps/world/tiles/0/x-4/4/z-5.prbm?840123 HTTP/1.1" 204 No Content
[2026-03-30 00:21:20][INFO] /0:0:0:0:0:0:0:1 "GET /maps/world/tiles/0/x-4/3/z-5.prbm?840123 HTTP/1.1" 204 No Content
[2026-03-30 00:21:20][INFO] /0:0:0:0:0:0:0:1 "GET /maps/world/tiles/0/x-4/2/z-5.prbm?840123 HTTP/1.1" 204 No Content
[2026-03-30 00:21:20][INFO] /0:0:0:0:0:0:0:1 "GET /maps/world/tiles/0/x-4/1/z-5.prbm?840123 HTTP/1.1" 204 No Content
[2026-03-30 00:21:20][INFO] /0:0:0:0:0:0:0:1 "GET /maps/world/tiles/0/x-4/0/z-5.prbm?840123 HTTP/1.1" 204 No Content
[2026-03-30 00:21:20][INFO] /0:0:0:0:0:0:0:1 "GET /maps/world/tiles/0/x-4/0/z-4.prbm?840123 HTTP/1.1" 204 No Content
[2026-03-30 00:21:20][INFO] /0:0:0:0:0:0:0:1 "GET /maps/world/tiles/0/x-4/0/z-3.prbm?840123 HTTP/1.1" 200 OK
[2026-03-30 00:21:20][INFO] /0:0:0:0:0:0:0:1 "GET /maps/world/tiles/0/x-4/0/z-2.prbm?840123 HTTP/1.1" 200 OK
[2026-03-30 00:21:20][INFO] /0:0:0:0:0:0:0:1 "GET /maps/world/tiles/0/x-4/0/z-1.prbm?840123 HTTP/1.1" 200 OK
[2026-03-30 00:21:20][INFO] /0:0:0:0:0:0:0:1 "GET /maps/world/tiles/0/x-4/0/z0.prbm?840123 HTTP/1.1" 200 OK
[2026-03-30 00:21:20][INFO] /0:0:0:0:0:0:0:1 "GET /maps/world/tiles/0/x-4/1/z0.prbm?840123 HTTP/1.1" 200 OK
[2026-03-30 00:21:20][INFO] /0:0:0:0:0:0:0:1 "GET /maps/world/tiles/0/x-4/2/z0.prbm?840123 HTTP/1.1" 200 OK
[2026-03-30 00:21:20][INFO] /0:0:0:0:0:0:0:1 "GET /maps/world/tiles/0/x-4/3/z0.prbm?840123 HTTP/1.1" 200 OK
[2026-03-30 00:21:20][INFO] /0:0:0:0:0:0:0:1 "GET /maps/world/tiles/0/x-4/4/z0.prbm?840123 HTTP/1.1" 200 OK
[2026-03-30 00:21:20][INFO] /0:0:0:0:0:0:0:1 "GET /maps/world/tiles/0/x-4/5/z0.prbm?840123 HTTP/1.1" 200 OK
[2026-03-30 00:21:20][INFO] /0:0:0:0:0:0:0:1 "GET /maps/world/tiles/0/x-4/6/z0.prbm?840123 HTTP/1.1" 200 OK
[2026-03-30 00:21:20][INFO] /0:0:0:0:0:0:0:1 "GET /maps/world/tiles/0/x-4/6/z-1.prbm?840123 HTTP/1.1" 200 OK
[2026-03-30 00:21:20][INFO] /0:0:0:0:0:0:0:1 "GET /maps/world/tiles/0/x-4/6/z-2.prbm?840123 HTTP/1.1" 200 OK
[2026-03-30 00:21:20][INFO] /0:0:0:0:0:0:0:1 "GET /maps/world/tiles/0/x-4/6/z-3.prbm?840123 HTTP/1.1" 200 OK
[2026-03-30 00:21:20][INFO] /0:0:0:0:0:0:0:1 "GET /maps/world/tiles/0/x-4/6/z-4.prbm?840123 HTTP/1.1" 204 No Content
[2026-03-30 00:21:20][INFO] /0:0:0:0:0:0:0:1 "GET /maps/world/tiles/0/x-4/6/z-5.prbm?840123 HTTP/1.1" 204 No Content
[2026-03-30 00:21:20][INFO] /0:0:0:0:0:0:0:1 "GET /maps/world/tiles/0/x-4/6/z-6.prbm?840123 HTTP/1.1" 204 No Content
[2026-03-30 00:21:20][INFO] /0:0:0:0:0:0:0:1 "GET /maps/world/tiles/0/x-4/5/z-6.prbm?840123 HTTP/1.1" 204 No Content
[2026-03-30 00:21:20][INFO] /0:0:0:0:0:0:0:1 "GET /maps/world/tiles/0/x-4/4/z-6.prbm?840123 HTTP/1.1" 204 No Content
[2026-03-30 00:21:20][INFO] /0:0:0:0:0:0:0:1 "GET /maps/world/tiles/0/x-4/3/z-6.prbm?840123 HTTP/1.1" 204 No Content
[2026-03-30 00:21:20][INFO] /0:0:0:0:0:0:0:1 "GET /maps/world/tiles/0/x-4/2/z-6.prbm?840123 HTTP/1.1" 204 No Content
[2026-03-30 00:21:20][INFO] /0:0:0:0:0:0:0:1 "GET /maps/world/tiles/0/x-4/1/z-6.prbm?840123 HTTP/1.1" 204 No Content
[2026-03-30 00:21:20][INFO] /0:0:0:0:0:0:0:1 "GET /maps/world/tiles/0/x-4/0/z-6.prbm?840123 HTTP/1.1" 204 No Content
[2026-03-30 00:21:20][INFO] /0:0:0:0:0:0:0:1 "GET /maps/world/tiles/0/x-3/9/z-6.prbm?840123 HTTP/1.1" 204 No Content
[2026-03-30 00:21:20][INFO] /0:0:0:0:0:0:0:1 "GET /maps/world/tiles/0/x-3/9/z-5.prbm?840123 HTTP/1.1" 204 No Content
[2026-03-30 00:21:20][INFO] /0:0:0:0:0:0:0:1 "GET /maps/world/tiles/0/x-3/9/z-4.prbm?840123 HTTP/1.1" 204 No Content
[2026-03-30 00:21:20][INFO] /0:0:0:0:0:0:0:1 "GET /maps/world/tiles/0/x-3/9/z-3.prbm?840123 HTTP/1.1" 200 OK
[2026-03-30 00:21:20][INFO] /0:0:0:0:0:0:0:1 "GET /maps/world/tiles/0/x-3/9/z-2.prbm?840123 HTTP/1.1" 200 OK
[2026-03-30 00:21:20][INFO] /0:0:0:0:0:0:0:1 "GET /maps/world/tiles/0/x-3/9/z-1.prbm?840123 HTTP/1.1" 200 OK
[2026-03-30 00:21:20][INFO] /0:0:0:0:0:0:0:1 "GET /maps/world/tiles/0/x-3/9/z0.prbm?840123 HTTP/1.1" 200 OK
[2026-03-30 00:21:20][INFO] /0:0:0:0:0:0:0:1 "GET /maps/world/tiles/0/x-3/9/z1.prbm?840123 HTTP/1.1" 200 OK
[2026-03-30 00:21:20][INFO] /0:0:0:0:0:0:0:1 "GET /maps/world/tiles/0/x-4/0/z1.prbm?840123 HTTP/1.1" 200 OK
[2026-03-30 00:21:20][INFO] /0:0:0:0:0:0:0:1 "GET /maps/world/tiles/0/x-4/1/z1.prbm?840123 HTTP/1.1" 200 OK
[2026-03-30 00:21:20][INFO] /0:0:0:0:0:0:0:1 "GET /maps/world/tiles/0/x-4/2/z1.prbm?840123 HTTP/1.1" 200 OK
[2026-03-30 00:21:20][INFO] /0:0:0:0:0:0:0:1 "GET /maps/world/tiles/0/x-4/3/z1.prbm?840123 HTTP/1.1" 200 OK
[2026-03-30 00:21:20][INFO] /0:0:0:0:0:0:0:1 "GET /maps/world/tiles/0/x-4/4/z1.prbm?840123 HTTP/1.1" 200 OK
[2026-03-30 00:21:20][INFO] /0:0:0:0:0:0:0:1 "GET /maps/world/tiles/0/x-4/5/z1.prbm?840123 HTTP/1.1" 200 OK
[2026-03-30 00:21:20][INFO] /0:0:0:0:0:0:0:1 "GET /maps/world/tiles/0/x-4/6/z1.prbm?840123 HTTP/1.1" 200 OK
[2026-03-30 00:21:20][INFO] /0:0:0:0:0:0:0:1 "GET /maps/world/tiles/0/x-4/7/z1.prbm?840123 HTTP/1.1" 200 OK
[2026-03-30 00:21:20][INFO] /0:0:0:0:0:0:0:1 "GET /maps/world/tiles/0/x-4/7/z0.prbm?840123 HTTP/1.1" 200 OK
[2026-03-30 00:21:20][INFO] /0:0:0:0:0:0:0:1 "GET /maps/world/tiles/0/x-4/7/z-1.prbm?840123 HTTP/1.1" 200 OK
[2026-03-30 00:21:20][INFO] /0:0:0:0:0:0:0:1 "GET /maps/world/tiles/0/x-4/7/z-2.prbm?840123 HTTP/1.1" 200 OK
[2026-03-30 00:21:20][INFO] /0:0:0:0:0:0:0:1 "GET /maps/world/live/players.json?884849 HTTP/1.1" 200 OK
[2026-03-30 00:21:20][INFO] /0:0:0:0:0:0:0:1 "GET /maps/world/tiles/0/x-4/7/z-3.prbm?840123 HTTP/1.1" 200 OK
[2026-03-30 00:21:20][INFO] /0:0:0:0:0:0:0:1 "GET /maps/world/tiles/0/x-4/7/z-4.prbm?840123 HTTP/1.1" 204 No Content
[2026-03-30 00:21:20][INFO] /0:0:0:0:0:0:0:1 "GET /maps/world/tiles/0/x-4/7/z-5.prbm?840123 HTTP/1.1" 204 No Content
[2026-03-30 00:21:20][INFO] /0:0:0:0:0:0:0:1 "GET /maps/world/tiles/0/x-4/7/z-6.prbm?840123 HTTP/1.1" 204 No Content
[2026-03-30 00:21:20][INFO] /0:0:0:0:0:0:0:1 "GET /maps/world/tiles/0/x-4/7/z-7.prbm?840123 HTTP/1.1" 204 No Content
[2026-03-30 00:21:20][INFO] /0:0:0:0:0:0:0:1 "GET /maps/world/tiles/0/x-4/6/z-7.prbm?840123 HTTP/1.1" 204 No Content
[2026-03-30 00:21:20][INFO] /0:0:0:0:0:0:0:1 "GET /maps/world/tiles/0/x-4/5/z-7.prbm?840123 HTTP/1.1" 204 No Content
[2026-03-30 00:21:20][INFO] /0:0:0:0:0:0:0:1 "GET /maps/world/tiles/0/x-4/4/z-7.prbm?840123 HTTP/1.1" 204 No Content
[2026-03-30 00:21:20][INFO] /0:0:0:0:0:0:0:1 "GET /maps/world/tiles/0/x-4/3/z-7.prbm?840123 HTTP/1.1" 204 No Content
[2026-03-30 00:21:20][INFO] /0:0:0:0:0:0:0:1 "GET /maps/world/tiles/0/x-4/2/z-7.prbm?840123 HTTP/1.1" 204 No Content
[2026-03-30 00:21:20][INFO] /0:0:0:0:0:0:0:1 "GET /maps/world/tiles/0/x-4/1/z-7.prbm?840123 HTTP/1.1" 204 No Content
[2026-03-30 00:21:20][INFO] /0:0:0:0:0:0:0:1 "GET /maps/world/tiles/0/x-4/0/z-7.prbm?840123 HTTP/1.1" 204 No Content
[2026-03-30 00:21:20][INFO] /0:0:0:0:0:0:0:1 "GET /maps/world/tiles/0/x-3/9/z-7.prbm?840123 HTTP/1.1" 204 No Content
[2026-03-30 00:21:20][INFO] /0:0:0:0:0:0:0:1 "GET /maps/world/tiles/0/x-3/8/z-7.prbm?840123 HTTP/1.1" 204 No Content
[2026-03-30 00:21:20][INFO] /0:0:0:0:0:0:0:1 "GET /maps/world/tiles/0/x-3/8/z-6.prbm?840123 HTTP/1.1" 204 No Content
[2026-03-30 00:21:20][INFO] /0:0:0:0:0:0:0:1 "GET /maps/world/tiles/0/x-3/8/z-5.prbm?840123 HTTP/1.1" 204 No Content
[2026-03-30 00:21:20][INFO] /0:0:0:0:0:0:0:1 "GET /maps/world/tiles/0/x-3/8/z-4.prbm?840123 HTTP/1.1" 204 No Content
[2026-03-30 00:21:20][INFO] /0:0:0:0:0:0:0:1 "GET /maps/world/tiles/0/x-3/8/z-3.prbm?840123 HTTP/1.1" 200 OK
[2026-03-30 00:21:20][INFO] /0:0:0:0:0:0:0:1 "GET /maps/world/tiles/0/x-3/8/z-2.prbm?840123 HTTP/1.1" 200 OK
[2026-03-30 00:21:20][INFO] /0:0:0:0:0:0:0:1 "GET /maps/world/tiles/0/x-3/8/z-1.prbm?840123 HTTP/1.1" 200 OK
[2026-03-30 00:21:20][INFO] /0:0:0:0:0:0:0:1 "GET /maps/world/tiles/0/x-3/8/z0.prbm?840123 HTTP/1.1" 200 OK
[2026-03-30 00:21:20][INFO] /0:0:0:0:0:0:0:1 "GET /maps/world/tiles/0/x-3/8/z1.prbm?840123 HTTP/1.1" 200 OK
[2026-03-30 00:21:20][INFO] /0:0:0:0:0:0:0:1 "GET /maps/world/tiles/0/x-3/8/z2.prbm?840123 HTTP/1.1" 200 OK
[2026-03-30 00:21:20][INFO] /0:0:0:0:0:0:0:1 "GET /maps/world/tiles/0/x-3/9/z2.prbm?840123 HTTP/1.1" 200 OK
[2026-03-30 00:21:20][INFO] /0:0:0:0:0:0:0:1 "GET /maps/world/tiles/0/x-4/0/z2.prbm?840123 HTTP/1.1" 200 OK
[2026-03-30 00:21:20][INFO] /0:0:0:0:0:0:0:1 "GET /maps/world/tiles/0/x-4/1/z2.prbm?840123 HTTP/1.1" 200 OK
[2026-03-30 00:21:20][INFO] /0:0:0:0:0:0:0:1 "GET /maps/world/tiles/0/x-4/2/z2.prbm?840123 HTTP/1.1" 200 OK
[2026-03-30 00:21:20][INFO] /0:0:0:0:0:0:0:1 "GET /maps/world/tiles/0/x-4/3/z2.prbm?840123 HTTP/1.1" 200 OK
[2026-03-30 00:21:20][INFO] /0:0:0:0:0:0:0:1 "GET /maps/world/tiles/0/x-4/4/z2.prbm?840123 HTTP/1.1" 200 OK
[2026-03-30 00:21:20][INFO] /0:0:0:0:0:0:0:1 "GET /maps/world/tiles/0/x-4/5/z2.prbm?840123 HTTP/1.1" 200 OK
[2026-03-30 00:21:20][INFO] /0:0:0:0:0:0:0:1 "GET /maps/world/tiles/0/x-4/6/z2.prbm?840123 HTTP/1.1" 200 OK
[2026-03-30 00:21:20][INFO] /0:0:0:0:0:0:0:1 "GET /maps/world/tiles/0/x-4/7/z2.prbm?840123 HTTP/1.1" 200 OK
[2026-03-30 00:21:20][INFO] /0:0:0:0:0:0:0:1 "GET /maps/world/tiles/0/x-4/8/z2.prbm?840123 HTTP/1.1" 200 OK
[2026-03-30 00:21:20][INFO] /0:0:0:0:0:0:0:1 "GET /maps/world/tiles/0/x-4/8/z1.prbm?840123 HTTP/1.1" 200 OK
[2026-03-30 00:21:20][INFO] /0:0:0:0:0:0:0:1 "GET /maps/world/tiles/0/x-4/8/z0.prbm?840123 HTTP/1.1" 200 OK
[2026-03-30 00:21:20][INFO] /0:0:0:0:0:0:0:1 "GET /maps/world/tiles/0/x-4/8/z-1.prbm?840123 HTTP/1.1" 200 OK
[2026-03-30 00:21:20][INFO] /0:0:0:0:0:0:0:1 "GET /maps/world/tiles/0/x-4/8/z-2.prbm?840123 HTTP/1.1" 200 OK
[2026-03-30 00:21:20][INFO] /0:0:0:0:0:0:0:1 "GET /maps/world/tiles/0/x-4/8/z-3.prbm?840123 HTTP/1.1" 200 OK
[2026-03-30 00:21:20][INFO] /0:0:0:0:0:0:0:1 "GET /maps/world/tiles/0/x-4/8/z-4.prbm?840123 HTTP/1.1" 204 No Content
[2026-03-30 00:21:20][INFO] /0:0:0:0:0:0:0:1 "GET /maps/world/tiles/0/x-4/8/z-5.prbm?840123 HTTP/1.1" 204 No Content
[2026-03-30 00:21:20][INFO] /0:0:0:0:0:0:0:1 "GET /maps/world/tiles/0/x-4/8/z-6.prbm?840123 HTTP/1.1" 204 No Content
[2026-03-30 00:21:20][INFO] /0:0:0:0:0:0:0:1 "GET /maps/world/tiles/0/x-4/8/z-7.prbm?840123 HTTP/1.1" 204 No Content
[2026-03-30 00:21:20][INFO] /0:0:0:0:0:0:0:1 "GET /maps/world/tiles/0/x-4/8/z-8.prbm?840123 HTTP/1.1" 204 No Content
[2026-03-30 00:21:20][INFO] /0:0:0:0:0:0:0:1 "GET /maps/world/tiles/0/x-4/7/z-8.prbm?840123 HTTP/1.1" 204 No Content
[2026-03-30 00:21:20][INFO] /0:0:0:0:0:0:0:1 "GET /maps/world/tiles/0/x-4/6/z-8.prbm?840123 HTTP/1.1" 204 No Content
[2026-03-30 00:21:20][INFO] /0:0:0:0:0:0:0:1 "GET /maps/world/tiles/0/x-4/5/z-8.prbm?840123 HTTP/1.1" 204 No Content
[2026-03-30 00:21:20][INFO] /0:0:0:0:0:0:0:1 "GET /maps/world/tiles/0/x-4/4/z-8.prbm?840123 HTTP/1.1" 204 No Content
[2026-03-30 00:21:20][INFO] /0:0:0:0:0:0:0:1 "GET /maps/world/tiles/0/x-4/3/z-8.prbm?840123 HTTP/1.1" 204 No Content
[2026-03-30 00:21:20][INFO] /0:0:0:0:0:0:0:1 "GET /maps/world/tiles/0/x-4/2/z-8.prbm?840123 HTTP/1.1" 204 No Content
[2026-03-30 00:21:20][INFO] /0:0:0:0:0:0:0:1 "GET /maps/world/tiles/0/x-4/1/z-8.prbm?840123 HTTP/1.1" 204 No Content
[2026-03-30 00:21:20][INFO] /0:0:0:0:0:0:0:1 "GET /maps/world/tiles/0/x-4/0/z-8.prbm?840123 HTTP/1.1" 204 No Content
[2026-03-30 00:21:20][INFO] /0:0:0:0:0:0:0:1 "GET /maps/world/tiles/0/x-3/9/z-8.prbm?840123 HTTP/1.1" 204 No Content
[2026-03-30 00:21:20][INFO] /0:0:0:0:0:0:0:1 "GET /maps/world/tiles/0/x-3/8/z-8.prbm?840123 HTTP/1.1" 204 No Content
[2026-03-30 00:21:20][INFO] /0:0:0:0:0:0:0:1 "GET /maps/world/tiles/0/x-3/7/z-8.prbm?840123 HTTP/1.1" 204 No Content
[2026-03-30 00:21:20][INFO] /0:0:0:0:0:0:0:1 "GET /maps/world/tiles/0/x-3/7/z-7.prbm?840123 HTTP/1.1" 204 No Content
[2026-03-30 00:21:20][INFO] /0:0:0:0:0:0:0:1 "GET /maps/world/tiles/0/x-3/7/z-6.prbm?840123 HTTP/1.1" 204 No Content
[2026-03-30 00:21:21][INFO] /0:0:0:0:0:0:0:1 "GET /maps/world/tiles/0/x-3/7/z-5.prbm?840123 HTTP/1.1" 204 No Content
[2026-03-30 00:21:21][INFO] /0:0:0:0:0:0:0:1 "GET /maps/world/tiles/0/x-3/7/z-4.prbm?840123 HTTP/1.1" 204 No Content
[2026-03-30 00:21:21][INFO] /0:0:0:0:0:0:0:1 "GET /maps/world/tiles/0/x-3/7/z-3.prbm?840123 HTTP/1.1" 200 OK
[2026-03-30 00:21:21][INFO] /0:0:0:0:0:0:0:1 "GET /maps/world/tiles/0/x-3/7/z-2.prbm?840123 HTTP/1.1" 200 OK
[2026-03-30 00:21:21][INFO] /0:0:0:0:0:0:0:1 "GET /maps/world/tiles/0/x-3/7/z-1.prbm?840123 HTTP/1.1" 200 OK
[2026-03-30 00:21:21][INFO] /0:0:0:0:0:0:0:1 "GET /maps/world/tiles/0/x-3/7/z0.prbm?840123 HTTP/1.1" 200 OK
[2026-03-30 00:21:21][INFO] /0:0:0:0:0:0:0:1 "GET /maps/world/tiles/0/x-3/7/z1.prbm?840123 HTTP/1.1" 200 OK
[2026-03-30 00:21:21][INFO] /0:0:0:0:0:0:0:1 "GET /maps/world/tiles/0/x-3/7/z2.prbm?840123 HTTP/1.1" 204 No Content
[2026-03-30 00:21:21][INFO] /0:0:0:0:0:0:0:1 "GET /maps/world/tiles/0/x-3/7/z3.prbm?840123 HTTP/1.1" 204 No Content
[2026-03-30 00:21:21][INFO] /0:0:0:0:0:0:0:1 "GET /maps/world/tiles/0/x-3/8/z3.prbm?840123 HTTP/1.1" 200 OK
[2026-03-30 00:21:21][INFO] /0:0:0:0:0:0:0:1 "GET /maps/world/tiles/0/x-3/9/z3.prbm?840123 HTTP/1.1" 200 OK
[2026-03-30 00:21:21][INFO] /0:0:0:0:0:0:0:1 "GET /maps/world/tiles/0/x-4/0/z3.prbm?840123 HTTP/1.1" 200 OK
[2026-03-30 00:21:21][INFO] /0:0:0:0:0:0:0:1 "GET /maps/world/tiles/0/x-4/1/z3.prbm?840123 HTTP/1.1" 200 OK
[2026-03-30 00:21:21][INFO] /0:0:0:0:0:0:0:1 "GET /maps/world/tiles/0/x-4/2/z3.prbm?840123 HTTP/1.1" 200 OK
[2026-03-30 00:21:21][INFO] /0:0:0:0:0:0:0:1 "GET /maps/world/tiles/0/x-4/3/z3.prbm?840123 HTTP/1.1" 200 OK
[2026-03-30 00:21:21][INFO] /0:0:0:0:0:0:0:1 "GET /maps/world/tiles/0/x-4/4/z3.prbm?840123 HTTP/1.1" 200 OK
[2026-03-30 00:21:21][INFO] /0:0:0:0:0:0:0:1 "GET /maps/world/tiles/0/x-4/5/z3.prbm?840123 HTTP/1.1" 200 OK
[2026-03-30 00:21:21][INFO] /0:0:0:0:0:0:0:1 "GET /maps/world/tiles/0/x-4/6/z3.prbm?840123 HTTP/1.1" 200 OK
[2026-03-30 00:21:21][INFO] /0:0:0:0:0:0:0:1 "GET /maps/world/tiles/0/x-4/7/z3.prbm?840123 HTTP/1.1" 200 OK
[2026-03-30 00:21:21][INFO] /0:0:0:0:0:0:0:1 "GET /maps/world/tiles/0/x-4/8/z3.prbm?840123 HTTP/1.1" 200 OK
[2026-03-30 00:21:21][INFO] /0:0:0:0:0:0:0:1 "GET /maps/world/tiles/0/x-4/9/z3.prbm?840123 HTTP/1.1" 200 OK
[2026-03-30 00:21:21][INFO] /0:0:0:0:0:0:0:1 "GET /maps/world/tiles/0/x-4/9/z2.prbm?840123 HTTP/1.1" 200 OK
[2026-03-30 00:21:21][INFO] /0:0:0:0:0:0:0:1 "GET /maps/world/tiles/0/x-4/9/z1.prbm?840123 HTTP/1.1" 200 OK
[2026-03-30 00:21:21][INFO] /0:0:0:0:0:0:0:1 "GET /maps/world/tiles/0/x-4/9/z0.prbm?840123 HTTP/1.1" 200 OK
[2026-03-30 00:21:21][INFO] /0:0:0:0:0:0:0:1 "GET /maps/world/tiles/0/x-4/9/z-1.prbm?840123 HTTP/1.1" 200 OK
[2026-03-30 00:21:21][INFO] /0:0:0:0:0:0:0:1 "GET /maps/world/tiles/0/x-4/9/z-2.prbm?840123 HTTP/1.1" 200 OK
[2026-03-30 00:21:21][INFO] /0:0:0:0:0:0:0:1 "GET /maps/world/tiles/0/x-4/9/z-3.prbm?840123 HTTP/1.1" 200 OK
[2026-03-30 00:21:21][INFO] /0:0:0:0:0:0:0:1 "GET /maps/world/tiles/0/x-4/9/z-4.prbm?840123 HTTP/1.1" 204 No Content
[2026-03-30 00:21:21][INFO] /0:0:0:0:0:0:0:1 "GET /maps/world/tiles/0/x-4/9/z-5.prbm?840123 HTTP/1.1" 204 No Content
[2026-03-30 00:21:21][INFO] /0:0:0:0:0:0:0:1 "GET /maps/world/tiles/0/x-4/9/z-6.prbm?840123 HTTP/1.1" 204 No Content
[2026-03-30 00:21:21][INFO] /0:0:0:0:0:0:0:1 "GET /maps/world/tiles/0/x-4/9/z-7.prbm?840123 HTTP/1.1" 204 No Content
[2026-03-30 00:21:21][INFO] /0:0:0:0:0:0:0:1 "GET /maps/world/tiles/0/x-4/9/z-8.prbm?840123 HTTP/1.1" 204 No Content
[2026-03-30 00:21:21][INFO] /0:0:0:0:0:0:0:1 "GET /maps/world/tiles/0/x-4/9/z-9.prbm?840123 HTTP/1.1" 204 No Content
[2026-03-30 00:21:21][INFO] /0:0:0:0:0:0:0:1 "GET /maps/world/tiles/0/x-4/8/z-9.prbm?840123 HTTP/1.1" 204 No Content
[2026-03-30 00:21:21][INFO] /0:0:0:0:0:0:0:1 "GET /maps/world/tiles/0/x-4/7/z-9.prbm?840123 HTTP/1.1" 204 No Content
[2026-03-30 00:21:21][INFO] /0:0:0:0:0:0:0:1 "GET /maps/world/tiles/0/x-4/6/z-9.prbm?840123 HTTP/1.1" 204 No Content
[2026-03-30 00:21:21][INFO] /0:0:0:0:0:0:0:1 "GET /maps/world/tiles/0/x-4/5/z-9.prbm?840123 HTTP/1.1" 204 No Content
[2026-03-30 00:21:21][INFO] /0:0:0:0:0:0:0:1 "GET /maps/world/tiles/0/x-4/4/z-9.prbm?840123 HTTP/1.1" 204 No Content
[2026-03-30 00:21:21][INFO] /0:0:0:0:0:0:0:1 "GET /maps/world/tiles/0/x-4/3/z-9.prbm?840123 HTTP/1.1" 204 No Content
[2026-03-30 00:21:21][INFO] /0:0:0:0:0:0:0:1 "GET /maps/world/tiles/0/x-4/2/z-9.prbm?840123 HTTP/1.1" 204 No Content
[2026-03-30 00:21:21][INFO] /0:0:0:0:0:0:0:1 "GET /maps/world/tiles/0/x-4/1/z-9.prbm?840123 HTTP/1.1" 204 No Content
[2026-03-30 00:21:21][INFO] /0:0:0:0:0:0:0:1 "GET /maps/world/tiles/0/x-4/0/z-9.prbm?840123 HTTP/1.1" 204 No Content
[2026-03-30 00:21:21][INFO] /0:0:0:0:0:0:0:1 "GET /maps/world/tiles/0/x-3/9/z-9.prbm?840123 HTTP/1.1" 204 No Content
[2026-03-30 00:21:21][INFO] /0:0:0:0:0:0:0:1 "GET /maps/world/tiles/0/x-3/8/z-9.prbm?840123 HTTP/1.1" 204 No Content
[2026-03-30 00:21:21][INFO] /0:0:0:0:0:0:0:1 "GET /maps/world/tiles/0/x-3/7/z-9.prbm?840123 HTTP/1.1" 204 No Content
[2026-03-30 00:21:21][INFO] /0:0:0:0:0:0:0:1 "GET /maps/world/tiles/0/x-3/6/z-9.prbm?840123 HTTP/1.1" 204 No Content
[2026-03-30 00:21:21][INFO] /0:0:0:0:0:0:0:1 "GET /maps/world/tiles/0/x-3/6/z-8.prbm?840123 HTTP/1.1" 204 No Content
[2026-03-30 00:21:21][INFO] /0:0:0:0:0:0:0:1 "GET /maps/world/tiles/0/x-3/6/z-7.prbm?840123 HTTP/1.1" 204 No Content
[2026-03-30 00:21:21][INFO] /0:0:0:0:0:0:0:1 "GET /maps/world/tiles/0/x-3/6/z-6.prbm?840123 HTTP/1.1" 204 No Content
[2026-03-30 00:21:21][INFO] /0:0:0:0:0:0:0:1 "GET /maps/world/tiles/0/x-3/6/z-5.prbm?840123 HTTP/1.1" 204 No Content
[2026-03-30 00:21:21][INFO] /0:0:0:0:0:0:0:1 "GET /maps/world/tiles/0/x-3/6/z-4.prbm?840123 HTTP/1.1" 204 No Content
[2026-03-30 00:21:21][INFO] /0:0:0:0:0:0:0:1 "GET /maps/world/tiles/0/x-3/6/z-3.prbm?840123 HTTP/1.1" 200 OK
[2026-03-30 00:21:21][INFO] /0:0:0:0:0:0:0:1 "GET /maps/world/tiles/0/x-3/6/z-2.prbm?840123 HTTP/1.1" 200 OK
[2026-03-30 00:21:21][INFO] /0:0:0:0:0:0:0:1 "GET /maps/world/tiles/0/x-3/6/z-1.prbm?840123 HTTP/1.1" 200 OK
[2026-03-30 00:21:21][INFO] /0:0:0:0:0:0:0:1 "GET /maps/world/tiles/0/x-3/6/z0.prbm?840123 HTTP/1.1" 200 OK
[2026-03-30 00:21:21][INFO] /0:0:0:0:0:0:0:1 "GET /maps/world/tiles/0/x-3/6/z1.prbm?840123 HTTP/1.1" 200 OK
[2026-03-30 00:21:21][INFO] /0:0:0:0:0:0:0:1 "GET /maps/world/tiles/0/x-3/6/z2.prbm?840123 HTTP/1.1" 204 No Content
[2026-03-30 00:21:21][INFO] /0:0:0:0:0:0:0:1 "GET /maps/world/tiles/0/x-3/6/z3.prbm?840123 HTTP/1.1" 204 No Content
[2026-03-30 00:21:21][INFO] /0:0:0:0:0:0:0:1 "GET /maps/world/tiles/0/x-3/6/z4.prbm?840123 HTTP/1.1" 204 No Content
[2026-03-30 00:21:21][INFO] /0:0:0:0:0:0:0:1 "GET /maps/world/tiles/0/x-3/7/z4.prbm?840123 HTTP/1.1" 204 No Content
[2026-03-30 00:21:21][INFO] /0:0:0:0:0:0:0:1 "GET /maps/world/tiles/0/x-3/8/z4.prbm?840123 HTTP/1.1" 200 OK
[2026-03-30 00:21:21][INFO] /0:0:0:0:0:0:0:1 "GET /maps/world/tiles/0/x-3/9/z4.prbm?840123 HTTP/1.1" 200 OK
[2026-03-30 00:21:21][INFO] /0:0:0:0:0:0:0:1 "GET /maps/world/tiles/0/x-4/0/z4.prbm?840123 HTTP/1.1" 200 OK
[2026-03-30 00:21:21][INFO] /0:0:0:0:0:0:0:1 "GET /maps/world/tiles/0/x-4/1/z4.prbm?840123 HTTP/1.1" 200 OK
[2026-03-30 00:21:21][INFO] /0:0:0:0:0:0:0:1 "GET /maps/world/tiles/0/x-4/2/z4.prbm?840123 HTTP/1.1" 200 OK
[2026-03-30 00:21:21][INFO] /0:0:0:0:0:0:0:1 "GET /maps/world/tiles/0/x-4/3/z4.prbm?840123 HTTP/1.1" 200 OK
[2026-03-30 00:21:21][INFO] /0:0:0:0:0:0:0:1 "GET /maps/world/tiles/0/x-4/4/z4.prbm?840123 HTTP/1.1" 200 OK
[2026-03-30 00:21:21][INFO] /0:0:0:0:0:0:0:1 "GET /maps/world/tiles/0/x-4/5/z4.prbm?840123 HTTP/1.1" 200 OK
[2026-03-30 00:21:21][INFO] /0:0:0:0:0:0:0:1 "GET /maps/world/tiles/0/x-4/6/z4.prbm?840123 HTTP/1.1" 200 OK
[2026-03-30 00:21:21][INFO] /0:0:0:0:0:0:0:1 "GET /maps/world/tiles/0/x-4/7/z4.prbm?840123 HTTP/1.1" 200 OK
[2026-03-30 00:21:21][INFO] /0:0:0:0:0:0:0:1 "GET /maps/world/tiles/0/x-4/8/z4.prbm?840123 HTTP/1.1" 200 OK
[2026-03-30 00:21:21][INFO] /0:0:0:0:0:0:0:1 "GET /maps/world/tiles/0/x-4/9/z4.prbm?840123 HTTP/1.1" 200 OK
[2026-03-30 00:21:21][INFO] /0:0:0:0:0:0:0:1 "GET /maps/world/tiles/0/x-5/0/z4.prbm?840123 HTTP/1.1" 200 OK
[2026-03-30 00:21:21][INFO] /0:0:0:0:0:0:0:1 "GET /maps/world/tiles/0/x-5/0/z3.prbm?840123 HTTP/1.1" 200 OK
[2026-03-30 00:21:21][INFO] /0:0:0:0:0:0:0:1 "GET /maps/world/tiles/0/x-5/0/z2.prbm?840123 HTTP/1.1" 200 OK
[2026-03-30 00:21:21][INFO] /0:0:0:0:0:0:0:1 "GET /maps/world/tiles/0/x-5/0/z1.prbm?840123 HTTP/1.1" 200 OK
[2026-03-30 00:21:21][INFO] /0:0:0:0:0:0:0:1 "GET /maps/world/tiles/0/x-5/0/z0.prbm?840123 HTTP/1.1" 200 OK
[2026-03-30 00:21:21][INFO] /0:0:0:0:0:0:0:1 "GET /maps/world/tiles/0/x-5/0/z-1.prbm?840123 HTTP/1.1" 200 OK
[2026-03-30 00:21:21][INFO] /0:0:0:0:0:0:0:1 "GET /maps/world/tiles/0/x-5/0/z-2.prbm?840123 HTTP/1.1" 200 OK
[2026-03-30 00:21:21][INFO] /0:0:0:0:0:0:0:1 "GET /maps/world/tiles/0/x-5/0/z-3.prbm?840123 HTTP/1.1" 200 OK
[2026-03-30 00:21:21][INFO] /0:0:0:0:0:0:0:1 "GET /maps/world/tiles/0/x-5/0/z-4.prbm?840123 HTTP/1.1" 204 No Content
[2026-03-30 00:21:21][INFO] /0:0:0:0:0:0:0:1 "GET /maps/world/tiles/0/x-5/0/z-5.prbm?840123 HTTP/1.1" 204 No Content
[2026-03-30 00:21:21][INFO] /0:0:0:0:0:0:0:1 "GET /maps/world/tiles/0/x-5/0/z-6.prbm?840123 HTTP/1.1" 204 No Content
[2026-03-30 00:21:21][INFO] /0:0:0:0:0:0:0:1 "GET /maps/world/tiles/0/x-5/0/z-7.prbm?840123 HTTP/1.1" 204 No Content
[2026-03-30 00:21:21][INFO] /0:0:0:0:0:0:0:1 "GET /maps/world/tiles/0/x-5/0/z-8.prbm?840123 HTTP/1.1" 204 No Content
[2026-03-30 00:21:21][INFO] /0:0:0:0:0:0:0:1 "GET /maps/world/tiles/0/x-5/0/z-9.prbm?840123 HTTP/1.1" 204 No Content
[2026-03-30 00:21:21][INFO] /0:0:0:0:0:0:0:1 "GET /maps/world/tiles/0/x-5/0/z-1/0.prbm?840123 HTTP/1.1" 204 No Content
[2026-03-30 00:21:21][INFO] /0:0:0:0:0:0:0:1 "GET /maps/world/tiles/0/x-4/9/z-1/0.prbm?840123 HTTP/1.1" 204 No Content
[2026-03-30 00:21:21][INFO] /0:0:0:0:0:0:0:1 "GET /maps/world/tiles/0/x-4/8/z-1/0.prbm?840123 HTTP/1.1" 204 No Content
[2026-03-30 00:21:21][INFO] /0:0:0:0:0:0:0:1 "GET /maps/world/tiles/0/x-4/7/z-1/0.prbm?840123 HTTP/1.1" 204 No Content
[2026-03-30 00:21:21][INFO] /0:0:0:0:0:0:0:1 "GET /maps/world/tiles/0/x-4/6/z-1/0.prbm?840123 HTTP/1.1" 204 No Content
[2026-03-30 00:21:21][INFO] /0:0:0:0:0:0:0:1 "GET /maps/world/tiles/0/x-4/5/z-1/0.prbm?840123 HTTP/1.1" 204 No Content
[2026-03-30 00:21:21][INFO] /0:0:0:0:0:0:0:1 "GET /maps/world/tiles/0/x-4/4/z-1/0.prbm?840123 HTTP/1.1" 204 No Content
[2026-03-30 00:21:21][INFO] /0:0:0:0:0:0:0:1 "GET /maps/world/tiles/0/x-4/3/z-1/0.prbm?840123 HTTP/1.1" 204 No Content
[2026-03-30 00:21:21][INFO] /0:0:0:0:0:0:0:1 "GET /maps/world/tiles/0/x-4/2/z-1/0.prbm?840123 HTTP/1.1" 204 No Content
[2026-03-30 00:21:21][INFO] /0:0:0:0:0:0:0:1 "GET /maps/world/tiles/0/x-4/1/z-1/0.prbm?840123 HTTP/1.1" 204 No Content
[2026-03-30 00:21:21][INFO] /0:0:0:0:0:0:0:1 "GET /maps/world/tiles/0/x-4/0/z-1/0.prbm?840123 HTTP/1.1" 204 No Content
[2026-03-30 00:21:21][INFO] /0:0:0:0:0:0:0:1 "GET /maps/world/tiles/0/x-3/9/z-1/0.prbm?840123 HTTP/1.1" 204 No Content
[2026-03-30 00:21:21][INFO] /0:0:0:0:0:0:0:1 "GET /maps/world/tiles/0/x-3/8/z-1/0.prbm?840123 HTTP/1.1" 204 No Content
[2026-03-30 00:21:21][INFO] /0:0:0:0:0:0:0:1 "GET /maps/world/tiles/0/x-3/7/z-1/0.prbm?840123 HTTP/1.1" 204 No Content
[2026-03-30 00:21:21][INFO] /0:0:0:0:0:0:0:1 "GET /maps/world/tiles/0/x-3/6/z-1/0.prbm?840123 HTTP/1.1" 204 No Content
[2026-03-30 00:21:21][INFO] /0:0:0:0:0:0:0:1 "GET /maps/world/tiles/0/x-3/5/z-1/0.prbm?840123 HTTP/1.1" 200 OK
[2026-03-30 00:21:21][INFO] /0:0:0:0:0:0:0:1 "GET /maps/world/tiles/0/x-3/5/z-9.prbm?840123 HTTP/1.1" 200 OK
[2026-03-30 00:21:21][INFO] /0:0:0:0:0:0:0:1 "GET /maps/world/tiles/0/x-3/5/z-8.prbm?840123 HTTP/1.1" 204 No Content
[2026-03-30 00:21:21][INFO] /0:0:0:0:0:0:0:1 "GET /maps/world/tiles/0/x-3/5/z-7.prbm?840123 HTTP/1.1" 204 No Content
[2026-03-30 00:21:21][INFO] /0:0:0:0:0:0:0:1 "GET /maps/world/tiles/0/x-3/5/z-6.prbm?840123 HTTP/1.1" 204 No Content
[2026-03-30 00:21:21][INFO] /0:0:0:0:0:0:0:1 "GET /maps/world/tiles/0/x-3/5/z-5.prbm?840123 HTTP/1.1" 204 No Content
[2026-03-30 00:21:21][INFO] /0:0:0:0:0:0:0:1 "GET /maps/world/tiles/0/x-3/5/z-4.prbm?840123 HTTP/1.1" 204 No Content
[2026-03-30 00:21:21][INFO] /0:0:0:0:0:0:0:1 "GET /maps/world/tiles/0/x-3/5/z-3.prbm?840123 HTTP/1.1" 200 OK
[2026-03-30 00:21:21][INFO] /0:0:0:0:0:0:0:1 "GET /maps/world/tiles/0/x-3/5/z-2.prbm?840123 HTTP/1.1" 200 OK
[2026-03-30 00:21:21][INFO] /0:0:0:0:0:0:0:1 "GET /maps/world/tiles/0/x-3/5/z-1.prbm?840123 HTTP/1.1" 200 OK
[2026-03-30 00:21:21][INFO] /0:0:0:0:0:0:0:1 "GET /maps/world/tiles/0/x-3/5/z0.prbm?840123 HTTP/1.1" 200 OK
[2026-03-30 00:21:21][INFO] /0:0:0:0:0:0:0:1 "GET /maps/world/tiles/0/x-3/5/z1.prbm?840123 HTTP/1.1" 200 OK
[2026-03-30 00:21:21][INFO] /0:0:0:0:0:0:0:1 "GET /maps/world/tiles/0/x-3/5/z2.prbm?840123 HTTP/1.1" 200 OK
[2026-03-30 00:21:21][INFO] /0:0:0:0:0:0:0:1 "GET /maps/world/tiles/0/x-3/5/z3.prbm?840123 HTTP/1.1" 200 OK
[2026-03-30 00:21:21][INFO] /0:0:0:0:0:0:0:1 "GET /maps/world/tiles/0/x-3/5/z4.prbm?840123 HTTP/1.1" 200 OK
[2026-03-30 00:21:21][INFO] /0:0:0:0:0:0:0:1 "GET /maps/world/tiles/0/x-3/5/z5.prbm?840123 HTTP/1.1" 200 OK
[2026-03-30 00:21:21][INFO] /0:0:0:0:0:0:0:1 "GET /maps/world/tiles/0/x-3/6/z5.prbm?840123 HTTP/1.1" 204 No Content
[2026-03-30 00:21:21][INFO] /0:0:0:0:0:0:0:1 "GET /maps/world/tiles/0/x-3/7/z5.prbm?840123 HTTP/1.1" 204 No Content
[2026-03-30 00:21:21][INFO] /0:0:0:0:0:0:0:1 "GET /maps/world/tiles/0/x-3/8/z5.prbm?840123 HTTP/1.1" 200 OK
[2026-03-30 00:21:21][INFO] /0:0:0:0:0:0:0:1 "GET /maps/world/tiles/0/x-3/9/z5.prbm?840123 HTTP/1.1" 200 OK
[2026-03-30 00:21:21][INFO] /0:0:0:0:0:0:0:1 "GET /maps/world/tiles/0/x-4/0/z5.prbm?840123 HTTP/1.1" 200 OK
[2026-03-30 00:21:21][INFO] /0:0:0:0:0:0:0:1 "GET /maps/world/tiles/0/x-4/1/z5.prbm?840123 HTTP/1.1" 200 OK
[2026-03-30 00:21:21][INFO] /0:0:0:0:0:0:0:1 "GET /maps/world/tiles/0/x-4/2/z5.prbm?840123 HTTP/1.1" 200 OK
[2026-03-30 00:21:21][INFO] /0:0:0:0:0:0:0:1 "GET /maps/world/tiles/0/x-4/3/z5.prbm?840123 HTTP/1.1" 200 OK
[2026-03-30 00:21:21][INFO] /0:0:0:0:0:0:0:1 "GET /maps/world/tiles/0/x-4/4/z5.prbm?840123 HTTP/1.1" 200 OK
[2026-03-30 00:21:21][INFO] /0:0:0:0:0:0:0:1 "GET /maps/world/tiles/0/x-4/5/z5.prbm?840123 HTTP/1.1" 200 OK
[2026-03-30 00:21:21][INFO] /0:0:0:0:0:0:0:1 "GET /maps/world/tiles/0/x-4/6/z5.prbm?840123 HTTP/1.1" 200 OK
[2026-03-30 00:21:21][INFO] /0:0:0:0:0:0:0:1 "GET /maps/world/tiles/0/x-4/7/z5.prbm?840123 HTTP/1.1" 200 OK
[2026-03-30 00:21:21][INFO] /0:0:0:0:0:0:0:1 "GET /maps/world/tiles/0/x-4/8/z5.prbm?840123 HTTP/1.1" 200 OK
[2026-03-30 00:21:21][INFO] /0:0:0:0:0:0:0:1 "GET /maps/world/tiles/0/x-4/9/z5.prbm?840123 HTTP/1.1" 200 OK
[2026-03-30 00:21:21][INFO] /0:0:0:0:0:0:0:1 "GET /maps/world/tiles/0/x-5/0/z5.prbm?840123 HTTP/1.1" 200 OK
[2026-03-30 00:21:21][INFO] /0:0:0:0:0:0:0:1 "GET /maps/world/tiles/0/x-5/1/z5.prbm?840123 HTTP/1.1" 204 No Content
[2026-03-30 00:21:21][INFO] /0:0:0:0:0:0:0:1 "GET /maps/world/tiles/0/x-5/1/z4.prbm?840123 HTTP/1.1" 204 No Content
[2026-03-30 00:21:21][INFO] /0:0:0:0:0:0:0:1 "GET /maps/world/tiles/0/x-5/1/z3.prbm?840123 HTTP/1.1" 204 No Content
[2026-03-30 00:21:21][INFO] /0:0:0:0:0:0:0:1 "GET /maps/world/tiles/0/x-5/1/z2.prbm?840123 HTTP/1.1" 204 No Content
[2026-03-30 00:21:21][INFO] /0:0:0:0:0:0:0:1 "GET /maps/world/tiles/0/x-5/1/z1.prbm?840123 HTTP/1.1" 200 OK
[2026-03-30 00:21:21][INFO] /0:0:0:0:0:0:0:1 "GET /maps/world/tiles/0/x-5/1/z0.prbm?840123 HTTP/1.1" 200 OK
[2026-03-30 00:21:21][INFO] /0:0:0:0:0:0:0:1 "GET /maps/world/tiles/0/x-5/1/z-1.prbm?840123 HTTP/1.1" 200 OK
[2026-03-30 00:21:21][INFO] /0:0:0:0:0:0:0:1 "GET /maps/world/tiles/0/x-5/1/z-2.prbm?840123 HTTP/1.1" 200 OK
[2026-03-30 00:21:21][INFO] /0:0:0:0:0:0:0:1 "GET /maps/world/tiles/0/x-5/1/z-3.prbm?840123 HTTP/1.1" 200 OK
[2026-03-30 00:21:21][INFO] /0:0:0:0:0:0:0:1 "GET /maps/world/tiles/0/x-5/1/z-4.prbm?840123 HTTP/1.1" 204 No Content
[2026-03-30 00:21:21][INFO] /0:0:0:0:0:0:0:1 "GET /maps/world/tiles/0/x-5/1/z-5.prbm?840123 HTTP/1.1" 204 No Content
[2026-03-30 00:21:21][INFO] /0:0:0:0:0:0:0:1 "GET /maps/world/tiles/0/x-5/1/z-6.prbm?840123 HTTP/1.1" 204 No Content
[2026-03-30 00:21:21][INFO] /0:0:0:0:0:0:0:1 "GET /maps/world/tiles/0/x-5/1/z-7.prbm?840123 HTTP/1.1" 204 No Content
[2026-03-30 00:21:21][INFO] /0:0:0:0:0:0:0:1 "GET /maps/world/tiles/0/x-5/1/z-8.prbm?840123 HTTP/1.1" 204 No Content
[2026-03-30 00:21:21][INFO] /0:0:0:0:0:0:0:1 "GET /maps/world/tiles/0/x-5/1/z-9.prbm?840123 HTTP/1.1" 204 No Content
[2026-03-30 00:21:21][INFO] /0:0:0:0:0:0:0:1 "GET /maps/world/tiles/0/x-5/1/z-1/0.prbm?840123 HTTP/1.1" 204 No Content
[2026-03-30 00:21:21][INFO] /0:0:0:0:0:0:0:1 "GET /maps/world/tiles/0/x-5/1/z-1/1.prbm?840123 HTTP/1.1" 204 No Content
[2026-03-30 00:21:21][INFO] /0:0:0:0:0:0:0:1 "GET /maps/world/tiles/0/x-5/0/z-1/1.prbm?840123 HTTP/1.1" 204 No Content
[2026-03-30 00:21:21][INFO] /0:0:0:0:0:0:0:1 "GET /maps/world/tiles/0/x-4/9/z-1/1.prbm?840123 HTTP/1.1" 204 No Content
[2026-03-30 00:21:21][INFO] /0:0:0:0:0:0:0:1 "GET /maps/world/tiles/0/x-4/8/z-1/1.prbm?840123 HTTP/1.1" 204 No Content
[2026-03-30 00:21:21][INFO] /0:0:0:0:0:0:0:1 "GET /maps/world/tiles/0/x-4/7/z-1/1.prbm?840123 HTTP/1.1" 204 No Content
[2026-03-30 00:21:21][INFO] /0:0:0:0:0:0:0:1 "GET /maps/world/tiles/0/x-4/6/z-1/1.prbm?840123 HTTP/1.1" 204 No Content
[2026-03-30 00:21:21][INFO] /0:0:0:0:0:0:0:1 "GET /maps/world/tiles/0/x-4/5/z-1/1.prbm?840123 HTTP/1.1" 204 No Content
[2026-03-30 00:21:21][INFO] /0:0:0:0:0:0:0:1 "GET /maps/world/tiles/0/x-4/4/z-1/1.prbm?840123 HTTP/1.1" 204 No Content
[2026-03-30 00:21:21][INFO] /0:0:0:0:0:0:0:1 "GET /maps/world/tiles/0/x-4/3/z-1/1.prbm?840123 HTTP/1.1" 204 No Content
[2026-03-30 00:21:21][INFO] /0:0:0:0:0:0:0:1 "GET /maps/world/tiles/0/x-4/2/z-1/1.prbm?840123 HTTP/1.1" 204 No Content
[2026-03-30 00:21:21][INFO] /0:0:0:0:0:0:0:1 "GET /maps/world/live/players.json?503420 HTTP/1.1" 200 OK
[2026-03-30 00:21:21][INFO] /0:0:0:0:0:0:0:1 "GET /maps/world/tiles/0/x-4/1/z-1/1.prbm?840123 HTTP/1.1" 204 No Content
[2026-03-30 00:21:21][INFO] /0:0:0:0:0:0:0:1 "GET /maps/world/tiles/0/x-4/0/z-1/1.prbm?840123 HTTP/1.1" 204 No Content
[2026-03-30 00:21:21][INFO] /0:0:0:0:0:0:0:1 "GET /maps/world/tiles/0/x-3/9/z-1/1.prbm?840123 HTTP/1.1" 204 No Content
[2026-03-30 00:21:21][INFO] /0:0:0:0:0:0:0:1 "GET /maps/world/tiles/0/x-3/8/z-1/1.prbm?840123 HTTP/1.1" 204 No Content
[2026-03-30 00:21:21][INFO] /0:0:0:0:0:0:0:1 "GET /maps/world/tiles/0/x-3/7/z-1/1.prbm?840123 HTTP/1.1" 204 No Content
[2026-03-30 00:21:21][INFO] /0:0:0:0:0:0:0:1 "GET /maps/world/tiles/0/x-3/6/z-1/1.prbm?840123 HTTP/1.1" 200 OK
[2026-03-30 00:21:21][INFO] /0:0:0:0:0:0:0:1 "GET /maps/world/tiles/0/x-3/5/z-1/1.prbm?840123 HTTP/1.1" 200 OK
[2026-03-30 00:21:21][INFO] /0:0:0:0:0:0:0:1 "GET /maps/world/tiles/0/x-3/4/z-1/1.prbm?840123 HTTP/1.1" 200 OK
[2026-03-30 00:21:21][INFO] /0:0:0:0:0:0:0:1 "GET /maps/world/tiles/0/x-3/4/z-1/0.prbm?840123 HTTP/1.1" 200 OK
[2026-03-30 00:21:21][INFO] /0:0:0:0:0:0:0:1 "GET /maps/world/tiles/0/x-3/4/z-9.prbm?840123 HTTP/1.1" 200 OK
[2026-03-30 00:21:21][INFO] /0:0:0:0:0:0:0:1 "GET /maps/world/tiles/0/x-3/4/z-8.prbm?840123 HTTP/1.1" 200 OK
[2026-03-30 00:21:21][INFO] /0:0:0:0:0:0:0:1 "GET /maps/world/tiles/0/x-3/4/z-7.prbm?840123 HTTP/1.1" 204 No Content
[2026-03-30 00:21:21][INFO] /0:0:0:0:0:0:0:1 "GET /maps/world/tiles/0/x-3/4/z-6.prbm?840123 HTTP/1.1" 204 No Content
[2026-03-30 00:21:21][INFO] /0:0:0:0:0:0:0:1 "GET /maps/world/tiles/0/x-3/4/z-5.prbm?840123 HTTP/1.1" 204 No Content
[2026-03-30 00:21:21][INFO] /0:0:0:0:0:0:0:1 "GET /maps/world/tiles/0/x-3/4/z-4.prbm?840123 HTTP/1.1" 204 No Content
[2026-03-30 00:21:21][INFO] /0:0:0:0:0:0:0:1 "GET /maps/world/tiles/0/x-3/4/z-3.prbm?840123 HTTP/1.1" 200 OK
[2026-03-30 00:21:21][INFO] /0:0:0:0:0:0:0:1 "GET /maps/world/tiles/0/x-3/4/z-2.prbm?840123 HTTP/1.1" 200 OK
[2026-03-30 00:21:21][INFO] /0:0:0:0:0:0:0:1 "GET /maps/world/tiles/0/x-3/4/z-1.prbm?840123 HTTP/1.1" 200 OK
[2026-03-30 00:21:21][INFO] /0:0:0:0:0:0:0:1 "GET /maps/world/tiles/0/x-3/4/z0.prbm?840123 HTTP/1.1" 200 OK
[2026-03-30 00:21:21][INFO] /0:0:0:0:0:0:0:1 "GET /maps/world/tiles/0/x-3/6/z9.prbm?840123 HTTP/1.1" 200 OK
[2026-03-30 00:21:21][INFO] /0:0:0:0:0:0:0:1 "GET /maps/world/tiles/3/x0/z1.png?840123 HTTP/1.1" 204 No Content
[2026-03-30 00:21:21][INFO] /0:0:0:0:0:0:0:1 "GET /maps/world/tiles/1/x-2/z1.png?840123 HTTP/1.1" 200 OK
[2026-03-30 00:21:21][INFO] /0:0:0:0:0:0:0:1 "GET /maps/world/tiles/0/x-3/5/z9.prbm?840123 HTTP/1.1" 200 OK
[2026-03-30 00:21:21][INFO] /0:0:0:0:0:0:0:1 "GET /maps/world/tiles/2/x0/z1.png?840123 HTTP/1.1" 200 OK
[2026-03-30 00:21:21][INFO] /0:0:0:0:0:0:0:1 "GET /maps/world/tiles/3/x-1/z1.png?840123 HTTP/1.1" 204 No Content
[2026-03-30 00:21:21][INFO] /0:0:0:0:0:0:0:1 "GET /maps/world/tiles/2/x-1/z1.png?840123 HTTP/1.1" 200 OK
[2026-03-30 00:21:21][INFO] /0:0:0:0:0:0:0:1 "GET /maps/world/tiles/1/x-3/z1.png?840123 HTTP/1.1" 200 OK
[2026-03-30 00:21:21][INFO] /0:0:0:0:0:0:0:1 "GET /maps/world/tiles/0/x-3/5/z1/0.prbm?840123 HTTP/1.1" 200 OK
[2026-03-30 00:21:21][INFO] /0:0:0:0:0:0:0:1 "GET /maps/world/tiles/3/x-2/z1.png?840123 HTTP/1.1" 204 No Content
[2026-03-30 00:21:21][INFO] /0:0:0:0:0:0:0:1 "GET /maps/world/tiles/2/x-2/z1.png?840123 HTTP/1.1" 204 No Content
[2026-03-30 00:21:21][INFO] /0:0:0:0:0:0:0:1 "GET /maps/world/tiles/1/x-4/z1.png?840123 HTTP/1.1" 200 OK
[2026-03-30 00:21:21][INFO] /0:0:0:0:0:0:0:1 "GET /maps/world/tiles/0/x-3/6/z1/0.prbm?840123 HTTP/1.1" 200 OK
[2026-03-30 00:21:21][INFO] /0:0:0:0:0:0:0:1 "GET /maps/world/tiles/0/x-3/7/z1/0.prbm?840123 HTTP/1.1" 200 OK
[2026-03-30 00:21:21][INFO] /0:0:0:0:0:0:0:1 "GET /maps/world/tiles/0/x-3/7/z9.prbm?840123 HTTP/1.1" 200 OK
[2026-03-30 00:21:21][INFO] /0:0:0:0:0:0:0:1 "GET /maps/world/tiles/0/x-3/7/z8.prbm?840123 HTTP/1.1" 200 OK
[2026-03-30 00:21:21][INFO] /0:0:0:0:0:0:0:1 "GET /maps/world/tiles/0/x-3/6/z8.prbm?840123 HTTP/1.1" 200 OK
[2026-03-30 00:21:21][INFO] /0:0:0:0:0:0:0:1 "GET /maps/world/tiles/0/x-3/5/z8.prbm?840123 HTTP/1.1" 200 OK
[2026-03-30 00:21:21][INFO] /0:0:0:0:0:0:0:1 "GET /maps/world/tiles/0/x-3/4/z8.prbm?840123 HTTP/1.1" 200 OK
[2026-03-30 00:21:21][INFO] /0:0:0:0:0:0:0:1 "GET /maps/world/tiles/0/x-3/4/z9.prbm?840123 HTTP/1.1" 200 OK
[2026-03-30 00:21:21][INFO] /0:0:0:0:0:0:0:1 "GET /maps/world/tiles/0/x-3/4/z1/0.prbm?840123 HTTP/1.1" 200 OK
[2026-03-30 00:21:21][INFO] /0:0:0:0:0:0:0:1 "GET /maps/world/tiles/0/x-3/4/z1/1.prbm?840123 HTTP/1.1" 200 OK
[2026-03-30 00:21:21][INFO] /0:0:0:0:0:0:0:1 "GET /maps/world/tiles/0/x-3/5/z1/1.prbm?840123 HTTP/1.1" 200 OK
[2026-03-30 00:21:21][INFO] /0:0:0:0:0:0:0:1 "GET /maps/world/tiles/0/x-3/6/z1/1.prbm?840123 HTTP/1.1" 200 OK
[2026-03-30 00:21:21][INFO] /0:0:0:0:0:0:0:1 "GET /maps/world/tiles/0/x-3/7/z1/1.prbm?840123 HTTP/1.1" 200 OK
[2026-03-30 00:21:21][INFO] /0:0:0:0:0:0:0:1 "GET /maps/world/tiles/0/x-3/8/z1/1.prbm?840123 HTTP/1.1" 200 OK
[2026-03-30 00:21:21][INFO] /0:0:0:0:0:0:0:1 "GET /maps/world/tiles/0/x-3/8/z1/0.prbm?840123 HTTP/1.1" 200 OK
[2026-03-30 00:21:21][INFO] /0:0:0:0:0:0:0:1 "GET /maps/world/tiles/0/x-3/8/z9.prbm?840123 HTTP/1.1" 200 OK
[2026-03-30 00:21:21][INFO] /0:0:0:0:0:0:0:1 "GET /maps/world/tiles/0/x-3/8/z8.prbm?840123 HTTP/1.1" 200 OK
[2026-03-30 00:21:21][INFO] /0:0:0:0:0:0:0:1 "GET /maps/world/tiles/0/x-3/8/z7.prbm?840123 HTTP/1.1" 200 OK
[2026-03-30 00:21:22][INFO] /0:0:0:0:0:0:0:1 "GET /maps/world/tiles/0/x-3/7/z7.prbm?840123 HTTP/1.1" 200 OK
[2026-03-30 00:21:22][INFO] /0:0:0:0:0:0:0:1 "GET /maps/world/tiles/0/x-3/6/z7.prbm?840123 HTTP/1.1" 200 OK
[2026-03-30 00:21:22][INFO] /0:0:0:0:0:0:0:1 "GET /maps/world/tiles/0/x-3/5/z7.prbm?840123 HTTP/1.1" 200 OK
[2026-03-30 00:21:22][INFO] /0:0:0:0:0:0:0:1 "GET /maps/world/tiles/0/x-3/4/z7.prbm?840123 HTTP/1.1" 200 OK
[2026-03-30 00:21:22][INFO] /0:0:0:0:0:0:0:1 "GET /maps/world/tiles/0/x-3/3/z7.prbm?840123 HTTP/1.1" 200 OK
[2026-03-30 00:21:22][INFO] /0:0:0:0:0:0:0:1 "GET /maps/world/tiles/0/x-3/3/z8.prbm?840123 HTTP/1.1" 200 OK
[2026-03-30 00:21:22][INFO] /0:0:0:0:0:0:0:1 "GET /maps/world/tiles/0/x-3/3/z9.prbm?840123 HTTP/1.1" 200 OK
[2026-03-30 00:21:22][INFO] /0:0:0:0:0:0:0:1 "GET /maps/world/tiles/0/x-3/3/z1/0.prbm?840123 HTTP/1.1" 200 OK
[2026-03-30 00:21:22][INFO] /0:0:0:0:0:0:0:1 "GET /maps/world/tiles/0/x-3/3/z1/1.prbm?840123 HTTP/1.1" 200 OK
[2026-03-30 00:21:22][INFO] /0:0:0:0:0:0:0:1 "GET /maps/world/tiles/0/x-3/3/z1/2.prbm?840123 HTTP/1.1" 200 OK
[2026-03-30 00:21:22][INFO] /0:0:0:0:0:0:0:1 "GET /maps/world/tiles/0/x-3/4/z1/2.prbm?840123 HTTP/1.1" 200 OK
[2026-03-30 00:21:22][INFO] /0:0:0:0:0:0:0:1 "GET /maps/world/tiles/0/x-3/5/z1/2.prbm?840123 HTTP/1.1" 200 OK
[2026-03-30 00:21:22][INFO] /0:0:0:0:0:0:0:1 "GET /maps/world/tiles/0/x-3/6/z1/2.prbm?840123 HTTP/1.1" 200 OK
[2026-03-30 00:21:22][INFO] /0:0:0:0:0:0:0:1 "GET /maps/world/tiles/0/x-3/7/z1/2.prbm?840123 HTTP/1.1" 200 OK
[2026-03-30 00:21:22][INFO] /0:0:0:0:0:0:0:1 "GET /maps/world/tiles/0/x-3/8/z1/2.prbm?840123 HTTP/1.1" 200 OK
[2026-03-30 00:21:22][INFO] /0:0:0:0:0:0:0:1 "GET /maps/world/tiles/0/x-3/9/z1/2.prbm?840123 HTTP/1.1" 200 OK
[2026-03-30 00:21:22][INFO] /0:0:0:0:0:0:0:1 "GET /maps/world/tiles/0/x-3/9/z1/1.prbm?840123 HTTP/1.1" 200 OK
[2026-03-30 00:21:22][INFO] /0:0:0:0:0:0:0:1 "GET /maps/world/tiles/0/x-3/9/z1/0.prbm?840123 HTTP/1.1" 200 OK
[2026-03-30 00:21:22][INFO] /0:0:0:0:0:0:0:1 "GET /maps/world/tiles/0/x-3/9/z9.prbm?840123 HTTP/1.1" 200 OK
[2026-03-30 00:21:22][INFO] /0:0:0:0:0:0:0:1 "GET /maps/world/tiles/0/x-3/9/z8.prbm?840123 HTTP/1.1" 200 OK
[2026-03-30 00:21:22][INFO] /0:0:0:0:0:0:0:1 "GET /maps/world/tiles/0/x-3/9/z7.prbm?840123 HTTP/1.1" 200 OK
[2026-03-30 00:21:22][INFO] /0:0:0:0:0:0:0:1 "GET /maps/world/tiles/0/x-3/9/z6.prbm?840123 HTTP/1.1" 200 OK
[2026-03-30 00:21:22][INFO] /0:0:0:0:0:0:0:1 "GET /maps/world/tiles/0/x-3/8/z6.prbm?840123 HTTP/1.1" 200 OK
[2026-03-30 00:21:22][INFO] /0:0:0:0:0:0:0:1 "GET /maps/world/tiles/0/x-3/7/z6.prbm?840123 HTTP/1.1" 204 No Content
[2026-03-30 00:21:22][INFO] /0:0:0:0:0:0:0:1 "GET /maps/world/tiles/0/x-3/6/z6.prbm?840123 HTTP/1.1" 204 No Content
[2026-03-30 00:21:22][INFO] /0:0:0:0:0:0:0:1 "GET /maps/world/tiles/0/x-3/5/z6.prbm?840123 HTTP/1.1" 200 OK
[2026-03-30 00:21:22][INFO] /0:0:0:0:0:0:0:1 "GET /maps/world/tiles/0/x-3/4/z6.prbm?840123 HTTP/1.1" 200 OK
[2026-03-30 00:21:22][INFO] /0:0:0:0:0:0:0:1 "GET /maps/world/tiles/0/x-3/3/z6.prbm?840123 HTTP/1.1" 200 OK
[2026-03-30 00:21:22][INFO] /0:0:0:0:0:0:0:1 "GET /maps/world/tiles/0/x-3/2/z6.prbm?840123 HTTP/1.1" 200 OK
[2026-03-30 00:21:22][INFO] /0:0:0:0:0:0:0:1 "GET /maps/world/tiles/0/x-3/2/z7.prbm?840123 HTTP/1.1" 200 OK
[2026-03-30 00:21:22][INFO] /0:0:0:0:0:0:0:1 "GET /maps/world/tiles/0/x-3/2/z8.prbm?840123 HTTP/1.1" 200 OK
[2026-03-30 00:21:22][INFO] /0:0:0:0:0:0:0:1 "GET /maps/world/tiles/0/x-3/2/z9.prbm?840123 HTTP/1.1" 200 OK
[2026-03-30 00:21:22][INFO] /0:0:0:0:0:0:0:1 "GET /maps/world/tiles/0/x-3/2/z1/0.prbm?840123 HTTP/1.1" 200 OK
[2026-03-30 00:21:22][INFO] /0:0:0:0:0:0:0:1 "GET /maps/world/tiles/0/x-3/2/z1/1.prbm?840123 HTTP/1.1" 200 OK
[2026-03-30 00:21:22][INFO] /0:0:0:0:0:0:0:1 "GET /maps/world/tiles/0/x-3/2/z1/2.prbm?840123 HTTP/1.1" 200 OK
[2026-03-30 00:21:22][INFO] /0:0:0:0:0:0:0:1 "GET /maps/world/tiles/0/x-3/2/z1/3.prbm?840123 HTTP/1.1" 200 OK
[2026-03-30 00:21:22][INFO] /0:0:0:0:0:0:0:1 "GET /maps/world/tiles/0/x-3/3/z1/3.prbm?840123 HTTP/1.1" 200 OK
[2026-03-30 00:21:22][INFO] /0:0:0:0:0:0:0:1 "GET /maps/world/tiles/0/x-3/4/z1/3.prbm?840123 HTTP/1.1" 200 OK
[2026-03-30 00:21:22][INFO] /0:0:0:0:0:0:0:1 "GET /maps/world/tiles/0/x-3/5/z1/3.prbm?840123 HTTP/1.1" 200 OK
[2026-03-30 00:21:22][INFO] /0:0:0:0:0:0:0:1 "GET /maps/world/tiles/0/x-3/6/z1/3.prbm?840123 HTTP/1.1" 200 OK
[2026-03-30 00:21:22][INFO] /0:0:0:0:0:0:0:1 "GET /maps/world/tiles/0/x-3/7/z1/3.prbm?840123 HTTP/1.1" 200 OK
[2026-03-30 00:21:22][INFO] /0:0:0:0:0:0:0:1 "GET /maps/world/tiles/0/x-3/8/z1/3.prbm?840123 HTTP/1.1" 200 OK
[2026-03-30 00:21:22][INFO] /0:0:0:0:0:0:0:1 "GET /maps/world/tiles/0/x-3/9/z1/3.prbm?840123 HTTP/1.1" 200 OK
[2026-03-30 00:21:22][INFO] /0:0:0:0:0:0:0:1 "GET /maps/world/tiles/0/x-4/0/z1/3.prbm?840123 HTTP/1.1" 200 OK
[2026-03-30 00:21:22][INFO] /0:0:0:0:0:0:0:1 "GET /maps/world/tiles/0/x-4/0/z1/2.prbm?840123 HTTP/1.1" 200 OK
[2026-03-30 00:21:22][INFO] /0:0:0:0:0:0:0:1 "GET /maps/world/tiles/0/x-4/0/z1/1.prbm?840123 HTTP/1.1" 200 OK
[2026-03-30 00:21:22][INFO] /0:0:0:0:0:0:0:1 "GET /maps/world/tiles/0/x-4/0/z1/0.prbm?840123 HTTP/1.1" 200 OK
[2026-03-30 00:21:22][INFO] /0:0:0:0:0:0:0:1 "GET /maps/world/tiles/0/x-4/0/z9.prbm?840123 HTTP/1.1" 200 OK
[2026-03-30 00:21:22][INFO] /0:0:0:0:0:0:0:1 "GET /maps/world/tiles/0/x-4/0/z8.prbm?840123 HTTP/1.1" 200 OK
[2026-03-30 00:21:22][INFO] /0:0:0:0:0:0:0:1 "GET /maps/world/tiles/0/x-4/0/z7.prbm?840123 HTTP/1.1" 200 OK
[2026-03-30 00:21:22][INFO] /0:0:0:0:0:0:0:1 "GET /maps/world/tiles/0/x-4/0/z6.prbm?840123 HTTP/1.1" 200 OK
[2026-03-30 00:21:22][INFO] /0:0:0:0:0:0:0:1 "GET /maps/world/tiles/0/x-3/4/z5.prbm?840123 HTTP/1.1" 200 OK
[2026-03-30 00:21:22][INFO] /0:0:0:0:0:0:0:1 "GET /maps/world/tiles/0/x-3/3/z5.prbm?840123 HTTP/1.1" 200 OK
[2026-03-30 00:21:22][INFO] /0:0:0:0:0:0:0:1 "GET /maps/world/tiles/0/x-3/2/z5.prbm?840123 HTTP/1.1" 200 OK
[2026-03-30 00:21:22][INFO] /0:0:0:0:0:0:0:1 "GET /maps/world/tiles/0/x-3/1/z5.prbm?840123 HTTP/1.1" 200 OK
[2026-03-30 00:21:22][INFO] /0:0:0:0:0:0:0:1 "GET /maps/world/tiles/0/x-3/1/z6.prbm?840123 HTTP/1.1" 200 OK
[2026-03-30 00:21:22][INFO] /0:0:0:0:0:0:0:1 "GET /maps/world/settings.json?438000 HTTP/1.1" 200 OK
[2026-03-30 00:21:22][INFO] /0:0:0:0:0:0:0:1 "GET /maps/world/textures.json?438000 HTTP/1.1" 200 OK
[2026-03-30 00:21:22][INFO] /0:0:0:0:0:0:0:1 "GET /maps/world/live/players.json?14489 HTTP/1.1" 200 OK
[2026-03-30 00:21:22][INFO] /0:0:0:0:0:0:0:1 "GET /maps/world/live/markers.json?255317 HTTP/1.1" 200 OK
[2026-03-30 00:21:22][INFO] /0:0:0:0:0:0:0:1 "GET /maps/world/tiles/0/x-3/6/z9.prbm?438000 HTTP/1.1" 200 OK
[2026-03-30 00:21:22][INFO] /0:0:0:0:0:0:0:1 "GET /maps/world/tiles/3/x-1/z0.png?438000 HTTP/1.1" 200 OK
[2026-03-30 00:21:22][INFO] /0:0:0:0:0:0:0:1 "GET /maps/world/tiles/2/x-1/z0.png?438000 HTTP/1.1" 200 OK
[2026-03-30 00:21:22][INFO] /0:0:0:0:0:0:0:1 "GET /maps/world/tiles/1/x-3/z0.png?438000 HTTP/1.1" 200 OK
[2026-03-30 00:21:22][INFO] /0:0:0:0:0:0:0:1 "GET /maps/world/tiles/3/x0/z0.png?438000 HTTP/1.1" 200 OK
[2026-03-30 00:21:22][INFO] /0:0:0:0:0:0:0:1 "GET /maps/world/tiles/0/x-3/5/z9.prbm?438000 HTTP/1.1" 200 OK
[2026-03-30 00:21:22][INFO] /0:0:0:0:0:0:0:1 "GET /maps/world/tiles/0/x-3/5/z1/0.prbm?438000 HTTP/1.1" 200 OK
[2026-03-30 00:21:22][INFO] /0:0:0:0:0:0:0:1 "GET /maps/world/tiles/2/x0/z0.png?438000 HTTP/1.1" 200 OK
[2026-03-30 00:21:22][INFO] /0:0:0:0:0:0:0:1 "GET /maps/world/tiles/1/x-2/z0.png?438000 HTTP/1.1" 200 OK
[2026-03-30 00:21:22][INFO] /0:0:0:0:0:0:0:1 "GET /maps/world/tiles/0/x-3/6/z1/0.prbm?438000 HTTP/1.1" 200 OK
[2026-03-30 00:21:22][INFO] /0:0:0:0:0:0:0:1 "GET /maps/world/tiles/0/x-3/7/z1/0.prbm?438000 HTTP/1.1" 200 OK
[2026-03-30 00:21:22][INFO] /0:0:0:0:0:0:0:1 "GET /maps/world/tiles/3/x0/z1.png?438000 HTTP/1.1" 204 No Content
[2026-03-30 00:21:22][INFO] /0:0:0:0:0:0:0:1 "GET /maps/world/tiles/2/x0/z1.png?438000 HTTP/1.1" 200 OK
[2026-03-30 00:21:22][INFO] /0:0:0:0:0:0:0:1 "GET /maps/world/tiles/1/x-2/z1.png?438000 HTTP/1.1" 200 OK
[2026-03-30 00:21:22][INFO] /0:0:0:0:0:0:0:1 "GET /maps/world/tiles/3/x-1/z1.png?438000 HTTP/1.1" 204 No Content
[2026-03-30 00:21:22][INFO] /0:0:0:0:0:0:0:1 "GET /maps/world/tiles/2/x-1/z1.png?438000 HTTP/1.1" 200 OK
[2026-03-30 00:21:22][INFO] /0:0:0:0:0:0:0:1 "GET /maps/world/tiles/1/x-3/z1.png?438000 HTTP/1.1" 200 OK
[2026-03-30 00:21:22][INFO] /0:0:0:0:0:0:0:1 "GET /maps/world/tiles/3/x-2/z1.png?438000 HTTP/1.1" 204 No Content
[2026-03-30 00:21:22][INFO] /0:0:0:0:0:0:0:1 "GET /maps/world/tiles/2/x-2/z1.png?438000 HTTP/1.1" 204 No Content
[2026-03-30 00:21:22][INFO] /0:0:0:0:0:0:0:1 "GET /maps/world/tiles/1/x-4/z1.png?438000 HTTP/1.1" 200 OK
[2026-03-30 00:21:22][INFO] /0:0:0:0:0:0:0:1 "GET /maps/world/tiles/3/x-2/z0.png?438000 HTTP/1.1" 204 No Content
[2026-03-30 00:21:22][INFO] /0:0:0:0:0:0:0:1 "GET /maps/world/tiles/0/x-3/7/z9.prbm?438000 HTTP/1.1" 200 OK
[2026-03-30 00:21:22][INFO] /0:0:0:0:0:0:0:1 "GET /maps/world/tiles/2/x-2/z0.png?438000 HTTP/1.1" 200 OK
[2026-03-30 00:21:22][INFO] /0:0:0:0:0:0:0:1 "GET /maps/world/tiles/1/x-4/z0.png?438000 HTTP/1.1" 200 OK
[2026-03-30 00:21:22][INFO] /0:0:0:0:0:0:0:1 "GET /maps/world/tiles/0/x-3/7/z8.prbm?438000 HTTP/1.1" 200 OK
[2026-03-30 00:21:22][INFO] /0:0:0:0:0:0:0:1 "GET /maps/world/tiles/0/x-3/6/z8.prbm?438000 HTTP/1.1" 200 OK
[2026-03-30 00:21:22][INFO] /0:0:0:0:0:0:0:1 "GET /maps/world/tiles/0/x-3/5/z8.prbm?438000 HTTP/1.1" 200 OK
[2026-03-30 00:21:22][INFO] /0:0:0:0:0:0:0:1 "GET /maps/world/tiles/0/x-3/4/z8.prbm?438000 HTTP/1.1" 200 OK
[2026-03-30 00:21:22][INFO] /0:0:0:0:0:0:0:1 "GET /maps/world/tiles/0/x-3/4/z9.prbm?438000 HTTP/1.1" 200 OK
[2026-03-30 00:21:22][INFO] /0:0:0:0:0:0:0:1 "GET /maps/world/tiles/0/x-3/4/z1/0.prbm?438000 HTTP/1.1" 200 OK
[2026-03-30 00:21:22][INFO] /0:0:0:0:0:0:0:1 "GET /maps/world/tiles/0/x-3/4/z1/1.prbm?438000 HTTP/1.1" 200 OK
[2026-03-30 00:21:22][INFO] /0:0:0:0:0:0:0:1 "GET /maps/world/tiles/0/x-3/5/z1/1.prbm?438000 HTTP/1.1" 200 OK
[2026-03-30 00:21:22][INFO] /0:0:0:0:0:0:0:1 "GET /maps/world/tiles/0/x-3/6/z1/1.prbm?438000 HTTP/1.1" 200 OK
[2026-03-30 00:21:22][INFO] /0:0:0:0:0:0:0:1 "GET /maps/world/tiles/0/x-3/7/z1/1.prbm?438000 HTTP/1.1" 200 OK
[2026-03-30 00:21:22][INFO] /0:0:0:0:0:0:0:1 "GET /maps/world/tiles/0/x-3/8/z1/1.prbm?438000 HTTP/1.1" 200 OK
[2026-03-30 00:21:22][INFO] /0:0:0:0:0:0:0:1 "GET /maps/world/tiles/0/x-3/8/z1/0.prbm?438000 HTTP/1.1" 200 OK
[2026-03-30 00:21:22][INFO] /0:0:0:0:0:0:0:1 "GET /maps/world/tiles/0/x-3/8/z9.prbm?438000 HTTP/1.1" 200 OK
[2026-03-30 00:21:22][INFO] /0:0:0:0:0:0:0:1 "GET /maps/world/tiles/0/x-3/8/z8.prbm?438000 HTTP/1.1" 200 OK
[2026-03-30 00:21:22][INFO] /0:0:0:0:0:0:0:1 "GET /maps/world/tiles/0/x-3/8/z7.prbm?438000 HTTP/1.1" 200 OK
[2026-03-30 00:21:22][INFO] /0:0:0:0:0:0:0:1 "GET /maps/world/tiles/0/x-3/7/z7.prbm?438000 HTTP/1.1" 200 OK
[2026-03-30 00:21:22][INFO] /0:0:0:0:0:0:0:1 "GET /maps/world/tiles/0/x-3/6/z7.prbm?438000 HTTP/1.1" 200 OK
[2026-03-30 00:21:22][INFO] /0:0:0:0:0:0:0:1 "GET /maps/world/tiles/0/x-3/5/z7.prbm?438000 HTTP/1.1" 200 OK
[2026-03-30 00:21:22][INFO] /0:0:0:0:0:0:0:1 "GET /maps/world/tiles/0/x-3/4/z7.prbm?438000 HTTP/1.1" 200 OK
[2026-03-30 00:21:22][INFO] /0:0:0:0:0:0:0:1 "GET /maps/world/tiles/0/x-3/3/z7.prbm?438000 HTTP/1.1" 200 OK
[2026-03-30 00:21:22][INFO] /0:0:0:0:0:0:0:1 "GET /maps/world/tiles/0/x-3/3/z8.prbm?438000 HTTP/1.1" 200 OK
[2026-03-30 00:21:22][INFO] /0:0:0:0:0:0:0:1 "GET /maps/world/tiles/0/x-3/3/z9.prbm?438000 HTTP/1.1" 200 OK
[2026-03-30 00:21:22][INFO] /0:0:0:0:0:0:0:1 "GET /maps/world/tiles/0/x-3/3/z1/0.prbm?438000 HTTP/1.1" 200 OK
[2026-03-30 00:21:22][INFO] /0:0:0:0:0:0:0:1 "GET /maps/world/tiles/0/x-3/3/z1/1.prbm?438000 HTTP/1.1" 200 OK
[2026-03-30 00:21:22][INFO] /0:0:0:0:0:0:0:1 "GET /maps/world/tiles/0/x-3/3/z1/2.prbm?438000 HTTP/1.1" 200 OK
[2026-03-30 00:21:22][INFO] /0:0:0:0:0:0:0:1 "GET /maps/world/tiles/0/x-3/4/z1/2.prbm?438000 HTTP/1.1" 200 OK
[2026-03-30 00:21:22][INFO] /0:0:0:0:0:0:0:1 "GET /maps/world/tiles/0/x-3/5/z1/2.prbm?438000 HTTP/1.1" 200 OK
[2026-03-30 00:21:22][INFO] /0:0:0:0:0:0:0:1 "GET /maps/world/tiles/0/x-3/6/z1/2.prbm?438000 HTTP/1.1" 200 OK
[2026-03-30 00:21:22][INFO] /0:0:0:0:0:0:0:1 "GET /maps/world/tiles/0/x-3/7/z1/2.prbm?438000 HTTP/1.1" 200 OK
[2026-03-30 00:21:22][INFO] /0:0:0:0:0:0:0:1 "GET /maps/world/tiles/0/x-3/8/z1/2.prbm?438000 HTTP/1.1" 200 OK
[2026-03-30 00:21:22][INFO] /0:0:0:0:0:0:0:1 "GET /maps/world/tiles/0/x-3/9/z1/2.prbm?438000 HTTP/1.1" 200 OK
[2026-03-30 00:21:22][INFO] /0:0:0:0:0:0:0:1 "GET /maps/world/tiles/0/x-3/9/z1/1.prbm?438000 HTTP/1.1" 200 OK
[2026-03-30 00:21:22][INFO] /0:0:0:0:0:0:0:1 "GET /maps/world/tiles/0/x-3/9/z1/0.prbm?438000 HTTP/1.1" 200 OK
[2026-03-30 00:21:22][INFO] /0:0:0:0:0:0:0:1 "GET /maps/world/tiles/0/x-3/9/z9.prbm?438000 HTTP/1.1" 200 OK
[2026-03-30 00:21:22][INFO] /0:0:0:0:0:0:0:1 "GET /maps/world/tiles/0/x-3/9/z8.prbm?438000 HTTP/1.1" 200 OK
[2026-03-30 00:21:22][INFO] /0:0:0:0:0:0:0:1 "GET /maps/world/tiles/0/x-3/9/z7.prbm?438000 HTTP/1.1" 200 OK
[2026-03-30 00:21:22][INFO] /0:0:0:0:0:0:0:1 "GET /maps/world/tiles/0/x-3/9/z6.prbm?438000 HTTP/1.1" 200 OK
[2026-03-30 00:21:22][INFO] /0:0:0:0:0:0:0:1 "GET /maps/world/tiles/0/x-3/8/z6.prbm?438000 HTTP/1.1" 200 OK
[2026-03-30 00:21:22][INFO] /0:0:0:0:0:0:0:1 "GET /maps/world/tiles/0/x-3/7/z6.prbm?438000 HTTP/1.1" 204 No Content
[2026-03-30 00:21:22][INFO] /0:0:0:0:0:0:0:1 "GET /maps/world/tiles/0/x-3/6/z6.prbm?438000 HTTP/1.1" 204 No Content
[2026-03-30 00:21:22][INFO] /0:0:0:0:0:0:0:1 "GET /maps/world/tiles/0/x-3/5/z6.prbm?438000 HTTP/1.1" 200 OK
[2026-03-30 00:21:22][INFO] /0:0:0:0:0:0:0:1 "GET /maps/world/tiles/0/x-3/4/z6.prbm?438000 HTTP/1.1" 200 OK
[2026-03-30 00:21:22][INFO] /0:0:0:0:0:0:0:1 "GET /maps/world/tiles/0/x-3/3/z6.prbm?438000 HTTP/1.1" 200 OK
[2026-03-30 00:21:22][INFO] /0:0:0:0:0:0:0:1 "GET /maps/world/tiles/0/x-3/2/z6.prbm?438000 HTTP/1.1" 200 OK
[2026-03-30 00:21:22][INFO] /0:0:0:0:0:0:0:1 "GET /maps/world/tiles/0/x-3/2/z7.prbm?438000 HTTP/1.1" 200 OK
[2026-03-30 00:21:22][INFO] /0:0:0:0:0:0:0:1 "GET /maps/world/tiles/0/x-3/2/z8.prbm?438000 HTTP/1.1" 200 OK
[2026-03-30 00:21:22][INFO] /0:0:0:0:0:0:0:1 "GET /maps/world/tiles/0/x-3/2/z9.prbm?438000 HTTP/1.1" 200 OK
[2026-03-30 00:21:22][INFO] /0:0:0:0:0:0:0:1 "GET /maps/world/tiles/0/x-3/2/z1/0.prbm?438000 HTTP/1.1" 200 OK
[2026-03-30 00:21:22][INFO] /0:0:0:0:0:0:0:1 "GET /maps/world/tiles/0/x-3/2/z1/1.prbm?438000 HTTP/1.1" 200 OK
[2026-03-30 00:21:22][INFO] /0:0:0:0:0:0:0:1 "GET /maps/world/tiles/0/x-3/2/z1/2.prbm?438000 HTTP/1.1" 200 OK
[2026-03-30 00:21:22][INFO] /0:0:0:0:0:0:0:1 "GET /maps/world/tiles/0/x-3/2/z1/3.prbm?438000 HTTP/1.1" 200 OK
[2026-03-30 00:21:22][INFO] /0:0:0:0:0:0:0:1 "GET /maps/world/tiles/0/x-3/3/z1/3.prbm?438000 HTTP/1.1" 200 OK
[2026-03-30 00:21:22][INFO] /0:0:0:0:0:0:0:1 "GET /maps/world/tiles/0/x-3/4/z1/3.prbm?438000 HTTP/1.1" 200 OK
[2026-03-30 00:21:22][INFO] /0:0:0:0:0:0:0:1 "GET /maps/world/tiles/0/x-3/5/z1/3.prbm?438000 HTTP/1.1" 200 OK
[2026-03-30 00:21:22][INFO] /0:0:0:0:0:0:0:1 "GET /maps/world/tiles/0/x-3/6/z1/3.prbm?438000 HTTP/1.1" 200 OK
[2026-03-30 00:21:22][INFO] /0:0:0:0:0:0:0:1 "GET /maps/world/tiles/0/x-3/7/z1/3.prbm?438000 HTTP/1.1" 200 OK
[2026-03-30 00:21:22][INFO] /0:0:0:0:0:0:0:1 "GET /maps/world/tiles/0/x-3/8/z1/3.prbm?438000 HTTP/1.1" 200 OK
[2026-03-30 00:21:22][INFO] /0:0:0:0:0:0:0:1 "GET /maps/world/tiles/0/x-3/9/z1/3.prbm?438000 HTTP/1.1" 200 OK
[2026-03-30 00:21:22][INFO] /0:0:0:0:0:0:0:1 "GET /maps/world/tiles/0/x-4/0/z1/3.prbm?438000 HTTP/1.1" 200 OK
[2026-03-30 00:21:22][INFO] /0:0:0:0:0:0:0:1 "GET /maps/world/tiles/0/x-4/0/z1/2.prbm?438000 HTTP/1.1" 200 OK
[2026-03-30 00:21:22][INFO] /0:0:0:0:0:0:0:1 "GET /maps/world/tiles/0/x-4/0/z1/1.prbm?438000 HTTP/1.1" 200 OK
[2026-03-30 00:21:22][INFO] /0:0:0:0:0:0:0:1 "GET /maps/world/tiles/0/x-4/0/z1/0.prbm?438000 HTTP/1.1" 200 OK
[2026-03-30 00:21:22][INFO] /0:0:0:0:0:0:0:1 "GET /maps/world/tiles/0/x-4/0/z9.prbm?438000 HTTP/1.1" 200 OK
[2026-03-30 00:21:22][INFO] /0:0:0:0:0:0:0:1 "GET /maps/world/tiles/0/x-4/0/z8.prbm?438000 HTTP/1.1" 200 OK
[2026-03-30 00:21:22][INFO] /0:0:0:0:0:0:0:1 "GET /maps/world/tiles/0/x-4/0/z7.prbm?438000 HTTP/1.1" 200 OK
[2026-03-30 00:21:22][INFO] /0:0:0:0:0:0:0:1 "GET /maps/world/tiles/0/x-4/0/z6.prbm?438000 HTTP/1.1" 200 OK
[2026-03-30 00:21:22][INFO] /0:0:0:0:0:0:0:1 "GET /maps/world/tiles/0/x-4/0/z5.prbm?438000 HTTP/1.1" 200 OK
[2026-03-30 00:21:22][INFO] /0:0:0:0:0:0:0:1 "GET /maps/world/tiles/0/x-3/9/z5.prbm?438000 HTTP/1.1" 200 OK
[2026-03-30 00:21:22][INFO] /0:0:0:0:0:0:0:1 "GET /maps/world/tiles/0/x-3/8/z5.prbm?438000 HTTP/1.1" 200 OK
[2026-03-30 00:21:22][INFO] /0:0:0:0:0:0:0:1 "GET /maps/world/tiles/0/x-3/7/z5.prbm?438000 HTTP/1.1" 204 No Content
[2026-03-30 00:21:22][INFO] /0:0:0:0:0:0:0:1 "GET /maps/world/tiles/0/x-3/6/z5.prbm?438000 HTTP/1.1" 204 No Content
[2026-03-30 00:21:22][INFO] /0:0:0:0:0:0:0:1 "GET /maps/world/tiles/0/x-3/5/z5.prbm?438000 HTTP/1.1" 200 OK
[2026-03-30 00:21:22][INFO] /0:0:0:0:0:0:0:1 "GET /maps/world/tiles/0/x-3/4/z5.prbm?438000 HTTP/1.1" 200 OK
[2026-03-30 00:21:22][INFO] /0:0:0:0:0:0:0:1 "GET /maps/world/tiles/0/x-3/3/z5.prbm?438000 HTTP/1.1" 200 OK
[2026-03-30 00:21:22][INFO] /0:0:0:0:0:0:0:1 "GET /maps/world/tiles/0/x-3/2/z5.prbm?438000 HTTP/1.1" 200 OK
[2026-03-30 00:21:22][INFO] /0:0:0:0:0:0:0:1 "GET /maps/world/tiles/0/x-3/1/z5.prbm?438000 HTTP/1.1" 200 OK
[2026-03-30 00:21:22][INFO] /0:0:0:0:0:0:0:1 "GET /maps/world/tiles/0/x-3/1/z6.prbm?438000 HTTP/1.1" 200 OK
[2026-03-30 00:21:22][INFO] /0:0:0:0:0:0:0:1 "GET /maps/world/tiles/0/x-3/1/z7.prbm?438000 HTTP/1.1" 200 OK
[2026-03-30 00:21:22][INFO] /0:0:0:0:0:0:0:1 "GET /maps/world/tiles/0/x-3/1/z8.prbm?438000 HTTP/1.1" 200 OK
[2026-03-30 00:21:22][INFO] /0:0:0:0:0:0:0:1 "GET /maps/world/tiles/0/x-3/1/z9.prbm?438000 HTTP/1.1" 200 OK
[2026-03-30 00:21:22][INFO] /0:0:0:0:0:0:0:1 "GET /maps/world/tiles/0/x-3/1/z1/0.prbm?438000 HTTP/1.1" 200 OK
[2026-03-30 00:21:22][INFO] /0:0:0:0:0:0:0:1 "GET /maps/world/tiles/0/x-3/1/z1/1.prbm?438000 HTTP/1.1" 200 OK
[2026-03-30 00:21:22][INFO] /0:0:0:0:0:0:0:1 "GET /maps/world/tiles/0/x-3/1/z1/2.prbm?438000 HTTP/1.1" 200 OK
[2026-03-30 00:21:22][INFO] /0:0:0:0:0:0:0:1 "GET /maps/world/tiles/0/x-3/1/z1/3.prbm?438000 HTTP/1.1" 200 OK
[2026-03-30 00:21:22][INFO] /0:0:0:0:0:0:0:1 "GET /maps/world/tiles/0/x-3/1/z1/4.prbm?438000 HTTP/1.1" 200 OK
[2026-03-30 00:21:22][INFO] /0:0:0:0:0:0:0:1 "GET /maps/world/tiles/0/x-3/2/z1/4.prbm?438000 HTTP/1.1" 200 OK
[2026-03-30 00:21:22][INFO] /0:0:0:0:0:0:0:1 "GET /maps/world/tiles/0/x-3/3/z1/4.prbm?438000 HTTP/1.1" 200 OK
[2026-03-30 00:21:22][INFO] /0:0:0:0:0:0:0:1 "GET /maps/world/tiles/0/x-3/4/z1/4.prbm?438000 HTTP/1.1" 200 OK
[2026-03-30 00:21:22][INFO] /0:0:0:0:0:0:0:1 "GET /maps/world/tiles/0/x-3/5/z1/4.prbm?438000 HTTP/1.1" 200 OK
[2026-03-30 00:21:22][INFO] /0:0:0:0:0:0:0:1 "GET /maps/world/tiles/0/x-3/6/z1/4.prbm?438000 HTTP/1.1" 200 OK
[2026-03-30 00:21:22][INFO] /0:0:0:0:0:0:0:1 "GET /maps/world/tiles/0/x-3/7/z1/4.prbm?438000 HTTP/1.1" 200 OK
[2026-03-30 00:21:22][INFO] /0:0:0:0:0:0:0:1 "GET /maps/world/tiles/0/x-3/8/z1/4.prbm?438000 HTTP/1.1" 200 OK
[2026-03-30 00:21:23][INFO] /0:0:0:0:0:0:0:1 "GET /maps/world/tiles/0/x-3/9/z1/4.prbm?438000 HTTP/1.1" 200 OK
[2026-03-30 00:21:23][INFO] /0:0:0:0:0:0:0:1 "GET /maps/world/tiles/0/x-4/0/z1/4.prbm?438000 HTTP/1.1" 200 OK
[2026-03-30 00:21:23][INFO] /0:0:0:0:0:0:0:1 "GET /maps/world/tiles/0/x-4/1/z1/4.prbm?438000 HTTP/1.1" 200 OK
[2026-03-30 00:21:23][INFO] /0:0:0:0:0:0:0:1 "GET /maps/world/tiles/0/x-4/1/z1/3.prbm?438000 HTTP/1.1" 200 OK
[2026-03-30 00:21:23][INFO] /0:0:0:0:0:0:0:1 "GET /maps/world/tiles/0/x-4/1/z1/2.prbm?438000 HTTP/1.1" 200 OK
[2026-03-30 00:21:23][INFO] /0:0:0:0:0:0:0:1 "GET /maps/world/tiles/0/x-4/1/z1/1.prbm?438000 HTTP/1.1" 200 OK
[2026-03-30 00:21:23][INFO] /0:0:0:0:0:0:0:1 "GET /maps/world/tiles/0/x-4/1/z1/0.prbm?438000 HTTP/1.1" 200 OK
[2026-03-30 00:21:23][INFO] /0:0:0:0:0:0:0:1 "GET /maps/world/tiles/0/x-4/1/z9.prbm?438000 HTTP/1.1" 200 OK
[2026-03-30 00:21:23][INFO] /0:0:0:0:0:0:0:1 "GET /maps/world/tiles/0/x-4/1/z8.prbm?438000 HTTP/1.1" 200 OK
[2026-03-30 00:21:23][INFO] /0:0:0:0:0:0:0:1 "GET /maps/world/tiles/0/x-4/1/z7.prbm?438000 HTTP/1.1" 200 OK
[2026-03-30 00:21:23][INFO] /0:0:0:0:0:0:0:1 "GET /maps/world/tiles/0/x-4/1/z6.prbm?438000 HTTP/1.1" 200 OK
[2026-03-30 00:21:23][INFO] /0:0:0:0:0:0:0:1 "GET /maps/world/tiles/0/x-4/1/z5.prbm?438000 HTTP/1.1" 200 OK
[2026-03-30 00:21:23][INFO] /0:0:0:0:0:0:0:1 "GET /maps/world/tiles/0/x-4/1/z4.prbm?438000 HTTP/1.1" 200 OK
[2026-03-30 00:21:23][INFO] /0:0:0:0:0:0:0:1 "GET /maps/world/tiles/0/x-4/0/z4.prbm?438000 HTTP/1.1" 200 OK
[2026-03-30 00:21:23][INFO] /0:0:0:0:0:0:0:1 "GET /maps/world/tiles/0/x-3/9/z4.prbm?438000 HTTP/1.1" 200 OK
[2026-03-30 00:21:23][INFO] /0:0:0:0:0:0:0:1 "GET /maps/world/tiles/0/x-3/8/z4.prbm?438000 HTTP/1.1" 200 OK
[2026-03-30 00:21:23][INFO] /0:0:0:0:0:0:0:1 "GET /maps/world/tiles/0/x-3/7/z4.prbm?438000 HTTP/1.1" 204 No Content
[2026-03-30 00:21:23][INFO] /0:0:0:0:0:0:0:1 "GET /maps/world/tiles/0/x-3/6/z4.prbm?438000 HTTP/1.1" 204 No Content
[2026-03-30 00:21:23][INFO] /0:0:0:0:0:0:0:1 "GET /maps/world/tiles/0/x-3/5/z4.prbm?438000 HTTP/1.1" 200 OK
[2026-03-30 00:21:23][INFO] /0:0:0:0:0:0:0:1 "GET /maps/world/tiles/0/x-3/4/z4.prbm?438000 HTTP/1.1" 200 OK
[2026-03-30 00:21:23][INFO] /0:0:0:0:0:0:0:1 "GET /maps/world/tiles/0/x-3/3/z4.prbm?438000 HTTP/1.1" 200 OK
[2026-03-30 00:21:23][INFO] /0:0:0:0:0:0:0:1 "GET /maps/world/tiles/0/x-3/2/z4.prbm?438000 HTTP/1.1" 200 OK
[2026-03-30 00:21:23][INFO] /0:0:0:0:0:0:0:1 "GET /maps/world/tiles/0/x-3/1/z4.prbm?438000 HTTP/1.1" 200 OK
[2026-03-30 00:21:23][INFO] /0:0:0:0:0:0:0:1 "GET /maps/world/tiles/0/x-3/0/z4.prbm?438000 HTTP/1.1" 200 OK
[2026-03-30 00:21:23][INFO] /0:0:0:0:0:0:0:1 "GET /maps/world/tiles/0/x-3/0/z5.prbm?438000 HTTP/1.1" 200 OK
[2026-03-30 00:21:23][INFO] /0:0:0:0:0:0:0:1 "GET /maps/world/tiles/0/x-3/0/z6.prbm?438000 HTTP/1.1" 200 OK
[2026-03-30 00:21:23][INFO] /0:0:0:0:0:0:0:1 "GET /maps/world/tiles/0/x-3/0/z7.prbm?438000 HTTP/1.1" 200 OK
[2026-03-30 00:21:23][INFO] /0:0:0:0:0:0:0:1 "GET /maps/world/tiles/0/x-3/0/z8.prbm?438000 HTTP/1.1" 200 OK
[2026-03-30 00:21:23][INFO] /0:0:0:0:0:0:0:1 "GET /maps/world/tiles/0/x-3/0/z9.prbm?438000 HTTP/1.1" 200 OK
[2026-03-30 00:21:23][INFO] /0:0:0:0:0:0:0:1 "GET /maps/world/tiles/0/x-3/0/z1/0.prbm?438000 HTTP/1.1" 200 OK
[2026-03-30 00:21:23][INFO] /0:0:0:0:0:0:0:1 "GET /maps/world/tiles/0/x-3/0/z1/1.prbm?438000 HTTP/1.1" 200 OK
[2026-03-30 00:21:23][INFO] /0:0:0:0:0:0:0:1 "GET /maps/world/tiles/0/x-3/0/z1/2.prbm?438000 HTTP/1.1" 200 OK
[2026-03-30 00:21:23][INFO] /0:0:0:0:0:0:0:1 "GET /maps/world/tiles/0/x-3/0/z1/3.prbm?438000 HTTP/1.1" 200 OK
[2026-03-30 00:21:23][INFO] /0:0:0:0:0:0:0:1 "GET /maps/world/tiles/0/x-3/0/z1/4.prbm?438000 HTTP/1.1" 200 OK
[2026-03-30 00:21:23][INFO] /0:0:0:0:0:0:0:1 "GET /maps/world/tiles/0/x-3/0/z1/5.prbm?438000 HTTP/1.1" 200 OK
[2026-03-30 00:21:23][INFO] /0:0:0:0:0:0:0:1 "GET /maps/world/tiles/0/x-3/1/z1/5.prbm?438000 HTTP/1.1" 200 OK
[2026-03-30 00:21:23][INFO] /0:0:0:0:0:0:0:1 "GET /maps/world/tiles/0/x-3/2/z1/5.prbm?438000 HTTP/1.1" 200 OK
[2026-03-30 00:21:23][INFO] /0:0:0:0:0:0:0:1 "GET /maps/world/tiles/0/x-3/3/z1/5.prbm?438000 HTTP/1.1" 200 OK
[2026-03-30 00:21:23][INFO] /0:0:0:0:0:0:0:1 "GET /maps/world/tiles/0/x-3/4/z1/5.prbm?438000 HTTP/1.1" 200 OK
[2026-03-30 00:21:23][INFO] /0:0:0:0:0:0:0:1 "GET /maps/world/tiles/0/x-3/5/z1/5.prbm?438000 HTTP/1.1" 200 OK
[2026-03-30 00:21:23][INFO] /0:0:0:0:0:0:0:1 "GET /maps/world/tiles/0/x-3/6/z1/5.prbm?438000 HTTP/1.1" 200 OK
[2026-03-30 00:21:23][INFO] /0:0:0:0:0:0:0:1 "GET /maps/world/tiles/0/x-3/7/z1/5.prbm?438000 HTTP/1.1" 200 OK
[2026-03-30 00:21:23][INFO] /0:0:0:0:0:0:0:1 "GET /maps/world/tiles/0/x-3/8/z1/5.prbm?438000 HTTP/1.1" 200 OK
[2026-03-30 00:21:23][INFO] /0:0:0:0:0:0:0:1 "GET /maps/world/tiles/0/x-3/9/z1/5.prbm?438000 HTTP/1.1" 200 OK
[2026-03-30 00:21:23][INFO] /0:0:0:0:0:0:0:1 "GET /maps/world/tiles/0/x-4/0/z1/5.prbm?438000 HTTP/1.1" 200 OK
[2026-03-30 00:21:23][INFO] /0:0:0:0:0:0:0:1 "GET /maps/world/tiles/0/x-4/1/z1/5.prbm?438000 HTTP/1.1" 200 OK
[2026-03-30 00:21:23][INFO] /0:0:0:0:0:0:0:1 "GET /maps/world/tiles/0/x-4/2/z1/5.prbm?438000 HTTP/1.1" 200 OK
[2026-03-30 00:21:23][INFO] /0:0:0:0:0:0:0:1 "GET /maps/world/tiles/0/x-4/2/z1/4.prbm?438000 HTTP/1.1" 200 OK
[2026-03-30 00:21:23][INFO] /0:0:0:0:0:0:0:1 "GET /maps/world/tiles/0/x-4/2/z1/3.prbm?438000 HTTP/1.1" 200 OK
[2026-03-30 00:21:23][INFO] /0:0:0:0:0:0:0:1 "GET /maps/world/tiles/0/x-4/2/z1/2.prbm?438000 HTTP/1.1" 200 OK
[2026-03-30 00:21:23][INFO] /0:0:0:0:0:0:0:1 "GET /maps/world/tiles/0/x-4/2/z1/1.prbm?438000 HTTP/1.1" 200 OK
[2026-03-30 00:21:23][INFO] /0:0:0:0:0:0:0:1 "GET /maps/world/tiles/0/x-4/2/z1/0.prbm?438000 HTTP/1.1" 200 OK
[2026-03-30 00:21:23][INFO] /0:0:0:0:0:0:0:1 "GET /maps/world/tiles/0/x-4/2/z9.prbm?438000 HTTP/1.1" 200 OK
[2026-03-30 00:21:23][INFO] /0:0:0:0:0:0:0:1 "GET /maps/world/tiles/0/x-4/2/z8.prbm?438000 HTTP/1.1" 200 OK
[2026-03-30 00:21:23][INFO] /0:0:0:0:0:0:0:1 "GET /maps/world/tiles/0/x-4/2/z7.prbm?438000 HTTP/1.1" 200 OK
[2026-03-30 00:21:23][INFO] /0:0:0:0:0:0:0:1 "GET /maps/world/tiles/0/x-4/2/z6.prbm?438000 HTTP/1.1" 200 OK
[2026-03-30 00:21:23][INFO] /0:0:0:0:0:0:0:1 "GET /maps/world/tiles/0/x-4/2/z5.prbm?438000 HTTP/1.1" 200 OK
[2026-03-30 00:21:23][INFO] /0:0:0:0:0:0:0:1 "GET /maps/world/tiles/0/x-4/2/z4.prbm?438000 HTTP/1.1" 200 OK
[2026-03-30 00:21:23][INFO] /0:0:0:0:0:0:0:1 "GET /maps/world/tiles/0/x-4/2/z3.prbm?438000 HTTP/1.1" 200 OK
[2026-03-30 00:21:23][INFO] /0:0:0:0:0:0:0:1 "GET /maps/world/tiles/0/x-4/1/z3.prbm?438000 HTTP/1.1" 200 OK
[2026-03-30 00:21:23][INFO] /0:0:0:0:0:0:0:1 "GET /maps/world/tiles/0/x-4/0/z3.prbm?438000 HTTP/1.1" 200 OK
[2026-03-30 00:21:23][INFO] /0:0:0:0:0:0:0:1 "GET /maps/world/tiles/0/x-3/9/z3.prbm?438000 HTTP/1.1" 200 OK
[2026-03-30 00:21:23][INFO] /0:0:0:0:0:0:0:1 "GET /maps/world/tiles/0/x-3/8/z3.prbm?438000 HTTP/1.1" 200 OK
[2026-03-30 00:21:23][INFO] /0:0:0:0:0:0:0:1 "GET /maps/world/tiles/0/x-3/7/z3.prbm?438000 HTTP/1.1" 204 No Content
[2026-03-30 00:21:23][INFO] /0:0:0:0:0:0:0:1 "GET /maps/world/tiles/0/x-3/6/z3.prbm?438000 HTTP/1.1" 204 No Content
[2026-03-30 00:21:23][INFO] /0:0:0:0:0:0:0:1 "GET /maps/world/tiles/0/x-3/5/z3.prbm?438000 HTTP/1.1" 200 OK
[2026-03-30 00:21:23][INFO] /0:0:0:0:0:0:0:1 "GET /maps/world/tiles/0/x-3/4/z3.prbm?438000 HTTP/1.1" 200 OK
[2026-03-30 00:21:23][INFO] /0:0:0:0:0:0:0:1 "GET /maps/world/tiles/0/x-3/3/z3.prbm?438000 HTTP/1.1" 200 OK
[2026-03-30 00:21:23][INFO] /0:0:0:0:0:0:0:1 "GET /maps/world/tiles/0/x-3/2/z3.prbm?438000 HTTP/1.1" 200 OK
[2026-03-30 00:21:23][INFO] /0:0:0:0:0:0:0:1 "GET /maps/world/tiles/0/x-3/1/z3.prbm?438000 HTTP/1.1" 200 OK
[2026-03-30 00:21:23][INFO] /0:0:0:0:0:0:0:1 "GET /maps/world/tiles/0/x-3/0/z3.prbm?438000 HTTP/1.1" 200 OK
[2026-03-30 00:21:23][INFO] /0:0:0:0:0:0:0:1 "GET /maps/world/tiles/0/x-2/9/z3.prbm?438000 HTTP/1.1" 200 OK
[2026-03-30 00:21:23][INFO] /0:0:0:0:0:0:0:1 "GET /maps/world/live/players.json?257828 HTTP/1.1" 200 OK
[2026-03-30 00:21:23][INFO] /0:0:0:0:0:0:0:1 "GET /maps/world/tiles/0/x-2/9/z4.prbm?438000 HTTP/1.1" 200 OK
[2026-03-30 00:21:23][INFO] /0:0:0:0:0:0:0:1 "GET /maps/world/tiles/0/x-2/9/z5.prbm?438000 HTTP/1.1" 200 OK
[2026-03-30 00:21:23][INFO] /0:0:0:0:0:0:0:1 "GET /maps/world/tiles/0/x-2/9/z6.prbm?438000 HTTP/1.1" 200 OK
[2026-03-30 00:21:23][INFO] /0:0:0:0:0:0:0:1 "GET /maps/world/tiles/0/x-2/9/z7.prbm?438000 HTTP/1.1" 200 OK
[2026-03-30 00:21:23][INFO] /0:0:0:0:0:0:0:1 "GET /maps/world/tiles/0/x-2/9/z8.prbm?438000 HTTP/1.1" 200 OK
[2026-03-30 00:21:23][INFO] /0:0:0:0:0:0:0:1 "GET /maps/world/tiles/0/x-2/9/z9.prbm?438000 HTTP/1.1" 200 OK
[2026-03-30 00:21:23][INFO] /0:0:0:0:0:0:0:1 "GET /maps/world/tiles/0/x-2/9/z1/0.prbm?438000 HTTP/1.1" 200 OK
[2026-03-30 00:21:23][INFO] /0:0:0:0:0:0:0:1 "GET /maps/world/tiles/0/x-2/9/z1/1.prbm?438000 HTTP/1.1" 200 OK
[2026-03-30 00:21:23][INFO] /0:0:0:0:0:0:0:1 "GET /maps/world/tiles/0/x-2/9/z1/2.prbm?438000 HTTP/1.1" 200 OK
[2026-03-30 00:21:23][INFO] /0:0:0:0:0:0:0:1 "GET /maps/world/tiles/0/x-2/9/z1/3.prbm?438000 HTTP/1.1" 200 OK
[2026-03-30 00:21:23][INFO] /0:0:0:0:0:0:0:1 "GET /maps/world/tiles/0/x-2/9/z1/4.prbm?438000 HTTP/1.1" 200 OK
[2026-03-30 00:21:23][INFO] /0:0:0:0:0:0:0:1 "GET /maps/world/tiles/0/x-2/9/z1/5.prbm?438000 HTTP/1.1" 200 OK
[2026-03-30 00:21:23][INFO] /0:0:0:0:0:0:0:1 "GET /maps/world/tiles/0/x-2/9/z1/6.prbm?438000 HTTP/1.1" 200 OK
[2026-03-30 00:21:23][INFO] /0:0:0:0:0:0:0:1 "GET /maps/world/tiles/0/x-3/0/z1/6.prbm?438000 HTTP/1.1" 200 OK
[2026-03-30 00:21:23][INFO] /0:0:0:0:0:0:0:1 "GET /maps/world/tiles/0/x-3/1/z1/6.prbm?438000 HTTP/1.1" 200 OK
[2026-03-30 00:21:23][INFO] /0:0:0:0:0:0:0:1 "GET /maps/world/tiles/0/x-3/2/z1/6.prbm?438000 HTTP/1.1" 200 OK
[2026-03-30 00:21:23][INFO] /0:0:0:0:0:0:0:1 "GET /maps/world/tiles/0/x-3/3/z1/6.prbm?438000 HTTP/1.1" 200 OK
[2026-03-30 00:21:23][INFO] /0:0:0:0:0:0:0:1 "GET /maps/world/tiles/0/x-3/4/z1/6.prbm?438000 HTTP/1.1" 200 OK
[2026-03-30 00:21:23][INFO] /0:0:0:0:0:0:0:1 "GET /maps/world/tiles/0/x-3/5/z1/6.prbm?438000 HTTP/1.1" 200 OK
[2026-03-30 00:21:23][INFO] /0:0:0:0:0:0:0:1 "GET /maps/world/tiles/0/x-3/6/z1/6.prbm?438000 HTTP/1.1" 200 OK
[2026-03-30 00:21:23][INFO] /0:0:0:0:0:0:0:1 "GET /maps/world/tiles/0/x-3/7/z1/6.prbm?438000 HTTP/1.1" 200 OK
[2026-03-30 00:21:23][INFO] /0:0:0:0:0:0:0:1 "GET /maps/world/tiles/0/x-3/8/z1/6.prbm?438000 HTTP/1.1" 200 OK
[2026-03-30 00:21:23][INFO] /0:0:0:0:0:0:0:1 "GET /maps/world/tiles/0/x-3/9/z1/6.prbm?438000 HTTP/1.1" 200 OK
[2026-03-30 00:21:23][INFO] /0:0:0:0:0:0:0:1 "GET /maps/world/tiles/0/x-4/0/z1/6.prbm?438000 HTTP/1.1" 200 OK
[2026-03-30 00:21:23][INFO] /0:0:0:0:0:0:0:1 "GET /maps/world/tiles/0/x-4/1/z1/6.prbm?438000 HTTP/1.1" 200 OK
[2026-03-30 00:21:23][INFO] /0:0:0:0:0:0:0:1 "GET /maps/world/tiles/0/x-4/2/z1/6.prbm?438000 HTTP/1.1" 200 OK
[2026-03-30 00:21:23][INFO] /0:0:0:0:0:0:0:1 "GET /maps/world/tiles/0/x-4/3/z1/6.prbm?438000 HTTP/1.1" 200 OK
[2026-03-30 00:21:23][INFO] /0:0:0:0:0:0:0:1 "GET /maps/world/tiles/0/x-4/3/z1/5.prbm?438000 HTTP/1.1" 200 OK
[2026-03-30 00:21:23][INFO] /0:0:0:0:0:0:0:1 "GET /maps/world/tiles/0/x-4/3/z1/4.prbm?438000 HTTP/1.1" 200 OK
[2026-03-30 00:21:23][INFO] /0:0:0:0:0:0:0:1 "GET /maps/world/tiles/0/x-4/3/z1/3.prbm?438000 HTTP/1.1" 200 OK
[2026-03-30 00:21:23][INFO] /0:0:0:0:0:0:0:1 "GET /maps/world/tiles/0/x-4/3/z1/2.prbm?438000 HTTP/1.1" 200 OK
[2026-03-30 00:21:23][INFO] /0:0:0:0:0:0:0:1 "GET /maps/world/tiles/0/x-4/3/z1/1.prbm?438000 HTTP/1.1" 200 OK
[2026-03-30 00:21:23][INFO] /0:0:0:0:0:0:0:1 "GET /maps/world/tiles/0/x-4/3/z1/0.prbm?438000 HTTP/1.1" 200 OK
[2026-03-30 00:21:23][INFO] /0:0:0:0:0:0:0:1 "GET /maps/world/tiles/0/x-4/3/z9.prbm?438000 HTTP/1.1" 200 OK
[2026-03-30 00:21:23][INFO] /0:0:0:0:0:0:0:1 "GET /maps/world/tiles/0/x-4/3/z8.prbm?438000 HTTP/1.1" 200 OK
[2026-03-30 00:21:23][INFO] /0:0:0:0:0:0:0:1 "GET /maps/world/tiles/0/x-4/3/z7.prbm?438000 HTTP/1.1" 200 OK
[2026-03-30 00:21:23][INFO] /0:0:0:0:0:0:0:1 "GET /maps/world/tiles/0/x-4/3/z6.prbm?438000 HTTP/1.1" 200 OK
[2026-03-30 00:21:23][INFO] /0:0:0:0:0:0:0:1 "GET /maps/world/tiles/0/x-4/3/z5.prbm?438000 HTTP/1.1" 200 OK
[2026-03-30 00:21:23][INFO] /0:0:0:0:0:0:0:1 "GET /maps/world/tiles/0/x-4/3/z4.prbm?438000 HTTP/1.1" 200 OK
[2026-03-30 00:21:23][INFO] /0:0:0:0:0:0:0:1 "GET /maps/world/tiles/0/x-4/3/z3.prbm?438000 HTTP/1.1" 200 OK
[2026-03-30 00:21:23][INFO] /0:0:0:0:0:0:0:1 "GET /maps/world/tiles/0/x-4/3/z2.prbm?438000 HTTP/1.1" 200 OK
[2026-03-30 00:21:23][INFO] /0:0:0:0:0:0:0:1 "GET /maps/world/tiles/0/x-4/2/z2.prbm?438000 HTTP/1.1" 200 OK
[2026-03-30 00:21:23][INFO] /0:0:0:0:0:0:0:1 "GET /maps/world/tiles/0/x-4/1/z2.prbm?438000 HTTP/1.1" 200 OK
[2026-03-30 00:21:23][INFO] /0:0:0:0:0:0:0:1 "GET /maps/world/tiles/0/x-4/0/z2.prbm?438000 HTTP/1.1" 200 OK
[2026-03-30 00:21:23][INFO] /0:0:0:0:0:0:0:1 "GET /maps/world/tiles/0/x-3/9/z2.prbm?438000 HTTP/1.1" 200 OK
[2026-03-30 00:21:23][INFO] /0:0:0:0:0:0:0:1 "GET /maps/world/tiles/0/x-3/8/z2.prbm?438000 HTTP/1.1" 200 OK
[2026-03-30 00:21:23][INFO] /0:0:0:0:0:0:0:1 "GET /maps/world/tiles/0/x-3/7/z2.prbm?438000 HTTP/1.1" 204 No Content
[2026-03-30 00:21:23][INFO] /0:0:0:0:0:0:0:1 "GET /maps/world/tiles/0/x-3/6/z2.prbm?438000 HTTP/1.1" 204 No Content
[2026-03-30 00:21:23][INFO] /0:0:0:0:0:0:0:1 "GET /maps/world/tiles/0/x-3/5/z2.prbm?438000 HTTP/1.1" 200 OK
[2026-03-30 00:21:23][INFO] /0:0:0:0:0:0:0:1 "GET /maps/world/tiles/0/x-3/4/z2.prbm?438000 HTTP/1.1" 200 OK
[2026-03-30 00:21:23][INFO] /0:0:0:0:0:0:0:1 "GET /maps/world/tiles/0/x-3/3/z2.prbm?438000 HTTP/1.1" 200 OK
[2026-03-30 00:21:23][INFO] /0:0:0:0:0:0:0:1 "GET /maps/world/tiles/0/x-3/2/z2.prbm?438000 HTTP/1.1" 200 OK
[2026-03-30 00:21:23][INFO] /0:0:0:0:0:0:0:1 "GET /maps/world/tiles/0/x-3/1/z2.prbm?438000 HTTP/1.1" 200 OK
[2026-03-30 00:21:23][INFO] /0:0:0:0:0:0:0:1 "GET /maps/world/tiles/0/x-3/0/z2.prbm?438000 HTTP/1.1" 200 OK
[2026-03-30 00:21:23][INFO] /0:0:0:0:0:0:0:1 "GET /maps/world/tiles/0/x-2/9/z2.prbm?438000 HTTP/1.1" 200 OK
[2026-03-30 00:21:23][INFO] /0:0:0:0:0:0:0:1 "GET /maps/world/tiles/0/x-2/8/z2.prbm?438000 HTTP/1.1" 200 OK
[2026-03-30 00:21:23][INFO] /0:0:0:0:0:0:0:1 "GET /maps/world/tiles/0/x-2/8/z3.prbm?438000 HTTP/1.1" 200 OK
[2026-03-30 00:21:23][INFO] /0:0:0:0:0:0:0:1 "GET /maps/world/tiles/0/x-2/8/z4.prbm?438000 HTTP/1.1" 200 OK
[2026-03-30 00:21:23][INFO] /0:0:0:0:0:0:0:1 "GET /maps/world/tiles/0/x-2/8/z5.prbm?438000 HTTP/1.1" 200 OK
[2026-03-30 00:21:23][INFO] /0:0:0:0:0:0:0:1 "GET /maps/world/tiles/0/x-2/8/z6.prbm?438000 HTTP/1.1" 200 OK
[2026-03-30 00:21:23][INFO] /0:0:0:0:0:0:0:1 "GET /maps/world/tiles/0/x-2/8/z7.prbm?438000 HTTP/1.1" 200 OK
[2026-03-30 00:21:23][INFO] /0:0:0:0:0:0:0:1 "GET /maps/world/tiles/0/x-2/8/z8.prbm?438000 HTTP/1.1" 200 OK
[2026-03-30 00:21:23][INFO] /0:0:0:0:0:0:0:1 "GET /maps/world/tiles/0/x-2/8/z9.prbm?438000 HTTP/1.1" 200 OK
[2026-03-30 00:21:23][INFO] /0:0:0:0:0:0:0:1 "GET /maps/world/tiles/0/x-2/8/z1/0.prbm?438000 HTTP/1.1" 200 OK
[2026-03-30 00:21:23][INFO] /0:0:0:0:0:0:0:1 "GET /maps/world/tiles/0/x-2/8/z1/1.prbm?438000 HTTP/1.1" 200 OK
[2026-03-30 00:21:23][INFO] /0:0:0:0:0:0:0:1 "GET /maps/world/tiles/0/x-2/8/z1/2.prbm?438000 HTTP/1.1" 200 OK
[2026-03-30 00:21:23][INFO] /0:0:0:0:0:0:0:1 "GET /maps/world/tiles/0/x-2/8/z1/3.prbm?438000 HTTP/1.1" 200 OK
[2026-03-30 00:21:23][INFO] /0:0:0:0:0:0:0:1 "GET /maps/world/tiles/0/x-2/8/z1/4.prbm?438000 HTTP/1.1" 200 OK
[2026-03-30 00:21:23][INFO] /0:0:0:0:0:0:0:1 "GET /maps/world/tiles/0/x-2/8/z1/5.prbm?438000 HTTP/1.1" 200 OK
[2026-03-30 00:21:23][INFO] /0:0:0:0:0:0:0:1 "GET /maps/world/tiles/0/x-2/8/z1/6.prbm?438000 HTTP/1.1" 200 OK
[2026-03-30 00:21:23][INFO] /0:0:0:0:0:0:0:1 "GET /maps/world/tiles/0/x-2/8/z1/7.prbm?438000 HTTP/1.1" 200 OK
[2026-03-30 00:21:23][INFO] /0:0:0:0:0:0:0:1 "GET /maps/world/tiles/0/x-2/9/z1/7.prbm?438000 HTTP/1.1" 200 OK
[2026-03-30 00:21:23][INFO] /0:0:0:0:0:0:0:1 "GET /maps/world/tiles/0/x-3/0/z1/7.prbm?438000 HTTP/1.1" 200 OK
[2026-03-30 00:21:23][INFO] /0:0:0:0:0:0:0:1 "GET /maps/world/tiles/0/x-3/1/z1/7.prbm?438000 HTTP/1.1" 200 OK
[2026-03-30 00:21:23][INFO] /0:0:0:0:0:0:0:1 "GET /maps/world/tiles/0/x-3/2/z1/7.prbm?438000 HTTP/1.1" 200 OK
[2026-03-30 00:21:23][INFO] /0:0:0:0:0:0:0:1 "GET /maps/world/tiles/0/x-3/3/z1/7.prbm?438000 HTTP/1.1" 200 OK
[2026-03-30 00:21:23][INFO] /0:0:0:0:0:0:0:1 "GET /maps/world/tiles/0/x-3/4/z1/7.prbm?438000 HTTP/1.1" 200 OK
[2026-03-30 00:21:23][INFO] /0:0:0:0:0:0:0:1 "GET /maps/world/tiles/0/x-3/5/z1/7.prbm?438000 HTTP/1.1" 200 OK
[2026-03-30 00:21:23][INFO] /0:0:0:0:0:0:0:1 "GET /maps/world/tiles/0/x-3/6/z1/7.prbm?438000 HTTP/1.1" 200 OK
[2026-03-30 00:21:23][INFO] /0:0:0:0:0:0:0:1 "GET /maps/world/tiles/0/x-3/7/z1/7.prbm?438000 HTTP/1.1" 200 OK
[2026-03-30 00:21:23][INFO] /0:0:0:0:0:0:0:1 "GET /maps/world/tiles/0/x-3/8/z1/7.prbm?438000 HTTP/1.1" 200 OK
[2026-03-30 00:21:23][INFO] /0:0:0:0:0:0:0:1 "GET /maps/world/tiles/0/x-3/9/z1/7.prbm?438000 HTTP/1.1" 200 OK
[2026-03-30 00:21:23][INFO] /0:0:0:0:0:0:0:1 "GET /maps/world/tiles/0/x-4/0/z1/7.prbm?438000 HTTP/1.1" 200 OK
[2026-03-30 00:21:23][INFO] /0:0:0:0:0:0:0:1 "GET /maps/world/tiles/0/x-4/1/z1/7.prbm?438000 HTTP/1.1" 200 OK
[2026-03-30 00:21:23][INFO] /0:0:0:0:0:0:0:1 "GET /maps/world/tiles/0/x-4/2/z1/7.prbm?438000 HTTP/1.1" 200 OK
[2026-03-30 00:21:23][INFO] /0:0:0:0:0:0:0:1 "GET /maps/world/tiles/0/x-4/3/z1/7.prbm?438000 HTTP/1.1" 200 OK
[2026-03-30 00:21:23][INFO] /0:0:0:0:0:0:0:1 "GET /maps/world/tiles/0/x-4/4/z1/7.prbm?438000 HTTP/1.1" 200 OK
[2026-03-30 00:21:23][INFO] /0:0:0:0:0:0:0:1 "GET /maps/world/tiles/1/x-1/z1.png?438000 HTTP/1.1" 200 OK
[2026-03-30 00:21:23][INFO] /0:0:0:0:0:0:0:1 "GET /maps/world/tiles/1/x-1/z2.png?438000 HTTP/1.1" 200 OK
[2026-03-30 00:21:23][INFO] /0:0:0:0:0:0:0:1 "GET /maps/world/tiles/1/x-2/z2.png?438000 HTTP/1.1" 200 OK
[2026-03-30 00:21:23][INFO] /0:0:0:0:0:0:0:1 "GET /maps/world/tiles/1/x-3/z2.png?438000 HTTP/1.1" 200 OK
[2026-03-30 00:21:24][INFO] /0:0:0:0:0:0:0:1 "GET /maps/world/tiles/1/x-1/z3.png?438000 HTTP/1.1" 200 OK
[2026-03-30 00:21:24][INFO] /0:0:0:0:0:0:0:1 "GET /maps/world/tiles/1/x-2/z3.png?438000 HTTP/1.1" 200 OK
[2026-03-30 00:21:24][INFO] /0:0:0:0:0:0:0:1 "GET /maps/world/tiles/1/x-3/z3.png?438000 HTTP/1.1" 200 OK
[2026-03-30 00:21:24][INFO] /0:0:0:0:0:0:0:1 "GET /maps/world/tiles/1/x-1/z4.png?438000 HTTP/1.1" 200 OK
[2026-03-30 00:21:24][INFO] /0:0:0:0:0:0:0:1 "GET /maps/world/tiles/1/x-2/z4.png?438000 HTTP/1.1" 200 OK
[2026-03-30 00:21:24][INFO] /0:0:0:0:0:0:0:1 "GET /maps/world/tiles/1/x-3/z4.png?438000 HTTP/1.1" 204 No Content
[2026-03-30 00:21:24][INFO] /0:0:0:0:0:0:0:1 "GET /maps/world/live/players.json?810920 HTTP/1.1" 200 OK
[2026-03-30 00:21:25][INFO] /0:0:0:0:0:0:0:1 "GET /maps/world/tiles/1/x-1/z0.png?438000 HTTP/1.1" 200 OK
[2026-03-30 00:21:25][INFO] /0:0:0:0:0:0:0:1 "GET /maps/world/live/players.json?917721 HTTP/1.1" 200 OK
[2026-03-30 00:21:25][INFO] /0:0:0:0:0:0:0:1 "GET /maps/world/tiles/0/x-1/6/z2.prbm?438000 HTTP/1.1" 200 OK
[2026-03-30 00:21:25][INFO] /0:0:0:0:0:0:0:1 "GET /maps/world/tiles/1/x0/z0.png?438000 HTTP/1.1" 200 OK
[2026-03-30 00:21:25][INFO] /0:0:0:0:0:0:0:1 "GET /maps/world/tiles/1/x0/z1.png?438000 HTTP/1.1" 200 OK
[2026-03-30 00:21:25][INFO] /0:0:0:0:0:0:0:1 "GET /maps/world/tiles/0/x-1/5/z2.prbm?438000 HTTP/1.1" 200 OK
[2026-03-30 00:21:25][INFO] /0:0:0:0:0:0:0:1 "GET /maps/world/tiles/0/x-1/5/z3.prbm?438000 HTTP/1.1" 200 OK
[2026-03-30 00:21:25][INFO] /0:0:0:0:0:0:0:1 "GET /maps/world/tiles/0/x-1/6/z3.prbm?438000 HTTP/1.1" 200 OK
[2026-03-30 00:21:25][INFO] /0:0:0:0:0:0:0:1 "GET /maps/world/tiles/0/x-1/7/z3.prbm?438000 HTTP/1.1" 200 OK
[2026-03-30 00:21:25][INFO] /0:0:0:0:0:0:0:1 "GET /maps/world/tiles/0/x-1/7/z2.prbm?438000 HTTP/1.1" 200 OK
[2026-03-30 00:21:25][INFO] /0:0:0:0:0:0:0:1 "GET /maps/world/tiles/0/x-1/7/z1.prbm?438000 HTTP/1.1" 200 OK
[2026-03-30 00:21:25][INFO] /0:0:0:0:0:0:0:1 "GET /maps/world/tiles/0/x-1/6/z1.prbm?438000 HTTP/1.1" 200 OK
[2026-03-30 00:21:25][INFO] /0:0:0:0:0:0:0:1 "GET /maps/world/tiles/0/x-1/5/z1.prbm?438000 HTTP/1.1" 200 OK
[2026-03-30 00:21:25][INFO] /0:0:0:0:0:0:0:1 "GET /maps/world/tiles/0/x-1/4/z1.prbm?438000 HTTP/1.1" 200 OK
[2026-03-30 00:21:25][INFO] /0:0:0:0:0:0:0:1 "GET /maps/world/tiles/0/x-1/4/z2.prbm?438000 HTTP/1.1" 200 OK
[2026-03-30 00:21:25][INFO] /0:0:0:0:0:0:0:1 "GET /maps/world/tiles/0/x-1/4/z3.prbm?438000 HTTP/1.1" 200 OK
[2026-03-30 00:21:25][INFO] /0:0:0:0:0:0:0:1 "GET /maps/world/tiles/0/x-1/4/z4.prbm?438000 HTTP/1.1" 200 OK
[2026-03-30 00:21:25][INFO] /0:0:0:0:0:0:0:1 "GET /maps/world/tiles/0/x-1/5/z4.prbm?438000 HTTP/1.1" 200 OK
[2026-03-30 00:21:25][INFO] /0:0:0:0:0:0:0:1 "GET /maps/world/tiles/0/x-1/6/z4.prbm?438000 HTTP/1.1" 200 OK
[2026-03-30 00:21:25][INFO] /0:0:0:0:0:0:0:1 "GET /maps/world/tiles/0/x-1/7/z4.prbm?438000 HTTP/1.1" 200 OK
[2026-03-30 00:21:25][INFO] /0:0:0:0:0:0:0:1 "GET /maps/world/tiles/0/x-1/8/z4.prbm?438000 HTTP/1.1" 200 OK
[2026-03-30 00:21:25][INFO] /0:0:0:0:0:0:0:1 "GET /maps/world/tiles/0/x-1/8/z3.prbm?438000 HTTP/1.1" 200 OK
[2026-03-30 00:21:25][INFO] /0:0:0:0:0:0:0:1 "GET /maps/world/tiles/0/x-1/8/z2.prbm?438000 HTTP/1.1" 200 OK
[2026-03-30 00:21:25][INFO] /0:0:0:0:0:0:0:1 "GET /maps/world/tiles/0/x-1/8/z1.prbm?438000 HTTP/1.1" 200 OK
[2026-03-30 00:21:25][INFO] /0:0:0:0:0:0:0:1 "GET /maps/world/tiles/0/x-1/8/z0.prbm?438000 HTTP/1.1" 200 OK
[2026-03-30 00:21:25][INFO] /0:0:0:0:0:0:0:1 "GET /maps/world/tiles/0/x-1/7/z0.prbm?438000 HTTP/1.1" 200 OK
[2026-03-30 00:21:25][INFO] /0:0:0:0:0:0:0:1 "GET /maps/world/tiles/0/x-1/6/z0.prbm?438000 HTTP/1.1" 200 OK
[2026-03-30 00:21:25][INFO] /0:0:0:0:0:0:0:1 "GET /maps/world/tiles/0/x-1/5/z0.prbm?438000 HTTP/1.1" 200 OK
[2026-03-30 00:21:25][INFO] /0:0:0:0:0:0:0:1 "GET /maps/world/tiles/0/x-1/4/z0.prbm?438000 HTTP/1.1" 200 OK
[2026-03-30 00:21:25][INFO] /0:0:0:0:0:0:0:1 "GET /maps/world/tiles/0/x-1/3/z0.prbm?438000 HTTP/1.1" 200 OK
[2026-03-30 00:21:25][INFO] /0:0:0:0:0:0:0:1 "GET /maps/world/tiles/0/x-1/3/z1.prbm?438000 HTTP/1.1" 200 OK
[2026-03-30 00:21:25][INFO] /0:0:0:0:0:0:0:1 "GET /maps/world/tiles/0/x-1/3/z2.prbm?438000 HTTP/1.1" 200 OK
[2026-03-30 00:21:25][INFO] /0:0:0:0:0:0:0:1 "GET /maps/world/tiles/0/x-1/3/z3.prbm?438000 HTTP/1.1" 200 OK
[2026-03-30 00:21:25][INFO] /0:0:0:0:0:0:0:1 "GET /maps/world/tiles/0/x-1/3/z4.prbm?438000 HTTP/1.1" 200 OK
[2026-03-30 00:21:25][INFO] /0:0:0:0:0:0:0:1 "GET /maps/world/tiles/0/x-1/3/z5.prbm?438000 HTTP/1.1" 200 OK
[2026-03-30 00:21:25][INFO] /0:0:0:0:0:0:0:1 "GET /maps/world/tiles/0/x-1/4/z5.prbm?438000 HTTP/1.1" 200 OK
[2026-03-30 00:21:25][INFO] /0:0:0:0:0:0:0:1 "GET /maps/world/tiles/0/x-1/5/z5.prbm?438000 HTTP/1.1" 200 OK
[2026-03-30 00:21:25][INFO] /0:0:0:0:0:0:0:1 "GET /maps/world/tiles/0/x-1/6/z5.prbm?438000 HTTP/1.1" 200 OK
[2026-03-30 00:21:25][INFO] /0:0:0:0:0:0:0:1 "GET /maps/world/tiles/0/x-1/7/z5.prbm?438000 HTTP/1.1" 200 OK
[2026-03-30 00:21:25][INFO] /0:0:0:0:0:0:0:1 "GET /maps/world/tiles/0/x-1/8/z5.prbm?438000 HTTP/1.1" 200 OK
[2026-03-30 00:21:25][INFO] /0:0:0:0:0:0:0:1 "GET /maps/world/tiles/0/x-1/9/z5.prbm?438000 HTTP/1.1" 200 OK
[2026-03-30 00:21:25][INFO] /0:0:0:0:0:0:0:1 "GET /maps/world/tiles/0/x-1/9/z4.prbm?438000 HTTP/1.1" 200 OK
[2026-03-30 00:21:25][INFO] /0:0:0:0:0:0:0:1 "GET /maps/world/tiles/0/x-1/9/z3.prbm?438000 HTTP/1.1" 200 OK
[2026-03-30 00:21:25][INFO] /0:0:0:0:0:0:0:1 "GET /maps/world/tiles/0/x-1/9/z2.prbm?438000 HTTP/1.1" 200 OK
[2026-03-30 00:21:25][INFO] /0:0:0:0:0:0:0:1 "GET /maps/world/tiles/0/x-1/9/z1.prbm?438000 HTTP/1.1" 200 OK
[2026-03-30 00:21:25][INFO] /0:0:0:0:0:0:0:1 "GET /maps/world/tiles/0/x-1/9/z0.prbm?438000 HTTP/1.1" 200 OK
[2026-03-30 00:21:25][INFO] /0:0:0:0:0:0:0:1 "GET /maps/world/tiles/0/x-1/9/z-1.prbm?438000 HTTP/1.1" 200 OK
[2026-03-30 00:21:25][INFO] /0:0:0:0:0:0:0:1 "GET /maps/world/tiles/0/x-1/8/z-1.prbm?438000 HTTP/1.1" 200 OK
[2026-03-30 00:21:25][INFO] /0:0:0:0:0:0:0:1 "GET /maps/world/tiles/0/x-1/7/z-1.prbm?438000 HTTP/1.1" 200 OK
[2026-03-30 00:21:25][INFO] /0:0:0:0:0:0:0:1 "GET /maps/world/tiles/0/x-1/6/z-1.prbm?438000 HTTP/1.1" 200 OK
[2026-03-30 00:21:25][INFO] /0:0:0:0:0:0:0:1 "GET /maps/world/tiles/0/x-1/5/z-1.prbm?438000 HTTP/1.1" 200 OK
[2026-03-30 00:21:25][INFO] /0:0:0:0:0:0:0:1 "GET /maps/world/tiles/0/x-1/4/z-1.prbm?438000 HTTP/1.1" 200 OK
[2026-03-30 00:21:25][INFO] /0:0:0:0:0:0:0:1 "GET /maps/world/tiles/0/x-1/3/z-1.prbm?438000 HTTP/1.1" 200 OK
[2026-03-30 00:21:25][INFO] /0:0:0:0:0:0:0:1 "GET /maps/world/tiles/0/x-1/2/z-1.prbm?438000 HTTP/1.1" 200 OK
[2026-03-30 00:21:25][INFO] /0:0:0:0:0:0:0:1 "GET /maps/world/tiles/0/x-1/2/z0.prbm?438000 HTTP/1.1" 200 OK
[2026-03-30 00:21:25][INFO] /0:0:0:0:0:0:0:1 "GET /maps/world/tiles/0/x-1/2/z1.prbm?438000 HTTP/1.1" 200 OK
[2026-03-30 00:21:25][INFO] /0:0:0:0:0:0:0:1 "GET /maps/world/tiles/0/x-1/2/z2.prbm?438000 HTTP/1.1" 200 OK
[2026-03-30 00:21:25][INFO] /0:0:0:0:0:0:0:1 "GET /maps/world/tiles/0/x-1/2/z3.prbm?438000 HTTP/1.1" 200 OK
[2026-03-30 00:21:25][INFO] /0:0:0:0:0:0:0:1 "GET /maps/world/tiles/0/x-1/2/z4.prbm?438000 HTTP/1.1" 200 OK
[2026-03-30 00:21:25][INFO] /0:0:0:0:0:0:0:1 "GET /maps/world/tiles/0/x-1/2/z5.prbm?438000 HTTP/1.1" 200 OK
[2026-03-30 00:21:25][INFO] /0:0:0:0:0:0:0:1 "GET /maps/world/tiles/0/x-1/2/z6.prbm?438000 HTTP/1.1" 200 OK
[2026-03-30 00:21:25][INFO] /0:0:0:0:0:0:0:1 "GET /maps/world/tiles/0/x-1/3/z6.prbm?438000 HTTP/1.1" 200 OK
[2026-03-30 00:21:25][INFO] /0:0:0:0:0:0:0:1 "GET /maps/world/tiles/0/x-1/4/z6.prbm?438000 HTTP/1.1" 200 OK
[2026-03-30 00:21:25][INFO] /0:0:0:0:0:0:0:1 "GET /maps/world/tiles/0/x-1/5/z6.prbm?438000 HTTP/1.1" 200 OK
[2026-03-30 00:21:26][INFO] /0:0:0:0:0:0:0:1 "GET /maps/world/tiles/0/x-1/6/z6.prbm?438000 HTTP/1.1" 200 OK
[2026-03-30 00:21:26][INFO] /0:0:0:0:0:0:0:1 "GET /maps/world/tiles/0/x-1/7/z6.prbm?438000 HTTP/1.1" 200 OK
[2026-03-30 00:21:26][INFO] /0:0:0:0:0:0:0:1 "GET /maps/world/tiles/0/x-1/8/z6.prbm?438000 HTTP/1.1" 200 OK
[2026-03-30 00:21:26][INFO] /0:0:0:0:0:0:0:1 "GET /maps/world/tiles/0/x-1/9/z6.prbm?438000 HTTP/1.1" 200 OK
[2026-03-30 00:21:26][INFO] /0:0:0:0:0:0:0:1 "GET /maps/world/tiles/0/x-2/0/z6.prbm?438000 HTTP/1.1" 200 OK
[2026-03-30 00:21:26][INFO] /0:0:0:0:0:0:0:1 "GET /maps/world/tiles/0/x-2/0/z5.prbm?438000 HTTP/1.1" 200 OK
[2026-03-30 00:21:26][INFO] /0:0:0:0:0:0:0:1 "GET /maps/world/tiles/0/x-2/0/z4.prbm?438000 HTTP/1.1" 200 OK
[2026-03-30 00:21:26][INFO] /0:0:0:0:0:0:0:1 "GET /maps/world/tiles/0/x-2/0/z3.prbm?438000 HTTP/1.1" 200 OK
[2026-03-30 00:21:26][INFO] /0:0:0:0:0:0:0:1 "GET /maps/world/tiles/0/x-2/0/z2.prbm?438000 HTTP/1.1" 200 OK
[2026-03-30 00:21:26][INFO] /0:0:0:0:0:0:0:1 "GET /maps/world/tiles/0/x-2/0/z1.prbm?438000 HTTP/1.1" 200 OK
[2026-03-30 00:21:26][INFO] /0:0:0:0:0:0:0:1 "GET /maps/world/tiles/0/x-2/0/z0.prbm?438000 HTTP/1.1" 200 OK
[2026-03-30 00:21:26][INFO] /0:0:0:0:0:0:0:1 "GET /maps/world/tiles/0/x-2/0/z-1.prbm?438000 HTTP/1.1" 200 OK
[2026-03-30 00:21:26][INFO] /0:0:0:0:0:0:0:1 "GET /maps/world/tiles/0/x-2/0/z-2.prbm?438000 HTTP/1.1" 200 OK
[2026-03-30 00:21:26][INFO] /0:0:0:0:0:0:0:1 "GET /maps/world/tiles/0/x-1/9/z-2.prbm?438000 HTTP/1.1" 200 OK
[2026-03-30 00:21:26][INFO] /0:0:0:0:0:0:0:1 "GET /maps/world/tiles/0/x-1/8/z-2.prbm?438000 HTTP/1.1" 200 OK
[2026-03-30 00:21:26][INFO] /0:0:0:0:0:0:0:1 "GET /maps/world/tiles/0/x-1/7/z-2.prbm?438000 HTTP/1.1" 200 OK
[2026-03-30 00:21:26][INFO] /0:0:0:0:0:0:0:1 "GET /maps/world/tiles/0/x-1/6/z-2.prbm?438000 HTTP/1.1" 200 OK
[2026-03-30 00:21:26][INFO] /0:0:0:0:0:0:0:1 "GET /maps/world/tiles/0/x-1/5/z-2.prbm?438000 HTTP/1.1" 200 OK
[2026-03-30 00:21:26][INFO] /0:0:0:0:0:0:0:1 "GET /maps/world/tiles/0/x-1/4/z-2.prbm?438000 HTTP/1.1" 200 OK
[2026-03-30 00:21:26][INFO] /0:0:0:0:0:0:0:1 "GET /maps/world/tiles/0/x-1/3/z-2.prbm?438000 HTTP/1.1" 200 OK
[2026-03-30 00:21:26][INFO] /0:0:0:0:0:0:0:1 "GET /maps/world/tiles/0/x-1/2/z-2.prbm?438000 HTTP/1.1" 200 OK
[2026-03-30 00:21:26][INFO] /0:0:0:0:0:0:0:1 "GET /maps/world/tiles/0/x-1/1/z-2.prbm?438000 HTTP/1.1" 200 OK
[2026-03-30 00:21:26][INFO] /0:0:0:0:0:0:0:1 "GET /maps/world/tiles/0/x-1/1/z-1.prbm?438000 HTTP/1.1" 200 OK
[2026-03-30 00:21:26][INFO] /0:0:0:0:0:0:0:1 "GET /maps/world/tiles/0/x-1/1/z0.prbm?438000 HTTP/1.1" 200 OK
[2026-03-30 00:21:26][INFO] /0:0:0:0:0:0:0:1 "GET /maps/world/tiles/0/x-1/1/z1.prbm?438000 HTTP/1.1" 200 OK
[2026-03-30 00:21:26][INFO] /0:0:0:0:0:0:0:1 "GET /maps/world/tiles/0/x-1/1/z2.prbm?438000 HTTP/1.1" 200 OK
[2026-03-30 00:21:26][INFO] /0:0:0:0:0:0:0:1 "GET /maps/world/tiles/0/x-1/1/z3.prbm?438000 HTTP/1.1" 200 OK
[2026-03-30 00:21:26][INFO] /0:0:0:0:0:0:0:1 "GET /maps/world/tiles/0/x-1/1/z4.prbm?438000 HTTP/1.1" 200 OK
[2026-03-30 00:21:26][INFO] /0:0:0:0:0:0:0:1 "GET /maps/world/tiles/0/x-1/1/z5.prbm?438000 HTTP/1.1" 200 OK
[2026-03-30 00:21:26][INFO] /0:0:0:0:0:0:0:1 "GET /maps/world/tiles/0/x-1/1/z6.prbm?438000 HTTP/1.1" 200 OK
[2026-03-30 00:21:26][INFO] /0:0:0:0:0:0:0:1 "GET /maps/world/tiles/0/x-1/1/z7.prbm?438000 HTTP/1.1" 200 OK
[2026-03-30 00:21:26][INFO] /0:0:0:0:0:0:0:1 "GET /maps/world/tiles/0/x-1/2/z7.prbm?438000 HTTP/1.1" 200 OK
[2026-03-30 00:21:26][INFO] /0:0:0:0:0:0:0:1 "GET /maps/world/tiles/0/x-1/3/z7.prbm?438000 HTTP/1.1" 200 OK
[2026-03-30 00:21:26][INFO] /0:0:0:0:0:0:0:1 "GET /maps/world/tiles/0/x-1/4/z7.prbm?438000 HTTP/1.1" 200 OK
[2026-03-30 00:21:26][INFO] /0:0:0:0:0:0:0:1 "GET /maps/world/tiles/0/x-1/5/z7.prbm?438000 HTTP/1.1" 200 OK
[2026-03-30 00:21:26][INFO] /0:0:0:0:0:0:0:1 "GET /maps/world/tiles/0/x-1/6/z7.prbm?438000 HTTP/1.1" 200 OK
[2026-03-30 00:21:26][INFO] /0:0:0:0:0:0:0:1 "GET /maps/world/tiles/0/x-1/7/z7.prbm?438000 HTTP/1.1" 200 OK
[2026-03-30 00:21:26][INFO] /0:0:0:0:0:0:0:1 "GET /maps/world/tiles/0/x-1/8/z7.prbm?438000 HTTP/1.1" 200 OK
[2026-03-30 00:21:26][INFO] /0:0:0:0:0:0:0:1 "GET /maps/world/tiles/0/x-1/9/z7.prbm?438000 HTTP/1.1" 200 OK
[2026-03-30 00:21:26][INFO] /0:0:0:0:0:0:0:1 "GET /maps/world/tiles/0/x-2/0/z7.prbm?438000 HTTP/1.1" 200 OK
[2026-03-30 00:21:26][INFO] /0:0:0:0:0:0:0:1 "GET /maps/world/tiles/0/x-2/1/z7.prbm?438000 HTTP/1.1" 200 OK
[2026-03-30 00:21:26][INFO] /0:0:0:0:0:0:0:1 "GET /maps/world/tiles/0/x-2/1/z6.prbm?438000 HTTP/1.1" 200 OK
[2026-03-30 00:21:26][INFO] /0:0:0:0:0:0:0:1 "GET /maps/world/tiles/0/x-2/1/z5.prbm?438000 HTTP/1.1" 200 OK
[2026-03-30 00:21:26][INFO] /0:0:0:0:0:0:0:1 "GET /maps/world/tiles/0/x-2/1/z4.prbm?438000 HTTP/1.1" 200 OK
[2026-03-30 00:21:26][INFO] /0:0:0:0:0:0:0:1 "GET /maps/world/tiles/0/x-2/1/z3.prbm?438000 HTTP/1.1" 200 OK
[2026-03-30 00:21:26][INFO] /0:0:0:0:0:0:0:1 "GET /maps/world/tiles/0/x-2/1/z2.prbm?438000 HTTP/1.1" 200 OK
[2026-03-30 00:21:26][INFO] /0:0:0:0:0:0:0:1 "GET /maps/world/tiles/0/x-2/1/z1.prbm?438000 HTTP/1.1" 200 OK
[2026-03-30 00:21:26][INFO] /0:0:0:0:0:0:0:1 "GET /maps/world/tiles/0/x-2/1/z0.prbm?438000 HTTP/1.1" 200 OK
[2026-03-30 00:21:26][INFO] /0:0:0:0:0:0:0:1 "GET /maps/world/tiles/0/x-2/1/z-1.prbm?438000 HTTP/1.1" 200 OK
[2026-03-30 00:21:26][INFO] /0:0:0:0:0:0:0:1 "GET /maps/world/tiles/0/x-2/1/z-2.prbm?438000 HTTP/1.1" 200 OK
[2026-03-30 00:21:26][INFO] /0:0:0:0:0:0:0:1 "GET /maps/world/tiles/0/x-2/1/z-3.prbm?438000 HTTP/1.1" 200 OK
[2026-03-30 00:21:26][INFO] /0:0:0:0:0:0:0:1 "GET /maps/world/tiles/0/x-2/0/z-3.prbm?438000 HTTP/1.1" 200 OK
[2026-03-30 00:21:26][INFO] /0:0:0:0:0:0:0:1 "GET /maps/world/tiles/0/x-1/9/z-3.prbm?438000 HTTP/1.1" 200 OK
[2026-03-30 00:21:26][INFO] /0:0:0:0:0:0:0:1 "GET /maps/world/tiles/0/x-1/8/z-3.prbm?438000 HTTP/1.1" 200 OK
[2026-03-30 00:21:26][INFO] /0:0:0:0:0:0:0:1 "GET /maps/world/tiles/0/x-1/7/z-3.prbm?438000 HTTP/1.1" 200 OK
[2026-03-30 00:21:26][INFO] /0:0:0:0:0:0:0:1 "GET /maps/world/tiles/0/x-1/6/z-3.prbm?438000 HTTP/1.1" 200 OK
[2026-03-30 00:21:26][INFO] /0:0:0:0:0:0:0:1 "GET /maps/world/tiles/0/x-1/5/z-3.prbm?438000 HTTP/1.1" 200 OK
[2026-03-30 00:21:26][INFO] /0:0:0:0:0:0:0:1 "GET /maps/world/live/players.json?363864 HTTP/1.1" 200 OK
[2026-03-30 00:21:26][INFO] /0:0:0:0:0:0:0:1 "GET /maps/world/tiles/0/x-1/4/z-3.prbm?438000 HTTP/1.1" 200 OK
[2026-03-30 00:21:26][INFO] /0:0:0:0:0:0:0:1 "GET /maps/world/tiles/0/x-1/3/z-3.prbm?438000 HTTP/1.1" 200 OK
[2026-03-30 00:21:26][INFO] /0:0:0:0:0:0:0:1 "GET /maps/world/tiles/0/x-1/2/z-3.prbm?438000 HTTP/1.1" 200 OK
[2026-03-30 00:21:26][INFO] /0:0:0:0:0:0:0:1 "GET /maps/world/tiles/0/x-1/1/z-3.prbm?438000 HTTP/1.1" 200 OK
[2026-03-30 00:21:26][INFO] /0:0:0:0:0:0:0:1 "GET /maps/world/tiles/0/x-1/0/z-3.prbm?438000 HTTP/1.1" 200 OK
[2026-03-30 00:21:26][INFO] /0:0:0:0:0:0:0:1 "GET /maps/world/tiles/0/x-1/0/z-2.prbm?438000 HTTP/1.1" 200 OK
[2026-03-30 00:21:26][INFO] /0:0:0:0:0:0:0:1 "GET /maps/world/tiles/0/x-1/0/z-1.prbm?438000 HTTP/1.1" 200 OK
[2026-03-30 00:21:26][INFO] /0:0:0:0:0:0:0:1 "GET /maps/world/tiles/0/x-1/0/z0.prbm?438000 HTTP/1.1" 200 OK
[2026-03-30 00:21:26][INFO] /0:0:0:0:0:0:0:1 "GET /maps/world/tiles/0/x-1/0/z1.prbm?438000 HTTP/1.1" 200 OK
[2026-03-30 00:21:26][INFO] /0:0:0:0:0:0:0:1 "GET /maps/world/tiles/0/x-1/6/z-1/2.prbm?438000 HTTP/1.1" 200 OK
[2026-03-30 00:21:26][INFO] /0:0:0:0:0:0:0:1 "GET /maps/world/tiles/3/x-1/z-1.png?438000 HTTP/1.1" 200 OK
[2026-03-30 00:21:26][INFO] /0:0:0:0:0:0:0:1 "GET /maps/world/tiles/2/x-1/z-1.png?438000 HTTP/1.1" 200 OK
[2026-03-30 00:21:26][INFO] /0:0:0:0:0:0:0:1 "GET /maps/world/tiles/1/x-2/z-1.png?438000 HTTP/1.1" 200 OK
[2026-03-30 00:21:26][INFO] /0:0:0:0:0:0:0:1 "GET /maps/world/tiles/3/x0/z-1.png?438000 HTTP/1.1" 200 OK
[2026-03-30 00:21:26][INFO] /0:0:0:0:0:0:0:1 "GET /maps/world/tiles/2/x0/z-1.png?438000 HTTP/1.1" 200 OK
[2026-03-30 00:21:26][INFO] /0:0:0:0:0:0:0:1 "GET /maps/world/tiles/1/x-1/z-1.png?438000 HTTP/1.1" 200 OK
[2026-03-30 00:21:26][INFO] /0:0:0:0:0:0:0:1 "GET /maps/world/tiles/0/x-1/5/z-1/2.prbm?438000 HTTP/1.1" 200 OK
[2026-03-30 00:21:26][INFO] /0:0:0:0:0:0:0:1 "GET /maps/world/tiles/3/x-2/z-1.png?438000 HTTP/1.1" 204 No Content
[2026-03-30 00:21:26][INFO] /0:0:0:0:0:0:0:1 "GET /maps/world/tiles/0/x-1/5/z-1/1.prbm?438000 HTTP/1.1" 200 OK
[2026-03-30 00:21:26][INFO] /0:0:0:0:0:0:0:1 "GET /maps/world/tiles/2/x-2/z-1.png?438000 HTTP/1.1" 200 OK
[2026-03-30 00:21:26][INFO] /0:0:0:0:0:0:0:1 "GET /maps/world/tiles/0/x-1/6/z-1/1.prbm?438000 HTTP/1.1" 200 OK
[2026-03-30 00:21:26][INFO] /0:0:0:0:0:0:0:1 "GET /maps/world/tiles/1/x-3/z-1.png?438000 HTTP/1.1" 200 OK
[2026-03-30 00:21:26][INFO] /0:0:0:0:0:0:0:1 "GET /maps/world/tiles/0/x-1/7/z-1/1.prbm?438000 HTTP/1.1" 200 OK
[2026-03-30 00:21:26][INFO] /0:0:0:0:0:0:0:1 "GET /maps/world/tiles/0/x-1/7/z-1/2.prbm?438000 HTTP/1.1" 200 OK
[2026-03-30 00:21:26][INFO] /0:0:0:0:0:0:0:1 "GET /maps/world/tiles/0/x-1/7/z-1/3.prbm?438000 HTTP/1.1" 200 OK
[2026-03-30 00:21:26][INFO] /0:0:0:0:0:0:0:1 "GET /maps/world/tiles/0/x-1/6/z-1/3.prbm?438000 HTTP/1.1" 200 OK
[2026-03-30 00:21:26][INFO] /0:0:0:0:0:0:0:1 "GET /maps/world/tiles/0/x-1/5/z-1/3.prbm?438000 HTTP/1.1" 200 OK
[2026-03-30 00:21:26][INFO] /0:0:0:0:0:0:0:1 "GET /maps/world/tiles/0/x-1/4/z-1/3.prbm?438000 HTTP/1.1" 200 OK
[2026-03-30 00:21:26][INFO] /0:0:0:0:0:0:0:1 "GET /maps/world/tiles/0/x-1/4/z-1/2.prbm?438000 HTTP/1.1" 200 OK
[2026-03-30 00:21:26][INFO] /0:0:0:0:0:0:0:1 "GET /maps/world/tiles/0/x-1/4/z-1/1.prbm?438000 HTTP/1.1" 200 OK
[2026-03-30 00:21:26][INFO] /0:0:0:0:0:0:0:1 "GET /maps/world/tiles/0/x-1/4/z-1/0.prbm?438000 HTTP/1.1" 200 OK
[2026-03-30 00:21:26][INFO] /0:0:0:0:0:0:0:1 "GET /maps/world/tiles/0/x-1/5/z-1/0.prbm?438000 HTTP/1.1" 200 OK
[2026-03-30 00:21:26][INFO] /0:0:0:0:0:0:0:1 "GET /maps/world/tiles/0/x-1/6/z-1/0.prbm?438000 HTTP/1.1" 200 OK
[2026-03-30 00:21:26][INFO] /0:0:0:0:0:0:0:1 "GET /maps/world/tiles/0/x-1/7/z-1/0.prbm?438000 HTTP/1.1" 200 OK
[2026-03-30 00:21:26][INFO] /0:0:0:0:0:0:0:1 "GET /maps/world/tiles/0/x-1/8/z-1/0.prbm?438000 HTTP/1.1" 200 OK
[2026-03-30 00:21:26][INFO] /0:0:0:0:0:0:0:1 "GET /maps/world/tiles/0/x-1/8/z-1/1.prbm?438000 HTTP/1.1" 200 OK
[2026-03-30 00:21:26][INFO] /0:0:0:0:0:0:0:1 "GET /maps/world/tiles/0/x-1/8/z-1/2.prbm?438000 HTTP/1.1" 200 OK
[2026-03-30 00:21:26][INFO] /0:0:0:0:0:0:0:1 "GET /maps/world/tiles/0/x-1/8/z-1/3.prbm?438000 HTTP/1.1" 200 OK
[2026-03-30 00:21:26][INFO] /0:0:0:0:0:0:0:1 "GET /maps/world/tiles/0/x-1/8/z-1/4.prbm?438000 HTTP/1.1" 200 OK
[2026-03-30 00:21:26][INFO] /0:0:0:0:0:0:0:1 "GET /maps/world/tiles/0/x-1/7/z-1/4.prbm?438000 HTTP/1.1" 200 OK
[2026-03-30 00:21:26][INFO] /0:0:0:0:0:0:0:1 "GET /maps/world/tiles/0/x-1/6/z-1/4.prbm?438000 HTTP/1.1" 200 OK
[2026-03-30 00:21:26][INFO] /0:0:0:0:0:0:0:1 "GET /maps/world/tiles/0/x-1/5/z-1/4.prbm?438000 HTTP/1.1" 200 OK
[2026-03-30 00:21:26][INFO] /0:0:0:0:0:0:0:1 "GET /maps/world/tiles/0/x-1/4/z-1/4.prbm?438000 HTTP/1.1" 200 OK
[2026-03-30 00:21:26][INFO] /0:0:0:0:0:0:0:1 "GET /maps/world/tiles/0/x-1/3/z-1/4.prbm?438000 HTTP/1.1" 200 OK
[2026-03-30 00:21:26][INFO] /0:0:0:0:0:0:0:1 "GET /maps/world/tiles/0/x-1/3/z-1/3.prbm?438000 HTTP/1.1" 200 OK
[2026-03-30 00:21:26][INFO] /0:0:0:0:0:0:0:1 "GET /maps/world/tiles/0/x-1/3/z-1/2.prbm?438000 HTTP/1.1" 200 OK
[2026-03-30 00:21:26][INFO] /0:0:0:0:0:0:0:1 "GET /maps/world/tiles/0/x-1/3/z-1/1.prbm?438000 HTTP/1.1" 200 OK
[2026-03-30 00:21:26][INFO] /0:0:0:0:0:0:0:1 "GET /maps/world/tiles/0/x-1/3/z-1/0.prbm?438000 HTTP/1.1" 200 OK
[2026-03-30 00:21:26][INFO] /0:0:0:0:0:0:0:1 "GET /maps/world/tiles/0/x-1/3/z-9.prbm?438000 HTTP/1.1" 200 OK
[2026-03-30 00:21:26][INFO] /0:0:0:0:0:0:0:1 "GET /maps/world/tiles/0/x-1/4/z-9.prbm?438000 HTTP/1.1" 200 OK
[2026-03-30 00:21:26][INFO] /0:0:0:0:0:0:0:1 "GET /maps/world/tiles/0/x-1/5/z-9.prbm?438000 HTTP/1.1" 200 OK
[2026-03-30 00:21:26][INFO] /0:0:0:0:0:0:0:1 "GET /maps/world/tiles/0/x-1/6/z-9.prbm?438000 HTTP/1.1" 200 OK
[2026-03-30 00:21:26][INFO] /0:0:0:0:0:0:0:1 "GET /maps/world/tiles/0/x-1/7/z-9.prbm?438000 HTTP/1.1" 200 OK
[2026-03-30 00:21:26][INFO] /0:0:0:0:0:0:0:1 "GET /maps/world/tiles/0/x-1/8/z-9.prbm?438000 HTTP/1.1" 200 OK
[2026-03-30 00:21:26][INFO] /0:0:0:0:0:0:0:1 "GET /maps/world/tiles/0/x-1/9/z-9.prbm?438000 HTTP/1.1" 200 OK
[2026-03-30 00:21:26][INFO] /0:0:0:0:0:0:0:1 "GET /maps/world/tiles/0/x-1/9/z-1/0.prbm?438000 HTTP/1.1" 200 OK
[2026-03-30 00:21:26][INFO] /0:0:0:0:0:0:0:1 "GET /maps/world/tiles/0/x-1/9/z-1/1.prbm?438000 HTTP/1.1" 200 OK
[2026-03-30 00:21:26][INFO] /0:0:0:0:0:0:0:1 "GET /maps/world/tiles/0/x-1/9/z-1/2.prbm?438000 HTTP/1.1" 200 OK
[2026-03-30 00:21:26][INFO] /0:0:0:0:0:0:0:1 "GET /maps/world/tiles/0/x-1/9/z-1/3.prbm?438000 HTTP/1.1" 200 OK
[2026-03-30 00:21:26][INFO] /0:0:0:0:0:0:0:1 "GET /maps/world/tiles/0/x-1/9/z-1/4.prbm?438000 HTTP/1.1" 200 OK
[2026-03-30 00:21:26][INFO] /0:0:0:0:0:0:0:1 "GET /maps/world/tiles/0/x-1/9/z-1/5.prbm?438000 HTTP/1.1" 200 OK
[2026-03-30 00:21:26][INFO] /0:0:0:0:0:0:0:1 "GET /maps/world/tiles/0/x-1/8/z-1/5.prbm?438000 HTTP/1.1" 200 OK
[2026-03-30 00:21:26][INFO] /0:0:0:0:0:0:0:1 "GET /maps/world/tiles/0/x-1/7/z-1/5.prbm?438000 HTTP/1.1" 200 OK
[2026-03-30 00:21:26][INFO] /0:0:0:0:0:0:0:1 "GET /maps/world/tiles/0/x-1/6/z-1/5.prbm?438000 HTTP/1.1" 200 OK
[2026-03-30 00:21:26][INFO] /0:0:0:0:0:0:0:1 "GET /maps/world/tiles/0/x-1/5/z-1/5.prbm?438000 HTTP/1.1" 200 OK
[2026-03-30 00:21:26][INFO] /0:0:0:0:0:0:0:1 "GET /maps/world/tiles/0/x-1/4/z-1/5.prbm?438000 HTTP/1.1" 200 OK
[2026-03-30 00:21:26][INFO] /0:0:0:0:0:0:0:1 "GET /maps/world/tiles/0/x-1/3/z-1/5.prbm?438000 HTTP/1.1" 200 OK
[2026-03-30 00:21:26][INFO] /0:0:0:0:0:0:0:1 "GET /maps/world/tiles/0/x-1/2/z-1/5.prbm?438000 HTTP/1.1" 200 OK
[2026-03-30 00:21:26][INFO] /0:0:0:0:0:0:0:1 "GET /maps/world/tiles/0/x-1/2/z-1/4.prbm?438000 HTTP/1.1" 200 OK
[2026-03-30 00:21:26][INFO] /0:0:0:0:0:0:0:1 "GET /maps/world/tiles/0/x-1/2/z-1/3.prbm?438000 HTTP/1.1" 200 OK
[2026-03-30 00:21:26][INFO] /0:0:0:0:0:0:0:1 "GET /maps/world/tiles/0/x-1/2/z-1/2.prbm?438000 HTTP/1.1" 200 OK
[2026-03-30 00:21:26][INFO] /0:0:0:0:0:0:0:1 "GET /maps/world/tiles/0/x-1/2/z-1/1.prbm?438000 HTTP/1.1" 200 OK
[2026-03-30 00:21:26][INFO] /0:0:0:0:0:0:0:1 "GET /maps/world/tiles/0/x-1/2/z-1/0.prbm?438000 HTTP/1.1" 200 OK
[2026-03-30 00:21:26][INFO] /0:0:0:0:0:0:0:1 "GET /maps/world/tiles/0/x-1/2/z-9.prbm?438000 HTTP/1.1" 200 OK
[2026-03-30 00:21:26][INFO] /0:0:0:0:0:0:0:1 "GET /maps/world/tiles/0/x-1/2/z-8.prbm?438000 HTTP/1.1" 200 OK
[2026-03-30 00:21:26][INFO] /0:0:0:0:0:0:0:1 "GET /maps/world/tiles/0/x-1/3/z-8.prbm?438000 HTTP/1.1" 200 OK
[2026-03-30 00:21:26][INFO] /0:0:0:0:0:0:0:1 "GET /maps/world/tiles/0/x-1/4/z-8.prbm?438000 HTTP/1.1" 200 OK
[2026-03-30 00:21:26][INFO] /0:0:0:0:0:0:0:1 "GET /maps/world/tiles/0/x-1/5/z-8.prbm?438000 HTTP/1.1" 200 OK
[2026-03-30 00:21:26][INFO] /0:0:0:0:0:0:0:1 "GET /maps/world/tiles/0/x-1/6/z-8.prbm?438000 HTTP/1.1" 200 OK
[2026-03-30 00:21:26][INFO] /0:0:0:0:0:0:0:1 "GET /maps/world/tiles/0/x-1/7/z-8.prbm?438000 HTTP/1.1" 200 OK
[2026-03-30 00:21:26][INFO] /0:0:0:0:0:0:0:1 "GET /maps/world/tiles/0/x-1/8/z-8.prbm?438000 HTTP/1.1" 200 OK
[2026-03-30 00:21:26][INFO] /0:0:0:0:0:0:0:1 "GET /maps/world/tiles/0/x-1/9/z-8.prbm?438000 HTTP/1.1" 200 OK
[2026-03-30 00:21:27][INFO] /0:0:0:0:0:0:0:1 "GET /maps/world/tiles/0/x-2/0/z-8.prbm?438000 HTTP/1.1" 200 OK
[2026-03-30 00:21:27][INFO] /0:0:0:0:0:0:0:1 "GET /maps/world/tiles/0/x-2/0/z-9.prbm?438000 HTTP/1.1" 200 OK
[2026-03-30 00:21:27][INFO] /0:0:0:0:0:0:0:1 "GET /maps/world/tiles/0/x-2/0/z-1/0.prbm?438000 HTTP/1.1" 200 OK
[2026-03-30 00:21:27][INFO] /0:0:0:0:0:0:0:1 "GET /maps/world/tiles/0/x-2/0/z-1/1.prbm?438000 HTTP/1.1" 200 OK
[2026-03-30 00:21:27][INFO] /0:0:0:0:0:0:0:1 "GET /maps/world/tiles/0/x-2/0/z-1/2.prbm?438000 HTTP/1.1" 200 OK
[2026-03-30 00:21:27][INFO] /0:0:0:0:0:0:0:1 "GET /maps/world/tiles/0/x-2/0/z-1/3.prbm?438000 HTTP/1.1" 200 OK
[2026-03-30 00:21:27][INFO] /0:0:0:0:0:0:0:1 "GET /maps/world/tiles/0/x-2/0/z-1/4.prbm?438000 HTTP/1.1" 200 OK
[2026-03-30 00:21:27][INFO] /0:0:0:0:0:0:0:1 "GET /maps/world/tiles/0/x-2/0/z-1/5.prbm?438000 HTTP/1.1" 200 OK
[2026-03-30 00:21:27][INFO] /0:0:0:0:0:0:0:1 "GET /maps/world/tiles/0/x-2/0/z-1/6.prbm?438000 HTTP/1.1" 200 OK
[2026-03-30 00:21:27][INFO] /0:0:0:0:0:0:0:1 "GET /maps/world/tiles/0/x-1/9/z-1/6.prbm?438000 HTTP/1.1" 200 OK
[2026-03-30 00:21:27][INFO] /0:0:0:0:0:0:0:1 "GET /maps/world/tiles/0/x-1/8/z-1/6.prbm?438000 HTTP/1.1" 200 OK
[2026-03-30 00:21:27][INFO] /0:0:0:0:0:0:0:1 "GET /maps/world/tiles/0/x-1/7/z-1/6.prbm?438000 HTTP/1.1" 200 OK
[2026-03-30 00:21:27][INFO] /0:0:0:0:0:0:0:1 "GET /maps/world/tiles/0/x-1/6/z-1/6.prbm?438000 HTTP/1.1" 200 OK
[2026-03-30 00:21:27][INFO] /0:0:0:0:0:0:0:1 "GET /maps/world/tiles/0/x-1/5/z-1/6.prbm?438000 HTTP/1.1" 200 OK
[2026-03-30 00:21:27][INFO] /0:0:0:0:0:0:0:1 "GET /maps/world/tiles/0/x-1/4/z-1/6.prbm?438000 HTTP/1.1" 200 OK
[2026-03-30 00:21:27][INFO] /0:0:0:0:0:0:0:1 "GET /maps/world/tiles/0/x-1/3/z-1/6.prbm?438000 HTTP/1.1" 200 OK
[2026-03-30 00:21:27][INFO] /0:0:0:0:0:0:0:1 "GET /maps/world/tiles/0/x-1/2/z-1/6.prbm?438000 HTTP/1.1" 200 OK
[2026-03-30 00:21:27][INFO] /0:0:0:0:0:0:0:1 "GET /maps/world/tiles/0/x-1/1/z-1/6.prbm?438000 HTTP/1.1" 200 OK
[2026-03-30 00:21:27][INFO] /0:0:0:0:0:0:0:1 "GET /maps/world/tiles/0/x-1/1/z-1/5.prbm?438000 HTTP/1.1" 200 OK
[2026-03-30 00:21:27][INFO] /0:0:0:0:0:0:0:1 "GET /maps/world/tiles/0/x-1/1/z-1/4.prbm?438000 HTTP/1.1" 200 OK
[2026-03-30 00:21:27][INFO] /0:0:0:0:0:0:0:1 "GET /maps/world/tiles/0/x-1/1/z-1/3.prbm?438000 HTTP/1.1" 200 OK
[2026-03-30 00:21:27][INFO] /0:0:0:0:0:0:0:1 "GET /maps/world/tiles/0/x-1/1/z-1/2.prbm?438000 HTTP/1.1" 200 OK
[2026-03-30 00:21:27][INFO] /0:0:0:0:0:0:0:1 "GET /maps/world/tiles/0/x-1/1/z-1/1.prbm?438000 HTTP/1.1" 200 OK
[2026-03-30 00:21:27][INFO] /0:0:0:0:0:0:0:1 "GET /maps/world/tiles/0/x-1/1/z-1/0.prbm?438000 HTTP/1.1" 200 OK
[2026-03-30 00:21:27][INFO] /0:0:0:0:0:0:0:1 "GET /maps/world/tiles/0/x-1/1/z-9.prbm?438000 HTTP/1.1" 200 OK
[2026-03-30 00:21:27][INFO] /0:0:0:0:0:0:0:1 "GET /maps/world/tiles/0/x-1/1/z-8.prbm?438000 HTTP/1.1" 200 OK
[2026-03-30 00:21:27][INFO] /0:0:0:0:0:0:0:1 "GET /maps/world/tiles/0/x-1/1/z-7.prbm?438000 HTTP/1.1" 200 OK
[2026-03-30 00:21:27][INFO] /0:0:0:0:0:0:0:1 "GET /maps/world/tiles/0/x-1/2/z-7.prbm?438000 HTTP/1.1" 200 OK
[2026-03-30 00:21:27][INFO] /0:0:0:0:0:0:0:1 "GET /maps/world/tiles/0/x-1/3/z-7.prbm?438000 HTTP/1.1" 200 OK
[2026-03-30 00:21:27][INFO] /0:0:0:0:0:0:0:1 "GET /maps/world/tiles/0/x-1/4/z-7.prbm?438000 HTTP/1.1" 200 OK
[2026-03-30 00:21:27][INFO] /0:0:0:0:0:0:0:1 "GET /maps/world/tiles/0/x-1/5/z-7.prbm?438000 HTTP/1.1" 200 OK
[2026-03-30 00:21:27][INFO] /0:0:0:0:0:0:0:1 "GET /maps/world/tiles/0/x-1/6/z-7.prbm?438000 HTTP/1.1" 200 OK
[2026-03-30 00:21:27][INFO] /0:0:0:0:0:0:0:1 "GET /maps/world/tiles/0/x-1/7/z-7.prbm?438000 HTTP/1.1" 200 OK
[2026-03-30 00:21:27][INFO] /0:0:0:0:0:0:0:1 "GET /maps/world/tiles/0/x-1/8/z-7.prbm?438000 HTTP/1.1" 200 OK
[2026-03-30 00:21:27][INFO] /0:0:0:0:0:0:0:1 "GET /maps/world/tiles/0/x-1/9/z-7.prbm?438000 HTTP/1.1" 200 OK
[2026-03-30 00:21:27][INFO] /0:0:0:0:0:0:0:1 "GET /maps/world/tiles/0/x-2/0/z-7.prbm?438000 HTTP/1.1" 200 OK
[2026-03-30 00:21:27][INFO] /0:0:0:0:0:0:0:1 "GET /maps/world/tiles/0/x-2/1/z-7.prbm?438000 HTTP/1.1" 200 OK
[2026-03-30 00:21:27][INFO] /0:0:0:0:0:0:0:1 "GET /maps/world/tiles/0/x-2/1/z-8.prbm?438000 HTTP/1.1" 200 OK
[2026-03-30 00:21:27][INFO] /0:0:0:0:0:0:0:1 "GET /maps/world/tiles/0/x-2/1/z-9.prbm?438000 HTTP/1.1" 200 OK
[2026-03-30 00:21:27][INFO] /0:0:0:0:0:0:0:1 "GET /maps/world/tiles/0/x-2/1/z-1/0.prbm?438000 HTTP/1.1" 200 OK
[2026-03-30 00:21:27][INFO] /0:0:0:0:0:0:0:1 "GET /maps/world/tiles/0/x-2/1/z-1/1.prbm?438000 HTTP/1.1" 200 OK
[2026-03-30 00:21:27][INFO] /0:0:0:0:0:0:0:1 "GET /maps/world/tiles/0/x-2/1/z-1/2.prbm?438000 HTTP/1.1" 200 OK
[2026-03-30 00:21:27][INFO] /0:0:0:0:0:0:0:1 "GET /maps/world/tiles/0/x-2/1/z-1/3.prbm?438000 HTTP/1.1" 200 OK
[2026-03-30 00:21:27][INFO] /0:0:0:0:0:0:0:1 "GET /maps/world/tiles/0/x-2/1/z-1/4.prbm?438000 HTTP/1.1" 200 OK
[2026-03-30 00:21:27][INFO] /0:0:0:0:0:0:0:1 "GET /maps/world/tiles/0/x-2/1/z-1/5.prbm?438000 HTTP/1.1" 200 OK
[2026-03-30 00:21:27][INFO] /0:0:0:0:0:0:0:1 "GET /maps/world/tiles/0/x-2/1/z-1/6.prbm?438000 HTTP/1.1" 200 OK
[2026-03-30 00:21:27][INFO] /0:0:0:0:0:0:0:1 "GET /maps/world/tiles/0/x-2/1/z-1/7.prbm?438000 HTTP/1.1" 200 OK
[2026-03-30 00:21:27][INFO] /0:0:0:0:0:0:0:1 "GET /maps/world/tiles/0/x-2/0/z-1/7.prbm?438000 HTTP/1.1" 200 OK
[2026-03-30 00:21:27][INFO] /0:0:0:0:0:0:0:1 "GET /maps/world/tiles/0/x-1/9/z-1/7.prbm?438000 HTTP/1.1" 200 OK
[2026-03-30 00:21:27][INFO] /0:0:0:0:0:0:0:1 "GET /maps/world/tiles/0/x-1/8/z-1/7.prbm?438000 HTTP/1.1" 200 OK
[2026-03-30 00:21:27][INFO] /0:0:0:0:0:0:0:1 "GET /maps/world/tiles/0/x-1/7/z-1/7.prbm?438000 HTTP/1.1" 200 OK
[2026-03-30 00:21:27][INFO] /0:0:0:0:0:0:0:1 "GET /maps/world/tiles/0/x-1/6/z-1/7.prbm?438000 HTTP/1.1" 200 OK
[2026-03-30 00:21:27][INFO] /0:0:0:0:0:0:0:1 "GET /maps/world/tiles/0/x-1/5/z-1/7.prbm?438000 HTTP/1.1" 200 OK
[2026-03-30 00:21:27][INFO] /0:0:0:0:0:0:0:1 "GET /maps/world/tiles/0/x-1/4/z-1/7.prbm?438000 HTTP/1.1" 200 OK
[2026-03-30 00:21:27][INFO] /0:0:0:0:0:0:0:1 "GET /maps/world/tiles/0/x-1/3/z-1/7.prbm?438000 HTTP/1.1" 200 OK
[2026-03-30 00:21:27][INFO] /0:0:0:0:0:0:0:1 "GET /maps/world/tiles/0/x-1/2/z-1/7.prbm?438000 HTTP/1.1" 200 OK
[2026-03-30 00:21:27][INFO] /0:0:0:0:0:0:0:1 "GET /maps/world/tiles/0/x-1/1/z-1/7.prbm?438000 HTTP/1.1" 200 OK
[2026-03-30 00:21:27][INFO] /0:0:0:0:0:0:0:1 "GET /maps/world/tiles/0/x-1/0/z-1/7.prbm?438000 HTTP/1.1" 200 OK
[2026-03-30 00:21:27][INFO] /0:0:0:0:0:0:0:1 "GET /maps/world/tiles/0/x-1/0/z-1/6.prbm?438000 HTTP/1.1" 200 OK
[2026-03-30 00:21:27][INFO] /0:0:0:0:0:0:0:1 "GET /maps/world/tiles/0/x-1/0/z-1/5.prbm?438000 HTTP/1.1" 200 OK
[2026-03-30 00:21:27][INFO] /0:0:0:0:0:0:0:1 "GET /maps/world/tiles/0/x-1/0/z-1/4.prbm?438000 HTTP/1.1" 200 OK
[2026-03-30 00:21:27][INFO] /0:0:0:0:0:0:0:1 "GET /maps/world/tiles/0/x-1/0/z-1/3.prbm?438000 HTTP/1.1" 200 OK
[2026-03-30 00:21:27][INFO] /0:0:0:0:0:0:0:1 "GET /maps/world/tiles/0/x-1/0/z-1/2.prbm?438000 HTTP/1.1" 200 OK
[2026-03-30 00:21:27][INFO] /0:0:0:0:0:0:0:1 "GET /maps/world/tiles/0/x-1/0/z-1/1.prbm?438000 HTTP/1.1" 200 OK
[2026-03-30 00:21:27][INFO] /0:0:0:0:0:0:0:1 "GET /maps/world/tiles/0/x-1/0/z-1/0.prbm?438000 HTTP/1.1" 200 OK
[2026-03-30 00:21:27][INFO] /0:0:0:0:0:0:0:1 "GET /maps/world/tiles/0/x-1/0/z-9.prbm?438000 HTTP/1.1" 200 OK
[2026-03-30 00:21:27][INFO] /0:0:0:0:0:0:0:1 "GET /maps/world/tiles/0/x-1/0/z-8.prbm?438000 HTTP/1.1" 200 OK
[2026-03-30 00:21:27][INFO] /0:0:0:0:0:0:0:1 "GET /maps/world/live/players.json?977725 HTTP/1.1" 200 OK
[2026-03-30 00:21:27][INFO] /0:0:0:0:0:0:0:1 "GET /maps/world/tiles/0/x-1/0/z-7.prbm?438000 HTTP/1.1" 200 OK
[2026-03-30 00:21:27][INFO] /0:0:0:0:0:0:0:1 "GET /maps/world/tiles/0/x-1/0/z-6.prbm?438000 HTTP/1.1" 200 OK
[2026-03-30 00:21:27][INFO] /0:0:0:0:0:0:0:1 "GET /maps/world/tiles/0/x-1/1/z-6.prbm?438000 HTTP/1.1" 200 OK
[2026-03-30 00:21:27][INFO] /0:0:0:0:0:0:0:1 "GET /maps/world/tiles/0/x-1/2/z-6.prbm?438000 HTTP/1.1" 200 OK
[2026-03-30 00:21:27][INFO] /0:0:0:0:0:0:0:1 "GET /maps/world/tiles/0/x-1/3/z-6.prbm?438000 HTTP/1.1" 200 OK
[2026-03-30 00:21:27][INFO] /0:0:0:0:0:0:0:1 "GET /maps/world/tiles/0/x-1/4/z-6.prbm?438000 HTTP/1.1" 200 OK
[2026-03-30 00:21:27][INFO] /0:0:0:0:0:0:0:1 "GET /maps/world/tiles/0/x-1/5/z-6.prbm?438000 HTTP/1.1" 200 OK
[2026-03-30 00:21:27][INFO] /0:0:0:0:0:0:0:1 "GET /maps/world/tiles/0/x-1/6/z-6.prbm?438000 HTTP/1.1" 200 OK
[2026-03-30 00:21:27][INFO] /0:0:0:0:0:0:0:1 "GET /maps/world/tiles/0/x-1/7/z-6.prbm?438000 HTTP/1.1" 200 OK
[2026-03-30 00:21:27][INFO] /0:0:0:0:0:0:0:1 "GET /maps/world/tiles/0/x-1/8/z-6.prbm?438000 HTTP/1.1" 200 OK
[2026-03-30 00:21:27][INFO] /0:0:0:0:0:0:0:1 "GET /maps/world/tiles/0/x-1/9/z-6.prbm?438000 HTTP/1.1" 200 OK
[2026-03-30 00:21:27][INFO] /0:0:0:0:0:0:0:1 "GET /maps/world/tiles/0/x-2/0/z-6.prbm?438000 HTTP/1.1" 200 OK
[2026-03-30 00:21:27][INFO] /0:0:0:0:0:0:0:1 "GET /maps/world/tiles/0/x-2/1/z-6.prbm?438000 HTTP/1.1" 200 OK
[2026-03-30 00:21:27][INFO] /0:0:0:0:0:0:0:1 "GET /maps/world/tiles/0/x-2/2/z-6.prbm?438000 HTTP/1.1" 200 OK
[2026-03-30 00:21:27][INFO] /0:0:0:0:0:0:0:1 "GET /maps/world/tiles/0/x-2/2/z-7.prbm?438000 HTTP/1.1" 200 OK
[2026-03-30 00:21:27][INFO] /0:0:0:0:0:0:0:1 "GET /maps/world/tiles/0/x-2/2/z-8.prbm?438000 HTTP/1.1" 200 OK
[2026-03-30 00:21:27][INFO] /0:0:0:0:0:0:0:1 "GET /maps/world/tiles/0/x-2/2/z-9.prbm?438000 HTTP/1.1" 200 OK
[2026-03-30 00:21:27][INFO] /0:0:0:0:0:0:0:1 "GET /maps/world/tiles/0/x-2/2/z-1/0.prbm?438000 HTTP/1.1" 200 OK
[2026-03-30 00:21:27][INFO] /0:0:0:0:0:0:0:1 "GET /maps/world/tiles/0/x-2/2/z-1/1.prbm?438000 HTTP/1.1" 200 OK
[2026-03-30 00:21:27][INFO] /0:0:0:0:0:0:0:1 "GET /maps/world/tiles/0/x-2/2/z-1/2.prbm?438000 HTTP/1.1" 200 OK
[2026-03-30 00:21:27][INFO] /0:0:0:0:0:0:0:1 "GET /maps/world/tiles/0/x-2/2/z-1/3.prbm?438000 HTTP/1.1" 200 OK
[2026-03-30 00:21:27][INFO] /0:0:0:0:0:0:0:1 "GET /maps/world/tiles/0/x-2/2/z-1/4.prbm?438000 HTTP/1.1" 200 OK
[2026-03-30 00:21:27][INFO] /0:0:0:0:0:0:0:1 "GET /maps/world/tiles/0/x-2/2/z-1/5.prbm?438000 HTTP/1.1" 200 OK
[2026-03-30 00:21:27][INFO] /0:0:0:0:0:0:0:1 "GET /maps/world/tiles/0/x-2/2/z-1/6.prbm?438000 HTTP/1.1" 200 OK
[2026-03-30 00:21:27][INFO] /0:0:0:0:0:0:0:1 "GET /maps/world/tiles/0/x-2/2/z-1/7.prbm?438000 HTTP/1.1" 200 OK
[2026-03-30 00:21:27][INFO] /0:0:0:0:0:0:0:1 "GET /maps/world/tiles/0/x-2/2/z-1/8.prbm?438000 HTTP/1.1" 200 OK
[2026-03-30 00:21:27][INFO] /0:0:0:0:0:0:0:1 "GET /maps/world/tiles/0/x-2/1/z-1/8.prbm?438000 HTTP/1.1" 200 OK
[2026-03-30 00:21:27][INFO] /0:0:0:0:0:0:0:1 "GET /maps/world/tiles/0/x-2/0/z-1/8.prbm?438000 HTTP/1.1" 200 OK
[2026-03-30 00:21:27][INFO] /0:0:0:0:0:0:0:1 "GET /maps/world/tiles/0/x-1/9/z-1/8.prbm?438000 HTTP/1.1" 200 OK
[2026-03-30 00:21:27][INFO] /0:0:0:0:0:0:0:1 "GET /maps/world/tiles/0/x-1/8/z-1/8.prbm?438000 HTTP/1.1" 200 OK
[2026-03-30 00:21:27][INFO] /0:0:0:0:0:0:0:1 "GET /maps/world/tiles/0/x-1/7/z-1/8.prbm?438000 HTTP/1.1" 200 OK
[2026-03-30 00:21:27][INFO] /0:0:0:0:0:0:0:1 "GET /maps/world/tiles/0/x-1/6/z-1/8.prbm?438000 HTTP/1.1" 200 OK
[2026-03-30 00:21:27][INFO] /0:0:0:0:0:0:0:1 "GET /maps/world/tiles/0/x-1/5/z-1/8.prbm?438000 HTTP/1.1" 200 OK
[2026-03-30 00:21:27][INFO] /0:0:0:0:0:0:0:1 "GET /maps/world/tiles/0/x-1/4/z-1/8.prbm?438000 HTTP/1.1" 200 OK
[2026-03-30 00:21:27][INFO] /0:0:0:0:0:0:0:1 "GET /maps/world/tiles/0/x-1/3/z-1/8.prbm?438000 HTTP/1.1" 200 OK
[2026-03-30 00:21:27][INFO] /0:0:0:0:0:0:0:1 "GET /maps/world/tiles/0/x-1/2/z-1/8.prbm?438000 HTTP/1.1" 200 OK
[2026-03-30 00:21:27][INFO] /0:0:0:0:0:0:0:1 "GET /maps/world/tiles/0/x-1/1/z-1/8.prbm?438000 HTTP/1.1" 200 OK
[2026-03-30 00:21:27][INFO] /0:0:0:0:0:0:0:1 "GET /maps/world/tiles/0/x-1/0/z-1/8.prbm?438000 HTTP/1.1" 200 OK
[2026-03-30 00:21:27][INFO] /0:0:0:0:0:0:0:1 "GET /maps/world/tiles/0/x-9/z-1/8.prbm?438000 HTTP/1.1" 200 OK
[2026-03-30 00:21:27][INFO] /0:0:0:0:0:0:0:1 "GET /maps/world/tiles/0/x-9/z-1/7.prbm?438000 HTTP/1.1" 200 OK
[2026-03-30 00:21:27][INFO] /0:0:0:0:0:0:0:1 "GET /maps/world/tiles/0/x-9/z-1/6.prbm?438000 HTTP/1.1" 200 OK
[2026-03-30 00:21:27][INFO] /0:0:0:0:0:0:0:1 "GET /maps/world/tiles/0/x-9/z-1/5.prbm?438000 HTTP/1.1" 200 OK
[2026-03-30 00:21:27][INFO] /0:0:0:0:0:0:0:1 "GET /maps/world/tiles/0/x-9/z-1/4.prbm?438000 HTTP/1.1" 200 OK
[2026-03-30 00:21:27][INFO] /0:0:0:0:0:0:0:1 "GET /maps/world/tiles/0/x-9/z-1/3.prbm?438000 HTTP/1.1" 200 OK
[2026-03-30 00:21:27][INFO] /0:0:0:0:0:0:0:1 "GET /maps/world/tiles/0/x-9/z-1/2.prbm?438000 HTTP/1.1" 200 OK
[2026-03-30 00:21:27][INFO] /0:0:0:0:0:0:0:1 "GET /maps/world/tiles/0/x-9/z-1/1.prbm?438000 HTTP/1.1" 200 OK
[2026-03-30 00:21:27][INFO] /0:0:0:0:0:0:0:1 "GET /maps/world/tiles/0/x-9/z-1/0.prbm?438000 HTTP/1.1" 200 OK
[2026-03-30 00:21:27][INFO] /0:0:0:0:0:0:0:1 "GET /maps/world/tiles/0/x-9/z-9.prbm?438000 HTTP/1.1" 200 OK
[2026-03-30 00:21:28][INFO] /0:0:0:0:0:0:0:1 "GET /maps/world/tiles/0/x-9/z-8.prbm?438000 HTTP/1.1" 200 OK
[2026-03-30 00:21:28][INFO] /0:0:0:0:0:0:0:1 "GET /maps/world/tiles/0/x-9/z-7.prbm?438000 HTTP/1.1" 200 OK
[2026-03-30 00:21:28][INFO] /0:0:0:0:0:0:0:1 "GET /maps/world/tiles/0/x-9/z-6.prbm?438000 HTTP/1.1" 200 OK
[2026-03-30 00:21:28][INFO] /0:0:0:0:0:0:0:1 "GET /maps/world/tiles/0/x-9/z-5.prbm?438000 HTTP/1.1" 200 OK
[2026-03-30 00:21:28][INFO] /0:0:0:0:0:0:0:1 "GET /maps/world/tiles/0/x-1/0/z-5.prbm?438000 HTTP/1.1" 200 OK
[2026-03-30 00:21:28][INFO] /0:0:0:0:0:0:0:1 "GET /maps/world/tiles/0/x-1/1/z-5.prbm?438000 HTTP/1.1" 200 OK
[2026-03-30 00:21:28][INFO] /0:0:0:0:0:0:0:1 "GET /maps/world/tiles/0/x-1/2/z-5.prbm?438000 HTTP/1.1" 200 OK
[2026-03-30 00:21:28][INFO] /0:0:0:0:0:0:0:1 "GET /maps/world/tiles/0/x-1/3/z-5.prbm?438000 HTTP/1.1" 200 OK
[2026-03-30 00:21:28][INFO] /0:0:0:0:0:0:0:1 "GET /maps/world/tiles/0/x-1/4/z-5.prbm?438000 HTTP/1.1" 200 OK
[2026-03-30 00:21:28][INFO] /0:0:0:0:0:0:0:1 "GET /maps/world/tiles/0/x-1/5/z-5.prbm?438000 HTTP/1.1" 200 OK
[2026-03-30 00:21:28][INFO] /0:0:0:0:0:0:0:1 "GET /maps/world/tiles/0/x-1/6/z-5.prbm?438000 HTTP/1.1" 200 OK
[2026-03-30 00:21:28][INFO] /0:0:0:0:0:0:0:1 "GET /maps/world/tiles/0/x-1/7/z-5.prbm?438000 HTTP/1.1" 200 OK
[2026-03-30 00:21:28][INFO] /0:0:0:0:0:0:0:1 "GET /maps/world/tiles/0/x-1/8/z-5.prbm?438000 HTTP/1.1" 200 OK
[2026-03-30 00:21:28][INFO] /0:0:0:0:0:0:0:1 "GET /maps/world/tiles/0/x-1/9/z-5.prbm?438000 HTTP/1.1" 200 OK
[2026-03-30 00:21:28][INFO] /0:0:0:0:0:0:0:1 "GET /maps/world/tiles/0/x-2/0/z-5.prbm?438000 HTTP/1.1" 200 OK
[2026-03-30 00:21:28][INFO] /0:0:0:0:0:0:0:1 "GET /maps/world/tiles/0/x-2/1/z-5.prbm?438000 HTTP/1.1" 200 OK
[2026-03-30 00:21:28][INFO] /0:0:0:0:0:0:0:1 "GET /maps/world/tiles/0/x-2/2/z-5.prbm?438000 HTTP/1.1" 200 OK
[2026-03-30 00:21:28][INFO] /0:0:0:0:0:0:0:1 "GET /maps/world/tiles/0/x-2/3/z-5.prbm?438000 HTTP/1.1" 200 OK
[2026-03-30 00:21:28][INFO] /0:0:0:0:0:0:0:1 "GET /maps/world/tiles/0/x-2/3/z-6.prbm?438000 HTTP/1.1" 200 OK
[2026-03-30 00:21:28][INFO] /0:0:0:0:0:0:0:1 "GET /maps/world/tiles/0/x-2/3/z-7.prbm?438000 HTTP/1.1" 200 OK
[2026-03-30 00:21:28][INFO] /0:0:0:0:0:0:0:1 "GET /maps/world/tiles/0/x-2/3/z-8.prbm?438000 HTTP/1.1" 200 OK
[2026-03-30 00:21:28][INFO] /0:0:0:0:0:0:0:1 "GET /maps/world/tiles/0/x-2/3/z-9.prbm?438000 HTTP/1.1" 200 OK
[2026-03-30 00:21:28][INFO] /0:0:0:0:0:0:0:1 "GET /maps/world/tiles/0/x-2/3/z-1/0.prbm?438000 HTTP/1.1" 200 OK
[2026-03-30 00:21:28][INFO] /0:0:0:0:0:0:0:1 "GET /maps/world/tiles/0/x-2/3/z-1/1.prbm?438000 HTTP/1.1" 200 OK
[2026-03-30 00:21:28][INFO] /0:0:0:0:0:0:0:1 "GET /maps/world/tiles/0/x-2/3/z-1/2.prbm?438000 HTTP/1.1" 200 OK
[2026-03-30 00:21:28][INFO] /0:0:0:0:0:0:0:1 "GET /maps/world/tiles/0/x-2/3/z-1/3.prbm?438000 HTTP/1.1" 200 OK
[2026-03-30 00:21:28][INFO] /0:0:0:0:0:0:0:1 "GET /maps/world/tiles/0/x-2/3/z-1/4.prbm?438000 HTTP/1.1" 200 OK
[2026-03-30 00:21:28][INFO] /0:0:0:0:0:0:0:1 "GET /maps/world/tiles/0/x-2/3/z-1/5.prbm?438000 HTTP/1.1" 200 OK
[2026-03-30 00:21:28][INFO] /0:0:0:0:0:0:0:1 "GET /maps/world/tiles/0/x-2/3/z-1/6.prbm?438000 HTTP/1.1" 200 OK
[2026-03-30 00:21:28][INFO] /0:0:0:0:0:0:0:1 "GET /maps/world/tiles/0/x-2/3/z-1/7.prbm?438000 HTTP/1.1" 200 OK
[2026-03-30 00:21:28][INFO] /0:0:0:0:0:0:0:1 "GET /maps/world/tiles/0/x-2/3/z-1/8.prbm?438000 HTTP/1.1" 200 OK
[2026-03-30 00:21:28][INFO] /0:0:0:0:0:0:0:1 "GET /maps/world/tiles/0/x-2/3/z-1/9.prbm?438000 HTTP/1.1" 200 OK
[2026-03-30 00:21:28][INFO] /0:0:0:0:0:0:0:1 "GET /maps/world/tiles/0/x-2/2/z-1/9.prbm?438000 HTTP/1.1" 200 OK
[2026-03-30 00:21:28][INFO] /0:0:0:0:0:0:0:1 "GET /maps/world/tiles/0/x-2/1/z-1/9.prbm?438000 HTTP/1.1" 200 OK
[2026-03-30 00:21:28][INFO] /0:0:0:0:0:0:0:1 "GET /maps/world/tiles/3/x0/z1.png?438000 HTTP/1.1" 204 No Content
[2026-03-30 00:21:28][INFO] /0:0:0:0:0:0:0:1 "GET /maps/world/tiles/3/x-1/z1.png?438000 HTTP/1.1" 204 No Content
[2026-03-30 00:21:28][INFO] /0:0:0:0:0:0:0:1 "GET /maps/world/tiles/0/x-1/0/z2.prbm?438000 HTTP/1.1" 200 OK
[2026-03-30 00:21:28][INFO] /0:0:0:0:0:0:0:1 "GET /maps/world/tiles/3/x-2/z1.png?438000 HTTP/1.1" 204 No Content
[2026-03-30 00:21:28][INFO] /0:0:0:0:0:0:0:1 "GET /maps/world/tiles/2/x-2/z1.png?438000 HTTP/1.1" 204 No Content
[2026-03-30 00:21:28][INFO] /0:0:0:0:0:0:0:1 "GET /maps/world/tiles/0/x-1/0/z3.prbm?438000 HTTP/1.1" 200 OK
[2026-03-30 00:21:28][INFO] /0:0:0:0:0:0:0:1 "GET /maps/world/tiles/0/x-9/z1.prbm?438000 HTTP/1.1" 200 OK
[2026-03-30 00:21:28][INFO] /0:0:0:0:0:0:0:1 "GET /maps/world/tiles/0/x-9/z2.prbm?438000 HTTP/1.1" 200 OK
[2026-03-30 00:21:28][INFO] /0:0:0:0:0:0:0:1 "GET /maps/world/tiles/0/x-9/z3.prbm?438000 HTTP/1.1" 200 OK
[2026-03-30 00:21:28][INFO] /0:0:0:0:0:0:0:1 "GET /maps/world/tiles/0/x-9/z4.prbm?438000 HTTP/1.1" 200 OK
[2026-03-30 00:21:28][INFO] /0:0:0:0:0:0:0:1 "GET /maps/world/tiles/0/x-1/0/z4.prbm?438000 HTTP/1.1" 200 OK
[2026-03-30 00:21:28][INFO] /0:0:0:0:0:0:0:1 "GET /maps/world/live/players.json?440875 HTTP/1.1" 200 OK
[2026-03-30 00:21:28][INFO] /0:0:0:0:0:0:0:1 "GET /maps/world/tiles/0/x-9/z0.prbm?438000 HTTP/1.1" 200 OK
[2026-03-30 00:21:28][INFO] /0:0:0:0:0:0:0:1 "GET /maps/world/tiles/0/x-8/z0.prbm?438000 HTTP/1.1" 200 OK
[2026-03-30 00:21:28][INFO] /0:0:0:0:0:0:0:1 "GET /maps/world/tiles/0/x-8/z1.prbm?438000 HTTP/1.1" 200 OK
[2026-03-30 00:21:28][INFO] /0:0:0:0:0:0:0:1 "GET /maps/world/tiles/0/x-8/z2.prbm?438000 HTTP/1.1" 200 OK
[2026-03-30 00:21:28][INFO] /0:0:0:0:0:0:0:1 "GET /maps/world/tiles/0/x-1/0/z1/7.prbm?438000 HTTP/1.1" 200 OK
[2026-03-30 00:21:28][INFO] /0:0:0:0:0:0:0:1 "GET /maps/world/tiles/1/x0/z2.png?438000 HTTP/1.1" 200 OK
[2026-03-30 00:21:28][INFO] /0:0:0:0:0:0:0:1 "GET /maps/world/tiles/0/x-9/z1/7.prbm?438000 HTTP/1.1" 200 OK
[2026-03-30 00:21:28][INFO] /0:0:0:0:0:0:0:1 "GET /maps/world/tiles/0/x-9/z1/8.prbm?438000 HTTP/1.1" 200 OK
[2026-03-30 00:21:28][INFO] /0:0:0:0:0:0:0:1 "GET /maps/world/tiles/0/x-1/0/z1/8.prbm?438000 HTTP/1.1" 200 OK
[2026-03-30 00:21:28][INFO] /0:0:0:0:0:0:0:1 "GET /maps/world/tiles/0/x-1/1/z1/8.prbm?438000 HTTP/1.1" 200 OK
[2026-03-30 00:21:28][INFO] /0:0:0:0:0:0:0:1 "GET /maps/world/tiles/0/x-1/1/z1/7.prbm?438000 HTTP/1.1" 200 OK
[2026-03-30 00:21:28][INFO] /0:0:0:0:0:0:0:1 "GET /maps/world/tiles/0/x-1/1/z1/6.prbm?438000 HTTP/1.1" 200 OK
[2026-03-30 00:21:28][INFO] /0:0:0:0:0:0:0:1 "GET /maps/world/tiles/0/x-1/0/z1/6.prbm?438000 HTTP/1.1" 200 OK
[2026-03-30 00:21:28][INFO] /0:0:0:0:0:0:0:1 "GET /maps/world/tiles/0/x-9/z1/6.prbm?438000 HTTP/1.1" 200 OK
[2026-03-30 00:21:28][INFO] /0:0:0:0:0:0:0:1 "GET /maps/world/tiles/0/x-8/z1/6.prbm?438000 HTTP/1.1" 200 OK
[2026-03-30 00:21:28][INFO] /0:0:0:0:0:0:0:1 "GET /maps/world/tiles/0/x-8/z1/7.prbm?438000 HTTP/1.1" 200 OK
[2026-03-30 00:21:28][INFO] /0:0:0:0:0:0:0:1 "GET /maps/world/tiles/0/x-8/z1/8.prbm?438000 HTTP/1.1" 200 OK
[2026-03-30 00:21:28][INFO] /0:0:0:0:0:0:0:1 "GET /maps/world/tiles/0/x-8/z1/9.prbm?438000 HTTP/1.1" 200 OK
[2026-03-30 00:21:28][INFO] /0:0:0:0:0:0:0:1 "GET /maps/world/tiles/0/x-9/z1/9.prbm?438000 HTTP/1.1" 200 OK
[2026-03-30 00:21:28][INFO] /0:0:0:0:0:0:0:1 "GET /maps/world/tiles/0/x-1/0/z1/9.prbm?438000 HTTP/1.1" 200 OK
[2026-03-30 00:21:28][INFO] /0:0:0:0:0:0:0:1 "GET /maps/world/tiles/0/x-1/1/z1/9.prbm?438000 HTTP/1.1" 200 OK
[2026-03-30 00:21:28][INFO] /0:0:0:0:0:0:0:1 "GET /maps/world/tiles/0/x-1/2/z1/9.prbm?438000 HTTP/1.1" 200 OK
[2026-03-30 00:21:28][INFO] /0:0:0:0:0:0:0:1 "GET /maps/world/tiles/0/x-1/2/z1/8.prbm?438000 HTTP/1.1" 200 OK
[2026-03-30 00:21:28][INFO] /0:0:0:0:0:0:0:1 "GET /maps/world/tiles/0/x-1/2/z1/7.prbm?438000 HTTP/1.1" 200 OK
[2026-03-30 00:21:29][INFO] /0:0:0:0:0:0:0:1 "GET /maps/world/tiles/0/x-1/2/z1/6.prbm?438000 HTTP/1.1" 200 OK
[2026-03-30 00:21:29][INFO] /0:0:0:0:0:0:0:1 "GET /maps/world/tiles/0/x-1/2/z1/5.prbm?438000 HTTP/1.1" 200 OK
[2026-03-30 00:21:29][INFO] /0:0:0:0:0:0:0:1 "GET /maps/world/tiles/0/x-1/1/z1/5.prbm?438000 HTTP/1.1" 200 OK
[2026-03-30 00:21:29][INFO] /0:0:0:0:0:0:0:1 "GET /maps/world/tiles/0/x-1/0/z1/5.prbm?438000 HTTP/1.1" 200 OK
[2026-03-30 00:21:29][INFO] /0:0:0:0:0:0:0:1 "GET /maps/world/tiles/0/x-9/z1/5.prbm?438000 HTTP/1.1" 200 OK
[2026-03-30 00:21:29][INFO] /0:0:0:0:0:0:0:1 "GET /maps/world/tiles/0/x-8/z1/5.prbm?438000 HTTP/1.1" 200 OK
[2026-03-30 00:21:29][INFO] /0:0:0:0:0:0:0:1 "GET /maps/world/tiles/0/x-7/z1/5.prbm?438000 HTTP/1.1" 200 OK
[2026-03-30 00:21:29][INFO] /0:0:0:0:0:0:0:1 "GET /maps/world/tiles/0/x-7/z1/6.prbm?438000 HTTP/1.1" 200 OK
[2026-03-30 00:21:29][INFO] /0:0:0:0:0:0:0:1 "GET /maps/world/tiles/0/x-7/z1/7.prbm?438000 HTTP/1.1" 200 OK
[2026-03-30 00:21:29][INFO] /0:0:0:0:0:0:0:1 "GET /maps/world/tiles/0/x-7/z1/8.prbm?438000 HTTP/1.1" 200 OK
[2026-03-30 00:21:29][INFO] /0:0:0:0:0:0:0:1 "GET /maps/world/tiles/0/x-7/z1/9.prbm?438000 HTTP/1.1" 200 OK
[2026-03-30 00:21:29][INFO] /0:0:0:0:0:0:0:1 "GET /maps/world/tiles/0/x-7/z2/0.prbm?438000 HTTP/1.1" 200 OK
[2026-03-30 00:21:29][INFO] /0:0:0:0:0:0:0:1 "GET /maps/world/tiles/0/x-8/z2/0.prbm?438000 HTTP/1.1" 200 OK
[2026-03-30 00:21:29][INFO] /0:0:0:0:0:0:0:1 "GET /maps/world/tiles/0/x-9/z2/0.prbm?438000 HTTP/1.1" 200 OK
[2026-03-30 00:21:29][INFO] /0:0:0:0:0:0:0:1 "GET /maps/world/tiles/0/x-1/0/z2/0.prbm?438000 HTTP/1.1" 200 OK
[2026-03-30 00:21:29][INFO] /0:0:0:0:0:0:0:1 "GET /maps/world/tiles/0/x-1/1/z2/0.prbm?438000 HTTP/1.1" 200 OK
[2026-03-30 00:21:29][INFO] /0:0:0:0:0:0:0:1 "GET /maps/world/tiles/0/x-1/2/z2/0.prbm?438000 HTTP/1.1" 200 OK
[2026-03-30 00:21:29][INFO] /0:0:0:0:0:0:0:1 "GET /maps/world/tiles/0/x-1/3/z2/0.prbm?438000 HTTP/1.1" 200 OK
[2026-03-30 00:21:29][INFO] /0:0:0:0:0:0:0:1 "GET /maps/world/tiles/0/x-1/2/z3/1.prbm?438000 HTTP/1.1" 200 OK
[2026-03-30 00:21:29][INFO] /0:0:0:0:0:0:0:1 "GET /maps/world/tiles/1/x0/z3.png?438000 HTTP/1.1" 200 OK
[2026-03-30 00:21:29][INFO] /0:0:0:0:0:0:0:1 "GET /maps/world/tiles/0/x-1/1/z3/1.prbm?438000 HTTP/1.1" 200 OK
[2026-03-30 00:21:29][INFO] /0:0:0:0:0:0:0:1 "GET /maps/world/tiles/0/x-1/1/z3/2.prbm?438000 HTTP/1.1" 200 OK
[2026-03-30 00:21:29][INFO] /0:0:0:0:0:0:0:1 "GET /maps/world/tiles/0/x-1/2/z3/2.prbm?438000 HTTP/1.1" 200 OK
[2026-03-30 00:21:29][INFO] /0:0:0:0:0:0:0:1 "GET /maps/world/tiles/0/x-1/3/z3/2.prbm?438000 HTTP/1.1" 200 OK
[2026-03-30 00:21:29][INFO] /0:0:0:0:0:0:0:1 "GET /maps/world/tiles/0/x-1/3/z3/1.prbm?438000 HTTP/1.1" 200 OK
[2026-03-30 00:21:29][INFO] /0:0:0:0:0:0:0:1 "GET /maps/world/tiles/0/x-1/3/z3/0.prbm?438000 HTTP/1.1" 200 OK
[2026-03-30 00:21:29][INFO] /0:0:0:0:0:0:0:1 "GET /maps/world/tiles/0/x-1/2/z3/0.prbm?438000 HTTP/1.1" 200 OK
[2026-03-30 00:21:29][INFO] /0:0:0:0:0:0:0:1 "GET /maps/world/tiles/0/x-1/1/z3/0.prbm?438000 HTTP/1.1" 200 OK
[2026-03-30 00:21:29][INFO] /0:0:0:0:0:0:0:1 "GET /maps/world/tiles/0/x-1/0/z3/0.prbm?438000 HTTP/1.1" 200 OK
[2026-03-30 00:21:29][INFO] /0:0:0:0:0:0:0:1 "GET /maps/world/tiles/0/x-1/0/z3/1.prbm?438000 HTTP/1.1" 200 OK
[2026-03-30 00:21:29][INFO] /0:0:0:0:0:0:0:1 "GET /maps/world/tiles/0/x-1/0/z3/2.prbm?438000 HTTP/1.1" 200 OK
[2026-03-30 00:21:29][INFO] /0:0:0:0:0:0:0:1 "GET /maps/world/tiles/0/x-1/0/z3/3.prbm?438000 HTTP/1.1" 200 OK
[2026-03-30 00:21:29][INFO] /0:0:0:0:0:0:0:1 "GET /maps/world/tiles/0/x-1/1/z3/3.prbm?438000 HTTP/1.1" 200 OK
[2026-03-30 00:21:29][INFO] /0:0:0:0:0:0:0:1 "GET /maps/world/tiles/0/x-1/2/z3/3.prbm?438000 HTTP/1.1" 200 OK
[2026-03-30 00:21:29][INFO] /0:0:0:0:0:0:0:1 "GET /maps/world/tiles/0/x-1/3/z3/3.prbm?438000 HTTP/1.1" 200 OK
[2026-03-30 00:21:29][INFO] /0:0:0:0:0:0:0:1 "GET /maps/world/tiles/0/x-1/4/z3/3.prbm?438000 HTTP/1.1" 200 OK
[2026-03-30 00:21:29][INFO] /0:0:0:0:0:0:0:1 "GET /maps/world/tiles/0/x-1/4/z3/2.prbm?438000 HTTP/1.1" 200 OK
[2026-03-30 00:21:29][INFO] /0:0:0:0:0:0:0:1 "GET /maps/world/tiles/0/x-1/4/z3/1.prbm?438000 HTTP/1.1" 200 OK
[2026-03-30 00:21:29][INFO] /0:0:0:0:0:0:0:1 "GET /maps/world/tiles/0/x-1/4/z3/0.prbm?438000 HTTP/1.1" 200 OK
[2026-03-30 00:21:29][INFO] /0:0:0:0:0:0:0:1 "GET /maps/world/tiles/0/x-1/4/z2/9.prbm?438000 HTTP/1.1" 200 OK
[2026-03-30 00:21:29][INFO] /0:0:0:0:0:0:0:1 "GET /maps/world/tiles/0/x-1/3/z2/9.prbm?438000 HTTP/1.1" 200 OK
[2026-03-30 00:21:29][INFO] /0:0:0:0:0:0:0:1 "GET /maps/world/tiles/0/x-1/2/z2/9.prbm?438000 HTTP/1.1" 200 OK
[2026-03-30 00:21:29][INFO] /0:0:0:0:0:0:0:1 "GET /maps/world/tiles/0/x-1/1/z2/9.prbm?438000 HTTP/1.1" 200 OK
[2026-03-30 00:21:29][INFO] /0:0:0:0:0:0:0:1 "GET /maps/world/tiles/0/x-1/0/z2/9.prbm?438000 HTTP/1.1" 200 OK
[2026-03-30 00:21:29][INFO] /0:0:0:0:0:0:0:1 "GET /maps/world/tiles/0/x-9/z2/9.prbm?438000 HTTP/1.1" 200 OK
[2026-03-30 00:21:29][INFO] /0:0:0:0:0:0:0:1 "GET /maps/world/tiles/0/x-9/z3/0.prbm?438000 HTTP/1.1" 200 OK
[2026-03-30 00:21:29][INFO] /0:0:0:0:0:0:0:1 "GET /maps/world/tiles/0/x-9/z3/1.prbm?438000 HTTP/1.1" 200 OK
[2026-03-30 00:21:29][INFO] /0:0:0:0:0:0:0:1 "GET /maps/world/tiles/0/x-9/z3/2.prbm?438000 HTTP/1.1" 200 OK
[2026-03-30 00:21:29][INFO] /0:0:0:0:0:0:0:1 "GET /maps/world/tiles/0/x-9/z3/3.prbm?438000 HTTP/1.1" 200 OK
[2026-03-30 00:21:29][INFO] /0:0:0:0:0:0:0:1 "GET /maps/world/tiles/0/x-9/z3/4.prbm?438000 HTTP/1.1" 200 OK
[2026-03-30 00:21:29][INFO] /0:0:0:0:0:0:0:1 "GET /maps/world/tiles/0/x-1/0/z3/4.prbm?438000 HTTP/1.1" 200 OK
[2026-03-30 00:21:29][INFO] /0:0:0:0:0:0:0:1 "GET /maps/world/tiles/0/x-1/1/z3/4.prbm?438000 HTTP/1.1" 200 OK
[2026-03-30 00:21:29][INFO] /0:0:0:0:0:0:0:1 "GET /maps/world/tiles/0/x-1/2/z3/4.prbm?438000 HTTP/1.1" 200 OK
[2026-03-30 00:21:29][INFO] /0:0:0:0:0:0:0:1 "GET /maps/world/tiles/0/x-1/3/z3/4.prbm?438000 HTTP/1.1" 200 OK
[2026-03-30 00:21:29][INFO] /0:0:0:0:0:0:0:1 "GET /maps/world/tiles/0/x-1/4/z3/4.prbm?438000 HTTP/1.1" 200 OK
[2026-03-30 00:21:29][INFO] /0:0:0:0:0:0:0:1 "GET /maps/world/tiles/0/x-1/5/z3/4.prbm?438000 HTTP/1.1" 200 OK
[2026-03-30 00:21:29][INFO] /0:0:0:0:0:0:0:1 "GET /maps/world/tiles/0/x-1/5/z3/3.prbm?438000 HTTP/1.1" 200 OK
[2026-03-30 00:21:29][INFO] /0:0:0:0:0:0:0:1 "GET /maps/world/tiles/0/x-1/5/z3/2.prbm?438000 HTTP/1.1" 200 OK
[2026-03-30 00:21:29][INFO] /0:0:0:0:0:0:0:1 "GET /maps/world/tiles/0/x-1/5/z3/1.prbm?438000 HTTP/1.1" 200 OK
[2026-03-30 00:21:29][INFO] /0:0:0:0:0:0:0:1 "GET /maps/world/tiles/0/x-1/5/z3/0.prbm?438000 HTTP/1.1" 200 OK
[2026-03-30 00:21:29][INFO] /0:0:0:0:0:0:0:1 "GET /maps/world/tiles/0/x-1/5/z2/9.prbm?438000 HTTP/1.1" 200 OK
[2026-03-30 00:21:29][INFO] /0:0:0:0:0:0:0:1 "GET /maps/world/tiles/0/x-1/5/z2/8.prbm?438000 HTTP/1.1" 200 OK
[2026-03-30 00:21:29][INFO] /0:0:0:0:0:0:0:1 "GET /maps/world/tiles/0/x-1/4/z2/8.prbm?438000 HTTP/1.1" 200 OK
[2026-03-30 00:21:29][INFO] /0:0:0:0:0:0:0:1 "GET /maps/world/tiles/0/x-1/3/z2/8.prbm?438000 HTTP/1.1" 200 OK
[2026-03-30 00:21:29][INFO] /0:0:0:0:0:0:0:1 "GET /maps/world/live/players.json?715275 HTTP/1.1" 200 OK
[2026-03-30 00:21:29][INFO] /0:0:0:0:0:0:0:1 "GET /maps/world/tiles/0/x-1/2/z2/8.prbm?438000 HTTP/1.1" 200 OK
[2026-03-30 00:21:29][INFO] /0:0:0:0:0:0:0:1 "GET /maps/world/tiles/0/x-1/1/z2/8.prbm?438000 HTTP/1.1" 200 OK
[2026-03-30 00:21:29][INFO] /0:0:0:0:0:0:0:1 "GET /maps/world/tiles/0/x-1/0/z2/8.prbm?438000 HTTP/1.1" 200 OK
[2026-03-30 00:21:29][INFO] /0:0:0:0:0:0:0:1 "GET /maps/world/tiles/0/x-9/z2/8.prbm?438000 HTTP/1.1" 200 OK
[2026-03-30 00:21:29][INFO] /0:0:0:0:0:0:0:1 "GET /maps/world/tiles/0/x-8/z2/8.prbm?438000 HTTP/1.1" 200 OK
[2026-03-30 00:21:29][INFO] /0:0:0:0:0:0:0:1 "GET /maps/world/tiles/0/x-8/z2/9.prbm?438000 HTTP/1.1" 200 OK
[2026-03-30 00:21:29][INFO] /0:0:0:0:0:0:0:1 "GET /maps/world/tiles/0/x-8/z3/0.prbm?438000 HTTP/1.1" 200 OK
[2026-03-30 00:21:29][INFO] /0:0:0:0:0:0:0:1 "GET /maps/world/tiles/0/x-8/z3/1.prbm?438000 HTTP/1.1" 200 OK
[2026-03-30 00:21:29][INFO] /0:0:0:0:0:0:0:1 "GET /maps/world/tiles/0/x-8/z3/2.prbm?438000 HTTP/1.1" 200 OK
[2026-03-30 00:21:29][INFO] /0:0:0:0:0:0:0:1 "GET /maps/world/tiles/0/x-8/z3/3.prbm?438000 HTTP/1.1" 200 OK
[2026-03-30 00:21:29][INFO] /0:0:0:0:0:0:0:1 "GET /maps/world/tiles/0/x-8/z3/4.prbm?438000 HTTP/1.1" 200 OK
[2026-03-30 00:21:29][INFO] /0:0:0:0:0:0:0:1 "GET /maps/world/tiles/0/x-8/z3/5.prbm?438000 HTTP/1.1" 200 OK
[2026-03-30 00:21:29][INFO] /0:0:0:0:0:0:0:1 "GET /maps/world/tiles/0/x-9/z3/5.prbm?438000 HTTP/1.1" 200 OK
[2026-03-30 00:21:29][INFO] /0:0:0:0:0:0:0:1 "GET /maps/world/tiles/0/x-1/0/z3/5.prbm?438000 HTTP/1.1" 200 OK
[2026-03-30 00:21:29][INFO] /0:0:0:0:0:0:0:1 "GET /maps/world/tiles/0/x-1/1/z3/5.prbm?438000 HTTP/1.1" 200 OK
[2026-03-30 00:21:29][INFO] /0:0:0:0:0:0:0:1 "GET /maps/world/tiles/0/x-1/2/z3/5.prbm?438000 HTTP/1.1" 200 OK
[2026-03-30 00:21:29][INFO] /0:0:0:0:0:0:0:1 "GET /maps/world/tiles/0/x-1/3/z3/5.prbm?438000 HTTP/1.1" 200 OK
[2026-03-30 00:21:29][INFO] /0:0:0:0:0:0:0:1 "GET /maps/world/tiles/0/x-1/4/z3/5.prbm?438000 HTTP/1.1" 200 OK
[2026-03-30 00:21:29][INFO] /0:0:0:0:0:0:0:1 "GET /maps/world/tiles/0/x-1/5/z3/5.prbm?438000 HTTP/1.1" 200 OK
[2026-03-30 00:21:29][INFO] /0:0:0:0:0:0:0:1 "GET /maps/world/tiles/0/x-1/6/z3/5.prbm?438000 HTTP/1.1" 200 OK
[2026-03-30 00:21:29][INFO] /0:0:0:0:0:0:0:1 "GET /maps/world/tiles/0/x-1/6/z3/4.prbm?438000 HTTP/1.1" 200 OK
[2026-03-30 00:21:29][INFO] /0:0:0:0:0:0:0:1 "GET /maps/world/tiles/0/x-1/6/z3/3.prbm?438000 HTTP/1.1" 200 OK
[2026-03-30 00:21:29][INFO] /0:0:0:0:0:0:0:1 "GET /maps/world/tiles/0/x-1/6/z3/2.prbm?438000 HTTP/1.1" 200 OK
[2026-03-30 00:21:29][INFO] /0:0:0:0:0:0:0:1 "GET /maps/world/tiles/0/x-1/6/z3/1.prbm?438000 HTTP/1.1" 200 OK
[2026-03-30 00:21:29][INFO] /0:0:0:0:0:0:0:1 "GET /maps/world/tiles/0/x-1/6/z3/0.prbm?438000 HTTP/1.1" 200 OK
[2026-03-30 00:21:29][INFO] /0:0:0:0:0:0:0:1 "GET /maps/world/tiles/0/x-1/6/z2/9.prbm?438000 HTTP/1.1" 200 OK
[2026-03-30 00:21:29][INFO] /0:0:0:0:0:0:0:1 "GET /maps/world/tiles/0/x-1/6/z2/8.prbm?438000 HTTP/1.1" 200 OK
[2026-03-30 00:21:29][INFO] /0:0:0:0:0:0:0:1 "GET /maps/world/tiles/0/x-1/6/z2/7.prbm?438000 HTTP/1.1" 200 OK
[2026-03-30 00:21:29][INFO] /0:0:0:0:0:0:0:1 "GET /maps/world/tiles/0/x-1/5/z2/7.prbm?438000 HTTP/1.1" 200 OK
[2026-03-30 00:21:29][INFO] /0:0:0:0:0:0:0:1 "GET /maps/world/tiles/0/x-1/4/z2/7.prbm?438000 HTTP/1.1" 200 OK
[2026-03-30 00:21:29][INFO] /0:0:0:0:0:0:0:1 "GET /maps/world/tiles/0/x-1/3/z2/7.prbm?438000 HTTP/1.1" 200 OK
[2026-03-30 00:21:29][INFO] /0:0:0:0:0:0:0:1 "GET /maps/world/tiles/0/x-1/2/z2/7.prbm?438000 HTTP/1.1" 200 OK
[2026-03-30 00:21:29][INFO] /0:0:0:0:0:0:0:1 "GET /maps/world/tiles/0/x-1/1/z2/7.prbm?438000 HTTP/1.1" 200 OK
[2026-03-30 00:21:30][INFO] /0:0:0:0:0:0:0:1 "GET /maps/world/tiles/0/x-1/0/z2/7.prbm?438000 HTTP/1.1" 200 OK
[2026-03-30 00:21:30][INFO] /0:0:0:0:0:0:0:1 "GET /maps/world/tiles/0/x-9/z2/7.prbm?438000 HTTP/1.1" 200 OK
[2026-03-30 00:21:30][INFO] /0:0:0:0:0:0:0:1 "GET /maps/world/tiles/0/x-8/z2/7.prbm?438000 HTTP/1.1" 200 OK
[2026-03-30 00:21:30][INFO] /0:0:0:0:0:0:0:1 "GET /maps/world/tiles/0/x-7/z2/7.prbm?438000 HTTP/1.1" 200 OK
[2026-03-30 00:21:30][INFO] /0:0:0:0:0:0:0:1 "GET /maps/world/tiles/0/x-7/z2/8.prbm?438000 HTTP/1.1" 200 OK
[2026-03-30 00:21:30][INFO] /0:0:0:0:0:0:0:1 "GET /maps/world/tiles/0/x-7/z2/9.prbm?438000 HTTP/1.1" 200 OK
[2026-03-30 00:21:30][INFO] /0:0:0:0:0:0:0:1 "GET /maps/world/tiles/0/x-7/z3/0.prbm?438000 HTTP/1.1" 200 OK
[2026-03-30 00:21:30][INFO] /0:0:0:0:0:0:0:1 "GET /maps/world/tiles/0/x-7/z3/1.prbm?438000 HTTP/1.1" 200 OK
[2026-03-30 00:21:30][INFO] /0:0:0:0:0:0:0:1 "GET /maps/world/tiles/0/x-7/z3/2.prbm?438000 HTTP/1.1" 200 OK
[2026-03-30 00:21:30][INFO] /0:0:0:0:0:0:0:1 "GET /maps/world/tiles/0/x-7/z3/3.prbm?438000 HTTP/1.1" 200 OK
[2026-03-30 00:21:30][INFO] /0:0:0:0:0:0:0:1 "GET /maps/world/tiles/0/x-7/z3/4.prbm?438000 HTTP/1.1" 200 OK
[2026-03-30 00:21:30][INFO] /0:0:0:0:0:0:0:1 "GET /maps/world/tiles/0/x-7/z3/5.prbm?438000 HTTP/1.1" 200 OK
[2026-03-30 00:21:30][INFO] /0:0:0:0:0:0:0:1 "GET /maps/world/tiles/0/x-7/z3/6.prbm?438000 HTTP/1.1" 200 OK
[2026-03-30 00:21:30][INFO] /0:0:0:0:0:0:0:1 "GET /maps/world/tiles/0/x-8/z3/6.prbm?438000 HTTP/1.1" 200 OK
[2026-03-30 00:21:30][INFO] /0:0:0:0:0:0:0:1 "GET /maps/world/tiles/0/x-9/z3/6.prbm?438000 HTTP/1.1" 200 OK
[2026-03-30 00:21:30][INFO] /0:0:0:0:0:0:0:1 "GET /maps/world/tiles/0/x-1/0/z3/6.prbm?438000 HTTP/1.1" 200 OK
[2026-03-30 00:21:30][INFO] /0:0:0:0:0:0:0:1 "GET /maps/world/tiles/0/x-1/1/z3/6.prbm?438000 HTTP/1.1" 200 OK
[2026-03-30 00:21:30][INFO] /0:0:0:0:0:0:0:1 "GET /maps/world/tiles/0/x-1/2/z3/6.prbm?438000 HTTP/1.1" 200 OK
[2026-03-30 00:21:30][INFO] /0:0:0:0:0:0:0:1 "GET /maps/world/tiles/0/x-1/3/z3/6.prbm?438000 HTTP/1.1" 200 OK
[2026-03-30 00:21:30][INFO] /0:0:0:0:0:0:0:1 "GET /maps/world/tiles/0/x-1/4/z3/6.prbm?438000 HTTP/1.1" 200 OK
[2026-03-30 00:21:30][INFO] /0:0:0:0:0:0:0:1 "GET /maps/world/tiles/0/x-1/5/z3/6.prbm?438000 HTTP/1.1" 200 OK
[2026-03-30 00:21:30][INFO] /0:0:0:0:0:0:0:1 "GET /maps/world/tiles/0/x-1/6/z3/6.prbm?438000 HTTP/1.1" 200 OK
[2026-03-30 00:21:30][INFO] /0:0:0:0:0:0:0:1 "GET /maps/world/tiles/0/x-1/7/z3/6.prbm?438000 HTTP/1.1" 200 OK
[2026-03-30 00:21:30][INFO] /0:0:0:0:0:0:0:1 "GET /maps/world/tiles/0/x-1/7/z3/5.prbm?438000 HTTP/1.1" 200 OK
[2026-03-30 00:21:30][INFO] /0:0:0:0:0:0:0:1 "GET /maps/world/tiles/0/x-1/7/z3/4.prbm?438000 HTTP/1.1" 200 OK
[2026-03-30 00:21:30][INFO] /0:0:0:0:0:0:0:1 "GET /maps/world/tiles/0/x-1/7/z3/3.prbm?438000 HTTP/1.1" 200 OK
[2026-03-30 00:21:30][INFO] /0:0:0:0:0:0:0:1 "GET /maps/world/tiles/0/x-1/7/z3/2.prbm?438000 HTTP/1.1" 200 OK
[2026-03-30 00:21:30][INFO] /0:0:0:0:0:0:0:1 "GET /maps/world/tiles/0/x-1/7/z3/1.prbm?438000 HTTP/1.1" 200 OK
[2026-03-30 00:21:30][INFO] /0:0:0:0:0:0:0:1 "GET /maps/world/tiles/0/x-1/7/z3/0.prbm?438000 HTTP/1.1" 200 OK
[2026-03-30 00:21:30][INFO] /0:0:0:0:0:0:0:1 "GET /maps/world/tiles/0/x-1/7/z2/9.prbm?438000 HTTP/1.1" 200 OK
[2026-03-30 00:21:30][INFO] /0:0:0:0:0:0:0:1 "GET /maps/world/tiles/0/x-1/7/z2/8.prbm?438000 HTTP/1.1" 200 OK
[2026-03-30 00:21:30][INFO] /0:0:0:0:0:0:0:1 "GET /maps/world/tiles/0/x-1/7/z2/7.prbm?438000 HTTP/1.1" 200 OK
[2026-03-30 00:21:30][INFO] /0:0:0:0:0:0:0:1 "GET /maps/world/tiles/0/x-1/7/z2/6.prbm?438000 HTTP/1.1" 200 OK
[2026-03-30 00:21:30][INFO] /0:0:0:0:0:0:0:1 "GET /maps/world/tiles/0/x-1/6/z2/6.prbm?438000 HTTP/1.1" 200 OK
[2026-03-30 00:21:30][INFO] /0:0:0:0:0:0:0:1 "GET /maps/world/tiles/0/x-1/5/z2/6.prbm?438000 HTTP/1.1" 200 OK
[2026-03-30 00:21:30][INFO] /0:0:0:0:0:0:0:1 "GET /maps/world/tiles/0/x-1/4/z2/6.prbm?438000 HTTP/1.1" 200 OK
[2026-03-30 00:21:30][INFO] /0:0:0:0:0:0:0:1 "GET /maps/world/tiles/0/x-1/3/z2/6.prbm?438000 HTTP/1.1" 200 OK
[2026-03-30 00:21:30][INFO] /0:0:0:0:0:0:0:1 "GET /maps/world/tiles/0/x-1/2/z2/6.prbm?438000 HTTP/1.1" 200 OK
[2026-03-30 00:21:30][INFO] /0:0:0:0:0:0:0:1 "GET /maps/world/tiles/0/x-1/1/z2/6.prbm?438000 HTTP/1.1" 200 OK
[2026-03-30 00:21:30][INFO] /0:0:0:0:0:0:0:1 "GET /maps/world/tiles/0/x-1/0/z2/6.prbm?438000 HTTP/1.1" 200 OK
[2026-03-30 00:21:30][INFO] /0:0:0:0:0:0:0:1 "GET /maps/world/tiles/0/x-9/z2/6.prbm?438000 HTTP/1.1" 200 OK
[2026-03-30 00:21:30][INFO] /0:0:0:0:0:0:0:1 "GET /maps/world/tiles/0/x-8/z2/6.prbm?438000 HTTP/1.1" 200 OK
[2026-03-30 00:21:30][INFO] /0:0:0:0:0:0:0:1 "GET /maps/world/tiles/0/x-7/z2/6.prbm?438000 HTTP/1.1" 200 OK
[2026-03-30 00:21:30][INFO] /0:0:0:0:0:0:0:1 "GET /maps/world/tiles/0/x-6/z2/6.prbm?438000 HTTP/1.1" 200 OK
[2026-03-30 00:21:30][INFO] /0:0:0:0:0:0:0:1 "GET /maps/world/tiles/0/x-6/z2/7.prbm?438000 HTTP/1.1" 200 OK
[2026-03-30 00:21:30][INFO] /0:0:0:0:0:0:0:1 "GET /maps/world/tiles/0/x-6/z2/8.prbm?438000 HTTP/1.1" 200 OK
[2026-03-30 00:21:30][INFO] /0:0:0:0:0:0:0:1 "GET /maps/world/tiles/0/x-6/z2/9.prbm?438000 HTTP/1.1" 200 OK
[2026-03-30 00:21:30][INFO] /0:0:0:0:0:0:0:1 "GET /maps/world/tiles/0/x-6/z3/0.prbm?438000 HTTP/1.1" 200 OK
[2026-03-30 00:21:30][INFO] /0:0:0:0:0:0:0:1 "GET /maps/world/tiles/0/x-6/z3/1.prbm?438000 HTTP/1.1" 200 OK
[2026-03-30 00:21:30][INFO] /0:0:0:0:0:0:0:1 "GET /maps/world/tiles/0/x-6/z3/2.prbm?438000 HTTP/1.1" 200 OK
[2026-03-30 00:21:30][INFO] /0:0:0:0:0:0:0:1 "GET /maps/world/tiles/0/x-6/z3/3.prbm?438000 HTTP/1.1" 200 OK
[2026-03-30 00:21:30][INFO] /0:0:0:0:0:0:0:1 "GET /maps/world/tiles/0/x-6/z3/4.prbm?438000 HTTP/1.1" 200 OK
[2026-03-30 00:21:30][INFO] /0:0:0:0:0:0:0:1 "GET /maps/world/tiles/0/x-6/z3/5.prbm?438000 HTTP/1.1" 200 OK
[2026-03-30 00:21:30][INFO] /0:0:0:0:0:0:0:1 "GET /maps/world/tiles/0/x-6/z3/6.prbm?438000 HTTP/1.1" 200 OK
[2026-03-30 00:21:30][INFO] /0:0:0:0:0:0:0:1 "GET /maps/world/tiles/0/x-6/z3/7.prbm?438000 HTTP/1.1" 200 OK
[2026-03-30 00:21:30][INFO] /0:0:0:0:0:0:0:1 "GET /maps/world/live/players.json?430666 HTTP/1.1" 200 OK
[2026-03-30 00:21:30][INFO] /0:0:0:0:0:0:0:1 "GET /maps/world/tiles/0/x-7/z3/7.prbm?438000 HTTP/1.1" 200 OK
[2026-03-30 00:21:30][INFO] /0:0:0:0:0:0:0:1 "GET /maps/world/tiles/0/x-8/z3/7.prbm?438000 HTTP/1.1" 200 OK
[2026-03-30 00:21:30][INFO] /0:0:0:0:0:0:0:1 "GET /maps/world/tiles/0/x-9/z3/7.prbm?438000 HTTP/1.1" 200 OK
[2026-03-30 00:21:30][INFO] /0:0:0:0:0:0:0:1 "GET /maps/world/tiles/0/x-1/0/z3/7.prbm?438000 HTTP/1.1" 200 OK
[2026-03-30 00:21:30][INFO] /0:0:0:0:0:0:0:1 "GET /maps/world/tiles/0/x-1/1/z3/7.prbm?438000 HTTP/1.1" 200 OK
[2026-03-30 00:21:30][INFO] /0:0:0:0:0:0:0:1 "GET /maps/world/tiles/0/x-1/2/z3/7.prbm?438000 HTTP/1.1" 200 OK
[2026-03-30 00:21:30][INFO] /0:0:0:0:0:0:0:1 "GET /maps/world/tiles/0/x-1/3/z3/7.prbm?438000 HTTP/1.1" 200 OK
[2026-03-30 00:21:30][INFO] /0:0:0:0:0:0:0:1 "GET /maps/world/tiles/0/x-1/4/z3/7.prbm?438000 HTTP/1.1" 200 OK
[2026-03-30 00:21:30][INFO] /0:0:0:0:0:0:0:1 "GET /maps/world/tiles/0/x-1/5/z3/7.prbm?438000 HTTP/1.1" 200 OK
[2026-03-30 00:21:30][INFO] /0:0:0:0:0:0:0:1 "GET /maps/world/tiles/0/x-1/6/z3/7.prbm?438000 HTTP/1.1" 200 OK
[2026-03-30 00:21:30][INFO] /0:0:0:0:0:0:0:1 "GET /maps/world/tiles/0/x-1/7/z3/7.prbm?438000 HTTP/1.1" 200 OK
[2026-03-30 00:21:30][INFO] /0:0:0:0:0:0:0:1 "GET /maps/world/tiles/0/x-1/8/z3/7.prbm?438000 HTTP/1.1" 200 OK
[2026-03-30 00:21:30][INFO] /0:0:0:0:0:0:0:1 "GET /maps/world/tiles/0/x-1/8/z3/6.prbm?438000 HTTP/1.1" 200 OK
[2026-03-30 00:21:30][INFO] /0:0:0:0:0:0:0:1 "GET /maps/world/tiles/0/x-1/8/z3/5.prbm?438000 HTTP/1.1" 200 OK
[2026-03-30 00:21:30][INFO] /0:0:0:0:0:0:0:1 "GET /maps/world/tiles/0/x-1/8/z3/4.prbm?438000 HTTP/1.1" 200 OK
[2026-03-30 00:21:30][INFO] /0:0:0:0:0:0:0:1 "GET /maps/world/tiles/0/x-1/8/z3/3.prbm?438000 HTTP/1.1" 200 OK
[2026-03-30 00:21:30][INFO] /0:0:0:0:0:0:0:1 "GET /maps/world/tiles/0/x-1/8/z3/2.prbm?438000 HTTP/1.1" 200 OK
[2026-03-30 00:21:30][INFO] /0:0:0:0:0:0:0:1 "GET /maps/world/tiles/0/x-1/8/z3/1.prbm?438000 HTTP/1.1" 200 OK
[2026-03-30 00:21:30][INFO] /0:0:0:0:0:0:0:1 "GET /maps/world/tiles/0/x-1/8/z3/0.prbm?438000 HTTP/1.1" 200 OK
[2026-03-30 00:21:30][INFO] /0:0:0:0:0:0:0:1 "GET /maps/world/tiles/0/x-1/8/z2/9.prbm?438000 HTTP/1.1" 200 OK
[2026-03-30 00:21:30][INFO] /0:0:0:0:0:0:0:1 "GET /maps/world/tiles/0/x-1/8/z2/8.prbm?438000 HTTP/1.1" 200 OK
[2026-03-30 00:21:30][INFO] /0:0:0:0:0:0:0:1 "GET /maps/world/tiles/0/x-1/8/z2/7.prbm?438000 HTTP/1.1" 200 OK
[2026-03-30 00:21:31][INFO] /0:0:0:0:0:0:0:1 "GET /maps/world/tiles/0/x-1/8/z2/6.prbm?438000 HTTP/1.1" 200 OK
[2026-03-30 00:21:31][INFO] /0:0:0:0:0:0:0:1 "GET /maps/world/tiles/0/x-1/8/z2/5.prbm?438000 HTTP/1.1" 200 OK
[2026-03-30 00:21:31][INFO] /0:0:0:0:0:0:0:1 "GET /maps/world/tiles/0/x-1/7/z2/5.prbm?438000 HTTP/1.1" 200 OK
[2026-03-30 00:21:31][INFO] /0:0:0:0:0:0:0:1 "GET /maps/world/tiles/0/x-1/6/z2/5.prbm?438000 HTTP/1.1" 200 OK
[2026-03-30 00:21:31][INFO] /0:0:0:0:0:0:0:1 "GET /maps/world/tiles/0/x-1/5/z2/5.prbm?438000 HTTP/1.1" 200 OK
[2026-03-30 00:21:31][INFO] /0:0:0:0:0:0:0:1 "GET /maps/world/tiles/0/x-1/4/z2/5.prbm?438000 HTTP/1.1" 200 OK
[2026-03-30 00:21:31][INFO] /0:0:0:0:0:0:0:1 "GET /maps/world/tiles/0/x-1/3/z2/5.prbm?438000 HTTP/1.1" 200 OK
[2026-03-30 00:21:31][INFO] /0:0:0:0:0:0:0:1 "GET /maps/world/tiles/0/x-1/2/z2/5.prbm?438000 HTTP/1.1" 200 OK
[2026-03-30 00:21:31][INFO] /0:0:0:0:0:0:0:1 "GET /maps/world/tiles/0/x-1/1/z2/5.prbm?438000 HTTP/1.1" 200 OK
[2026-03-30 00:21:31][INFO] /0:0:0:0:0:0:0:1 "GET /maps/world/tiles/0/x-1/0/z2/5.prbm?438000 HTTP/1.1" 200 OK
[2026-03-30 00:21:31][INFO] /0:0:0:0:0:0:0:1 "GET /maps/world/tiles/0/x-9/z2/5.prbm?438000 HTTP/1.1" 200 OK
[2026-03-30 00:21:31][INFO] /0:0:0:0:0:0:0:1 "GET /maps/world/tiles/0/x-8/z2/5.prbm?438000 HTTP/1.1" 200 OK
[2026-03-30 00:21:31][INFO] /0:0:0:0:0:0:0:1 "GET /maps/world/tiles/0/x-7/z2/5.prbm?438000 HTTP/1.1" 200 OK
[2026-03-30 00:21:31][INFO] /0:0:0:0:0:0:0:1 "GET /maps/world/tiles/0/x-6/z2/5.prbm?438000 HTTP/1.1" 200 OK
[2026-03-30 00:21:31][INFO] /0:0:0:0:0:0:0:1 "GET /maps/world/tiles/0/x-5/z2/5.prbm?438000 HTTP/1.1" 200 OK
[2026-03-30 00:21:31][INFO] /0:0:0:0:0:0:0:1 "GET /maps/world/tiles/0/x-5/z2/6.prbm?438000 HTTP/1.1" 200 OK
[2026-03-30 00:21:31][INFO] /0:0:0:0:0:0:0:1 "GET /maps/world/tiles/0/x-5/z2/7.prbm?438000 HTTP/1.1" 200 OK
[2026-03-30 00:21:31][INFO] /0:0:0:0:0:0:0:1 "GET /maps/world/tiles/0/x-5/z2/8.prbm?438000 HTTP/1.1" 200 OK
[2026-03-30 00:21:31][INFO] /0:0:0:0:0:0:0:1 "GET /maps/world/tiles/0/x-5/z2/9.prbm?438000 HTTP/1.1" 200 OK
[2026-03-30 00:21:31][INFO] /0:0:0:0:0:0:0:1 "GET /maps/world/tiles/0/x-5/z3/0.prbm?438000 HTTP/1.1" 200 OK
[2026-03-30 00:21:31][INFO] /0:0:0:0:0:0:0:1 "GET /maps/world/tiles/0/x-5/z3/1.prbm?438000 HTTP/1.1" 200 OK
[2026-03-30 00:21:31][INFO] /0:0:0:0:0:0:0:1 "GET /maps/world/tiles/0/x-5/z3/2.prbm?438000 HTTP/1.1" 200 OK
[2026-03-30 00:21:31][INFO] /0:0:0:0:0:0:0:1 "GET /maps/world/tiles/0/x-5/z3/3.prbm?438000 HTTP/1.1" 200 OK
[2026-03-30 00:21:31][INFO] /0:0:0:0:0:0:0:1 "GET /maps/world/tiles/0/x-5/z3/4.prbm?438000 HTTP/1.1" 200 OK
[2026-03-30 00:21:31][INFO] /0:0:0:0:0:0:0:1 "GET /maps/world/tiles/0/x-5/z3/5.prbm?438000 HTTP/1.1" 200 OK
[2026-03-30 00:21:31][INFO] /0:0:0:0:0:0:0:1 "GET /maps/world/tiles/0/x-5/z3/6.prbm?438000 HTTP/1.1" 200 OK
[2026-03-30 00:21:31][INFO] /0:0:0:0:0:0:0:1 "GET /maps/world/tiles/0/x-5/z3/7.prbm?438000 HTTP/1.1" 200 OK
[2026-03-30 00:21:31][INFO] /0:0:0:0:0:0:0:1 "GET /maps/world/tiles/0/x-5/z3/8.prbm?438000 HTTP/1.1" 200 OK
[2026-03-30 00:21:31][INFO] /0:0:0:0:0:0:0:1 "GET /maps/world/tiles/0/x-6/z3/8.prbm?438000 HTTP/1.1" 200 OK
[2026-03-30 00:21:31][INFO] /0:0:0:0:0:0:0:1 "GET /maps/world/tiles/0/x-7/z3/8.prbm?438000 HTTP/1.1" 200 OK
[2026-03-30 00:21:31][INFO] /0:0:0:0:0:0:0:1 "GET /maps/world/tiles/0/x-1/7/z2/4.prbm?438000 HTTP/1.1" 200 OK
[2026-03-30 00:21:31][INFO] /0:0:0:0:0:0:0:1 "GET /maps/world/tiles/0/x-1/6/z2/4.prbm?438000 HTTP/1.1" 200 OK
[2026-03-30 00:21:31][INFO] /0:0:0:0:0:0:0:1 "GET /maps/world/tiles/0/x-1/5/z2/4.prbm?438000 HTTP/1.1" 200 OK
[2026-03-30 00:21:31][INFO] /0:0:0:0:0:0:0:1 "GET /maps/world/tiles/0/x-1/4/z2/4.prbm?438000 HTTP/1.1" 200 OK
[2026-03-30 00:21:31][INFO] /0:0:0:0:0:0:0:1 "GET /maps/world/tiles/0/x-1/3/z2/4.prbm?438000 HTTP/1.1" 200 OK
[2026-03-30 00:21:31][INFO] /0:0:0:0:0:0:0:1 "GET /maps/world/tiles/0/x-1/2/z2/4.prbm?438000 HTTP/1.1" 200 OK
[2026-03-30 00:21:31][INFO] /0:0:0:0:0:0:0:1 "GET /maps/world/tiles/0/x-1/1/z2/4.prbm?438000 HTTP/1.1" 200 OK
[2026-03-30 00:21:31][INFO] /0:0:0:0:0:0:0:1 "GET /maps/world/tiles/0/x-1/0/z2/4.prbm?438000 HTTP/1.1" 200 OK
[2026-03-30 00:21:31][INFO] /0:0:0:0:0:0:0:1 "GET /maps/world/tiles/0/x-9/z2/4.prbm?438000 HTTP/1.1" 200 OK
[2026-03-30 00:21:31][INFO] /0:0:0:0:0:0:0:1 "GET /maps/world/tiles/0/x-8/z2/4.prbm?438000 HTTP/1.1" 200 OK
[2026-03-30 00:21:31][INFO] /0:0:0:0:0:0:0:1 "GET /maps/world/tiles/0/x-7/z2/4.prbm?438000 HTTP/1.1" 200 OK
[2026-03-30 00:21:31][INFO] /0:0:0:0:0:0:0:1 "GET /maps/world/tiles/0/x-6/z2/4.prbm?438000 HTTP/1.1" 200 OK
[2026-03-30 00:21:31][INFO] /0:0:0:0:0:0:0:1 "GET /maps/world/tiles/0/x-1/8/z2/4.prbm?438000 HTTP/1.1" 200 OK
[2026-03-30 00:21:31][INFO] /0:0:0:0:0:0:0:1 "GET /maps/world/tiles/0/x-1/8/z2/3.prbm?438000 HTTP/1.1" 200 OK
[2026-03-30 00:21:31][INFO] /0:0:0:0:0:0:0:1 "GET /maps/world/live/players.json?74001 HTTP/1.1" 200 OK
[2026-03-30 00:21:31][INFO] /0:0:0:0:0:0:0:1 "GET /maps/world/tiles/0/x-1/7/z2/3.prbm?438000 HTTP/1.1" 200 OK
[2026-03-30 00:21:31][INFO] /0:0:0:0:0:0:0:1 "GET /maps/world/tiles/0/x-1/6/z2/3.prbm?438000 HTTP/1.1" 200 OK
[2026-03-30 00:21:31][INFO] /0:0:0:0:0:0:0:1 "GET /maps/world/tiles/0/x-1/5/z2/3.prbm?438000 HTTP/1.1" 200 OK
[2026-03-30 00:21:31][INFO] /0:0:0:0:0:0:0:1 "GET /maps/world/tiles/0/x-1/4/z2/3.prbm?438000 HTTP/1.1" 200 OK
[2026-03-30 00:21:31][INFO] /0:0:0:0:0:0:0:1 "GET /maps/world/tiles/0/x-1/3/z2/3.prbm?438000 HTTP/1.1" 200 OK
[2026-03-30 00:21:31][INFO] /0:0:0:0:0:0:0:1 "GET /maps/world/tiles/0/x-1/2/z2/3.prbm?438000 HTTP/1.1" 200 OK
[2026-03-30 00:21:32][INFO] /0:0:0:0:0:0:0:1 "GET /maps/world/tiles/0/x-1/1/z2/3.prbm?438000 HTTP/1.1" 200 OK
[2026-03-30 00:21:32][INFO] /0:0:0:0:0:0:0:1 "GET /maps/world/tiles/0/x-1/0/z2/3.prbm?438000 HTTP/1.1" 200 OK
[2026-03-30 00:21:32][INFO] /0:0:0:0:0:0:0:1 "GET /maps/world/tiles/0/x-9/z2/3.prbm?438000 HTTP/1.1" 200 OK
[2026-03-30 00:21:32][INFO] /0:0:0:0:0:0:0:1 "GET /maps/world/tiles/0/x-8/z2/3.prbm?438000 HTTP/1.1" 200 OK
[2026-03-30 00:21:32][INFO] /0:0:0:0:0:0:0:1 "GET /maps/world/tiles/0/x-7/z2/3.prbm?438000 HTTP/1.1" 200 OK
[2026-03-30 00:21:32][INFO] /0:0:0:0:0:0:0:1 "GET /maps/world/tiles/0/x-6/z2/3.prbm?438000 HTTP/1.1" 200 OK
[2026-03-30 00:21:32][INFO] /0:0:0:0:0:0:0:1 "GET /maps/world/tiles/0/x-5/z2/3.prbm?438000 HTTP/1.1" 200 OK
[2026-03-30 00:21:32][INFO] /0:0:0:0:0:0:0:1 "GET /maps/world/tiles/0/x-5/z2/4.prbm?438000 HTTP/1.1" 200 OK
[2026-03-30 00:21:32][INFO] /0:0:0:0:0:0:0:1 "GET /maps/world/tiles/0/x-1/9/z3/6.prbm?438000 HTTP/1.1" 200 OK
[2026-03-30 00:21:32][INFO] /0:0:0:0:0:0:0:1 "GET /maps/world/tiles/0/x-1/9/z3/5.prbm?438000 HTTP/1.1" 200 OK
[2026-03-30 00:21:32][INFO] /0:0:0:0:0:0:0:1 "GET /maps/world/tiles/0/x-1/9/z3/4.prbm?438000 HTTP/1.1" 200 OK
[2026-03-30 00:21:32][INFO] /0:0:0:0:0:0:0:1 "GET /maps/world/tiles/0/x-1/9/z3/3.prbm?438000 HTTP/1.1" 200 OK
[2026-03-30 00:21:32][INFO] /0:0:0:0:0:0:0:1 "GET /maps/world/tiles/0/x-1/9/z3/2.prbm?438000 HTTP/1.1" 200 OK
[2026-03-30 00:21:32][INFO] /0:0:0:0:0:0:0:1 "GET /maps/world/tiles/0/x-1/9/z3/1.prbm?438000 HTTP/1.1" 200 OK
[2026-03-30 00:21:32][INFO] /0:0:0:0:0:0:0:1 "GET /maps/world/tiles/0/x-1/9/z3/0.prbm?438000 HTTP/1.1" 200 OK
[2026-03-30 00:21:32][INFO] /0:0:0:0:0:0:0:1 "GET /maps/world/tiles/0/x-1/9/z2/9.prbm?438000 HTTP/1.1" 200 OK
[2026-03-30 00:21:32][INFO] /0:0:0:0:0:0:0:1 "GET /maps/world/tiles/0/x-1/9/z2/8.prbm?438000 HTTP/1.1" 200 OK
[2026-03-30 00:21:32][INFO] /0:0:0:0:0:0:0:1 "GET /maps/world/tiles/0/x-1/9/z2/7.prbm?438000 HTTP/1.1" 200 OK
[2026-03-30 00:21:32][INFO] /0:0:0:0:0:0:0:1 "GET /maps/world/tiles/0/x-1/9/z2/6.prbm?438000 HTTP/1.1" 200 OK
[2026-03-30 00:21:32][INFO] /0:0:0:0:0:0:0:1 "GET /maps/world/tiles/0/x-1/9/z2/5.prbm?438000 HTTP/1.1" 200 OK
[2026-03-30 00:21:32][INFO] /0:0:0:0:0:0:0:1 "GET /maps/world/tiles/0/x-1/9/z2/4.prbm?438000 HTTP/1.1" 200 OK
[2026-03-30 00:21:32][INFO] /0:0:0:0:0:0:0:1 "GET /maps/world/live/markers.json?19532 HTTP/1.1" 200 OK
[2026-03-30 00:21:32][INFO] /0:0:0:0:0:0:0:1 "GET /maps/world/tiles/0/x-1/9/z2/3.prbm?438000 HTTP/1.1" 200 OK
[2026-03-30 00:21:32][INFO] /0:0:0:0:0:0:0:1 "GET /maps/world/tiles/0/x-1/9/z2/2.prbm?438000 HTTP/1.1" 200 OK
[2026-03-30 00:21:32][INFO] /0:0:0:0:0:0:0:1 "GET /maps/world/tiles/0/x-1/8/z2/2.prbm?438000 HTTP/1.1" 200 OK
[2026-03-30 00:21:32][INFO] /0:0:0:0:0:0:0:1 "GET /maps/world/tiles/0/x-1/7/z2/2.prbm?438000 HTTP/1.1" 200 OK
[2026-03-30 00:21:32][INFO] /0:0:0:0:0:0:0:1 "GET /maps/world/tiles/0/x-1/6/z2/2.prbm?438000 HTTP/1.1" 200 OK
[2026-03-30 00:21:32][INFO] /0:0:0:0:0:0:0:1 "GET /maps/world/tiles/0/x-1/5/z2/2.prbm?438000 HTTP/1.1" 200 OK
[2026-03-30 00:21:32][INFO] /0:0:0:0:0:0:0:1 "GET /maps/world/tiles/0/x-1/4/z2/2.prbm?438000 HTTP/1.1" 200 OK
[2026-03-30 00:21:32][INFO] /0:0:0:0:0:0:0:1 "GET /maps/world/tiles/0/x-1/3/z2/2.prbm?438000 HTTP/1.1" 200 OK
[2026-03-30 00:21:32][INFO] /0:0:0:0:0:0:0:1 "GET /maps/world/tiles/0/x-1/2/z2/2.prbm?438000 HTTP/1.1" 200 OK
[2026-03-30 00:21:32][INFO] /0:0:0:0:0:0:0:1 "GET /maps/world/tiles/0/x-1/1/z2/2.prbm?438000 HTTP/1.1" 200 OK
[2026-03-30 00:21:32][INFO] /0:0:0:0:0:0:0:1 "GET /maps/world/tiles/0/x-1/0/z2/2.prbm?438000 HTTP/1.1" 200 OK
[2026-03-30 00:21:32][INFO] /0:0:0:0:0:0:0:1 "GET /maps/world/tiles/0/x-9/z2/2.prbm?438000 HTTP/1.1" 200 OK
[2026-03-30 00:21:32][INFO] /0:0:0:0:0:0:0:1 "GET /maps/world/tiles/0/x-8/z2/2.prbm?438000 HTTP/1.1" 200 OK
[2026-03-30 00:21:32][INFO] /0:0:0:0:0:0:0:1 "GET /maps/world/tiles/0/x-7/z2/2.prbm?438000 HTTP/1.1" 200 OK
[2026-03-30 00:21:32][INFO] /0:0:0:0:0:0:0:1 "GET /maps/world/tiles/0/x-6/z2/2.prbm?438000 HTTP/1.1" 200 OK
[2026-03-30 00:21:32][INFO] /0:0:0:0:0:0:0:1 "GET /maps/world/tiles/0/x-5/z2/2.prbm?438000 HTTP/1.1" 200 OK
[2026-03-30 00:21:32][INFO] /0:0:0:0:0:0:0:1 "GET /maps/world/tiles/0/x-4/z2/2.prbm?438000 HTTP/1.1" 200 OK
[2026-03-30 00:21:32][INFO] /0:0:0:0:0:0:0:1 "GET /maps/world/tiles/0/x-4/z2/3.prbm?438000 HTTP/1.1" 200 OK
[2026-03-30 00:21:32][INFO] /0:0:0:0:0:0:0:1 "GET /maps/world/tiles/0/x-4/z2/4.prbm?438000 HTTP/1.1" 200 OK
[2026-03-30 00:21:32][INFO] /0:0:0:0:0:0:0:1 "GET /maps/world/tiles/0/x-4/z2/5.prbm?438000 HTTP/1.1" 200 OK
[2026-03-30 00:21:32][INFO] /0:0:0:0:0:0:0:1 "GET /maps/world/tiles/0/x-4/z2/6.prbm?438000 HTTP/1.1" 200 OK
[2026-03-30 00:21:32][INFO] /0:0:0:0:0:0:0:1 "GET /maps/world/tiles/0/x-4/z2/7.prbm?438000 HTTP/1.1" 200 OK
[2026-03-30 00:21:32][INFO] /0:0:0:0:0:0:0:1 "GET /maps/world/tiles/0/x-4/z2/8.prbm?438000 HTTP/1.1" 200 OK
[2026-03-30 00:21:32][INFO] /0:0:0:0:0:0:0:1 "GET /maps/world/tiles/0/x-4/z2/9.prbm?438000 HTTP/1.1" 200 OK
[2026-03-30 00:21:32][INFO] /0:0:0:0:0:0:0:1 "GET /maps/world/tiles/0/x-4/z3/0.prbm?438000 HTTP/1.1" 200 OK
[2026-03-30 00:21:32][INFO] /0:0:0:0:0:0:0:1 "GET /maps/world/tiles/0/x-4/z3/1.prbm?438000 HTTP/1.1" 200 OK
[2026-03-30 00:21:32][INFO] /0:0:0:0:0:0:0:1 "GET /maps/world/tiles/0/x-4/z3/2.prbm?438000 HTTP/1.1" 200 OK
[2026-03-30 00:21:32][INFO] /0:0:0:0:0:0:0:1 "GET /maps/world/live/players.json?888448 HTTP/1.1" 200 OK
[2026-03-30 00:21:32][INFO] /0:0:0:0:0:0:0:1 "GET /maps/world/tiles/0/x-4/z3/3.prbm?438000 HTTP/1.1" 200 OK
[2026-03-30 00:21:32][INFO] /0:0:0:0:0:0:0:1 "GET /maps/world/tiles/0/x-4/z3/4.prbm?438000 HTTP/1.1" 200 OK
[2026-03-30 00:21:32][INFO] /0:0:0:0:0:0:0:1 "GET /maps/world/tiles/0/x-4/z3/5.prbm?438000 HTTP/1.1" 200 OK
[2026-03-30 00:21:33][INFO] /0:0:0:0:0:0:0:1 "GET /maps/world/tiles/0/x-4/z3/6.prbm?438000 HTTP/1.1" 200 OK
[2026-03-30 00:21:33][INFO] /0:0:0:0:0:0:0:1 "GET /maps/world/tiles/0/x-4/z3/7.prbm?438000 HTTP/1.1" 200 OK
[2026-03-30 00:21:33][INFO] /0:0:0:0:0:0:0:1 "GET /maps/world/tiles/0/x-1/9/z3/7.prbm?438000 HTTP/1.1" 200 OK
[2026-03-30 00:21:33][INFO] /0:0:0:0:0:0:0:1 "GET /maps/world/tiles/0/x-2/0/z3/7.prbm?438000 HTTP/1.1" 200 OK
[2026-03-30 00:21:33][INFO] /0:0:0:0:0:0:0:1 "GET /maps/world/tiles/0/x-2/0/z3/6.prbm?438000 HTTP/1.1" 200 OK
[2026-03-30 00:21:33][INFO] /0:0:0:0:0:0:0:1 "GET /maps/world/tiles/0/x-2/0/z3/5.prbm?438000 HTTP/1.1" 200 OK
[2026-03-30 00:21:33][INFO] /0:0:0:0:0:0:0:1 "GET /maps/world/tiles/0/x-2/0/z3/4.prbm?438000 HTTP/1.1" 200 OK
[2026-03-30 00:21:33][INFO] /0:0:0:0:0:0:0:1 "GET /maps/world/tiles/0/x-2/0/z3/3.prbm?438000 HTTP/1.1" 200 OK
[2026-03-30 00:21:33][INFO] /0:0:0:0:0:0:0:1 "GET /maps/world/tiles/0/x-2/0/z3/2.prbm?438000 HTTP/1.1" 200 OK
[2026-03-30 00:21:33][INFO] /0:0:0:0:0:0:0:1 "GET /maps/world/tiles/0/x-2/0/z3/1.prbm?438000 HTTP/1.1" 200 OK
[2026-03-30 00:21:33][INFO] /0:0:0:0:0:0:0:1 "GET /maps/world/tiles/0/x-2/0/z3/0.prbm?438000 HTTP/1.1" 200 OK
[2026-03-30 00:21:33][INFO] /0:0:0:0:0:0:0:1 "GET /maps/world/tiles/0/x-2/0/z2/9.prbm?438000 HTTP/1.1" 200 OK
[2026-03-30 00:21:33][INFO] /0:0:0:0:0:0:0:1 "GET /maps/world/tiles/0/x-2/0/z2/8.prbm?438000 HTTP/1.1" 200 OK
[2026-03-30 00:21:33][INFO] /0:0:0:0:0:0:0:1 "GET /maps/world/tiles/0/x-2/0/z2/7.prbm?438000 HTTP/1.1" 200 OK
[2026-03-30 00:21:33][INFO] /0:0:0:0:0:0:0:1 "GET /maps/world/tiles/0/x-2/0/z2/6.prbm?438000 HTTP/1.1" 200 OK
[2026-03-30 00:21:33][INFO] /0:0:0:0:0:0:0:1 "GET /maps/world/tiles/0/x-2/0/z2/5.prbm?438000 HTTP/1.1" 200 OK
[2026-03-30 00:21:33][INFO] /0:0:0:0:0:0:0:1 "GET /maps/world/tiles/0/x-2/0/z2/4.prbm?438000 HTTP/1.1" 200 OK
[2026-03-30 00:21:33][INFO] /0:0:0:0:0:0:0:1 "GET /maps/world/tiles/0/x-2/0/z2/3.prbm?438000 HTTP/1.1" 200 OK
[2026-03-30 00:21:33][INFO] /0:0:0:0:0:0:0:1 "GET /maps/world/tiles/0/x-2/0/z2/2.prbm?438000 HTTP/1.1" 200 OK
[2026-03-30 00:21:33][INFO] /0:0:0:0:0:0:0:1 "GET /maps/world/tiles/0/x-2/0/z2/1.prbm?438000 HTTP/1.1" 200 OK
[2026-03-30 00:21:33][INFO] /0:0:0:0:0:0:0:1 "GET /maps/world/tiles/0/x-1/9/z2/1.prbm?438000 HTTP/1.1" 200 OK
[2026-03-30 00:21:33][INFO] /0:0:0:0:0:0:0:1 "GET /maps/world/tiles/0/x-1/8/z2/1.prbm?438000 HTTP/1.1" 200 OK
[2026-03-30 00:21:33][INFO] /0:0:0:0:0:0:0:1 "GET /maps/world/tiles/0/x-1/7/z2/1.prbm?438000 HTTP/1.1" 200 OK
[2026-03-30 00:21:33][INFO] /0:0:0:0:0:0:0:1 "GET /maps/world/tiles/0/x-1/6/z2/1.prbm?438000 HTTP/1.1" 200 OK
[2026-03-30 00:21:33][INFO] /0:0:0:0:0:0:0:1 "GET /maps/world/tiles/0/x-1/5/z2/1.prbm?438000 HTTP/1.1" 200 OK
[2026-03-30 00:21:33][INFO] /0:0:0:0:0:0:0:1 "GET /maps/world/tiles/0/x-1/4/z2/1.prbm?438000 HTTP/1.1" 200 OK
[2026-03-30 00:21:33][INFO] /0:0:0:0:0:0:0:1 "GET /maps/world/tiles/0/x-1/3/z2/1.prbm?438000 HTTP/1.1" 200 OK
[2026-03-30 00:21:33][INFO] /0:0:0:0:0:0:0:1 "GET /maps/world/tiles/0/x-1/2/z2/1.prbm?438000 HTTP/1.1" 200 OK
[2026-03-30 00:21:33][INFO] /0:0:0:0:0:0:0:1 "GET /maps/world/tiles/0/x-1/1/z2/1.prbm?438000 HTTP/1.1" 200 OK
[2026-03-30 00:21:33][INFO] /0:0:0:0:0:0:0:1 "GET /maps/world/tiles/0/x-1/0/z2/1.prbm?438000 HTTP/1.1" 200 OK
[2026-03-30 00:21:33][INFO] /0:0:0:0:0:0:0:1 "GET /maps/world/tiles/0/x-9/z2/1.prbm?438000 HTTP/1.1" 200 OK
[2026-03-30 00:21:33][INFO] /0:0:0:0:0:0:0:1 "GET /maps/world/tiles/0/x-8/z2/1.prbm?438000 HTTP/1.1" 200 OK
[2026-03-30 00:21:33][INFO] /0:0:0:0:0:0:0:1 "GET /maps/world/tiles/0/x-7/z2/1.prbm?438000 HTTP/1.1" 200 OK
[2026-03-30 00:21:33][INFO] /0:0:0:0:0:0:0:1 "GET /maps/world/tiles/0/x-6/z2/1.prbm?438000 HTTP/1.1" 200 OK
[2026-03-30 00:21:33][INFO] /0:0:0:0:0:0:0:1 "GET /maps/world/tiles/0/x-5/z2/1.prbm?438000 HTTP/1.1" 200 OK
[2026-03-30 00:21:33][INFO] /0:0:0:0:0:0:0:1 "GET /maps/world/tiles/0/x-4/z2/1.prbm?438000 HTTP/1.1" 200 OK
[2026-03-30 00:21:33][INFO] /0:0:0:0:0:0:0:1 "GET /maps/world/tiles/0/x-3/z2/1.prbm?438000 HTTP/1.1" 200 OK
[2026-03-30 00:21:33][INFO] /0:0:0:0:0:0:0:1 "GET /maps/world/tiles/0/x-3/z2/2.prbm?438000 HTTP/1.1" 200 OK
[2026-03-30 00:21:33][INFO] /0:0:0:0:0:0:0:1 "GET /maps/world/tiles/0/x-3/z2/3.prbm?438000 HTTP/1.1" 200 OK
[2026-03-30 00:21:33][INFO] /0:0:0:0:0:0:0:1 "GET /maps/world/tiles/0/x-3/z2/4.prbm?438000 HTTP/1.1" 200 OK
[2026-03-30 00:21:33][INFO] /0:0:0:0:0:0:0:1 "GET /maps/world/tiles/0/x-3/z2/5.prbm?438000 HTTP/1.1" 200 OK
[2026-03-30 00:21:33][INFO] /0:0:0:0:0:0:0:1 "GET /maps/world/tiles/0/x-3/z2/6.prbm?438000 HTTP/1.1" 200 OK
[2026-03-30 00:21:33][INFO] /0:0:0:0:0:0:0:1 "GET /maps/world/tiles/0/x-3/z2/7.prbm?438000 HTTP/1.1" 200 OK
[2026-03-30 00:21:33][INFO] /0:0:0:0:0:0:0:1 "GET /maps/world/tiles/0/x-3/z2/8.prbm?438000 HTTP/1.1" 200 OK
[2026-03-30 00:21:33][INFO] /0:0:0:0:0:0:0:1 "GET /maps/world/tiles/0/x-3/z2/9.prbm?438000 HTTP/1.1" 200 OK
[2026-03-30 00:21:33][INFO] /0:0:0:0:0:0:0:1 "GET /maps/world/tiles/0/x-3/z3/0.prbm?438000 HTTP/1.1" 200 OK
[2026-03-30 00:21:33][INFO] /0:0:0:0:0:0:0:1 "GET /maps/world/tiles/0/x-3/z3/1.prbm?438000 HTTP/1.1" 200 OK
[2026-03-30 00:21:33][INFO] /0:0:0:0:0:0:0:1 "GET /maps/world/tiles/0/x-3/z3/2.prbm?438000 HTTP/1.1" 200 OK
[2026-03-30 00:21:33][INFO] /0:0:0:0:0:0:0:1 "GET /maps/world/tiles/0/x-3/z3/3.prbm?438000 HTTP/1.1" 200 OK
[2026-03-30 00:21:33][INFO] /0:0:0:0:0:0:0:1 "GET /maps/world/tiles/0/x-3/z3/4.prbm?438000 HTTP/1.1" 200 OK
[2026-03-30 00:21:33][INFO] /0:0:0:0:0:0:0:1 "GET /maps/world/tiles/0/x-3/z3/5.prbm?438000 HTTP/1.1" 200 OK
[2026-03-30 00:21:33][INFO] /0:0:0:0:0:0:0:1 "GET /maps/world/tiles/0/x-3/z3/6.prbm?438000 HTTP/1.1" 200 OK
[2026-03-30 00:21:33][INFO] /0:0:0:0:0:0:0:1 "GET /maps/world/tiles/0/x-3/z3/7.prbm?438000 HTTP/1.1" 200 OK
[2026-03-30 00:21:33][INFO] /0:0:0:0:0:0:0:1 "GET /maps/world/tiles/0/x-3/z3/8.prbm?438000 HTTP/1.1" 200 OK
[2026-03-30 00:21:33][INFO] /0:0:0:0:0:0:0:1 "GET /maps/world/tiles/0/x-4/z3/8.prbm?438000 HTTP/1.1" 200 OK
[2026-03-30 00:21:33][INFO] /0:0:0:0:0:0:0:1 "GET /maps/world/tiles/0/x-8/z3/8.prbm?438000 HTTP/1.1" 200 OK
[2026-03-30 00:21:33][INFO] /0:0:0:0:0:0:0:1 "GET /maps/world/tiles/0/x-9/z3/8.prbm?438000 HTTP/1.1" 200 OK
[2026-03-30 00:21:33][INFO] /0:0:0:0:0:0:0:1 "GET /maps/world/tiles/0/x-1/0/z3/8.prbm?438000 HTTP/1.1" 200 OK
[2026-03-30 00:21:33][INFO] /0:0:0:0:0:0:0:1 "GET /maps/world/tiles/0/x-1/1/z3/8.prbm?438000 HTTP/1.1" 200 OK
[2026-03-30 00:21:33][INFO] /0:0:0:0:0:0:0:1 "GET /maps/world/tiles/0/x-1/2/z3/8.prbm?438000 HTTP/1.1" 200 OK
[2026-03-30 00:21:33][INFO] /0:0:0:0:0:0:0:1 "GET /maps/world/tiles/0/x-1/3/z3/8.prbm?438000 HTTP/1.1" 200 OK
[2026-03-30 00:21:33][INFO] /0:0:0:0:0:0:0:1 "GET /maps/world/tiles/0/x-1/4/z3/8.prbm?438000 HTTP/1.1" 200 OK
[2026-03-30 00:21:33][INFO] /0:0:0:0:0:0:0:1 "GET /maps/world/tiles/0/x-1/5/z3/8.prbm?438000 HTTP/1.1" 200 OK
[2026-03-30 00:21:33][INFO] /0:0:0:0:0:0:0:1 "GET /maps/world/tiles/0/x-1/6/z3/8.prbm?438000 HTTP/1.1" 200 OK
[2026-03-30 00:21:33][INFO] /0:0:0:0:0:0:0:1 "GET /maps/world/tiles/0/x-1/7/z3/8.prbm?438000 HTTP/1.1" 200 OK
[2026-03-30 00:21:33][INFO] /0:0:0:0:0:0:0:1 "GET /maps/world/tiles/0/x-1/8/z3/8.prbm?438000 HTTP/1.1" 200 OK
[2026-03-30 00:21:33][INFO] /0:0:0:0:0:0:0:1 "GET /maps/world/tiles/0/x-1/9/z3/8.prbm?438000 HTTP/1.1" 200 OK
[2026-03-30 00:21:33][INFO] /0:0:0:0:0:0:0:1 "GET /maps/world/tiles/0/x-2/0/z3/8.prbm?438000 HTTP/1.1" 200 OK
[2026-03-30 00:21:33][INFO] /0:0:0:0:0:0:0:1 "GET /maps/world/tiles/0/x-2/1/z3/8.prbm?438000 HTTP/1.1" 200 OK
[2026-03-30 00:21:33][INFO] /0:0:0:0:0:0:0:1 "GET /maps/world/tiles/0/x-2/1/z3/7.prbm?438000 HTTP/1.1" 200 OK
[2026-03-30 00:21:33][INFO] /0:0:0:0:0:0:0:1 "GET /maps/world/tiles/0/x-2/1/z3/6.prbm?438000 HTTP/1.1" 200 OK
[2026-03-30 00:21:33][INFO] /0:0:0:0:0:0:0:1 "GET /maps/world/tiles/0/x-2/1/z3/5.prbm?438000 HTTP/1.1" 200 OK
[2026-03-30 00:21:33][INFO] /0:0:0:0:0:0:0:1 "GET /maps/world/tiles/0/x-2/1/z3/4.prbm?438000 HTTP/1.1" 200 OK
[2026-03-30 00:21:33][INFO] /0:0:0:0:0:0:0:1 "GET /maps/world/tiles/0/x-2/1/z3/3.prbm?438000 HTTP/1.1" 200 OK
[2026-03-30 00:21:33][INFO] /0:0:0:0:0:0:0:1 "GET /maps/world/tiles/0/x-2/1/z3/2.prbm?438000 HTTP/1.1" 200 OK
[2026-03-30 00:21:33][INFO] /0:0:0:0:0:0:0:1 "GET /maps/world/tiles/0/x-2/1/z3/1.prbm?438000 HTTP/1.1" 200 OK
[2026-03-30 00:21:33][INFO] /0:0:0:0:0:0:0:1 "GET /maps/world/tiles/0/x-2/1/z3/0.prbm?438000 HTTP/1.1" 200 OK
[2026-03-30 00:21:33][INFO] /0:0:0:0:0:0:0:1 "GET /maps/world/tiles/0/x-2/1/z2/9.prbm?438000 HTTP/1.1" 200 OK
[2026-03-30 00:21:33][INFO] /0:0:0:0:0:0:0:1 "GET /maps/world/tiles/0/x-2/1/z2/8.prbm?438000 HTTP/1.1" 200 OK
[2026-03-30 00:21:33][INFO] /0:0:0:0:0:0:0:1 "GET /maps/world/tiles/0/x-2/1/z2/7.prbm?438000 HTTP/1.1" 200 OK
[2026-03-30 00:21:33][INFO] /0:0:0:0:0:0:0:1 "GET /maps/world/tiles/0/x-2/1/z2/6.prbm?438000 HTTP/1.1" 200 OK
[2026-03-30 00:21:33][INFO] /0:0:0:0:0:0:0:1 "GET /maps/world/tiles/0/x-2/1/z2/5.prbm?438000 HTTP/1.1" 200 OK
[2026-03-30 00:21:33][INFO] /0:0:0:0:0:0:0:1 "GET /maps/world/tiles/0/x-2/1/z2/4.prbm?438000 HTTP/1.1" 200 OK
[2026-03-30 00:21:33][INFO] /0:0:0:0:0:0:0:1 "GET /maps/world/tiles/0/x-2/1/z2/3.prbm?438000 HTTP/1.1" 200 OK
[2026-03-30 00:21:34][INFO] /0:0:0:0:0:0:0:1 "GET /maps/world/tiles/0/x-2/1/z2/2.prbm?438000 HTTP/1.1" 200 OK
[2026-03-30 00:21:34][INFO] /0:0:0:0:0:0:0:1 "GET /maps/world/live/players.json?815802 HTTP/1.1" 200 OK
[2026-03-30 00:21:34][INFO] /0:0:0:0:0:0:0:1 "GET /maps/world/tiles/0/x-2/1/z2/1.prbm?438000 HTTP/1.1" 200 OK
[2026-03-30 00:21:35][INFO] /0:0:0:0:0:0:0:1 "GET /maps/world/live/players.json?245798 HTTP/1.1" 200 OK
[2026-03-30 00:21:36][INFO] /0:0:0:0:0:0:0:1 "GET /maps/world/live/players.json?548112 HTTP/1.1" 200 OK
[2026-03-30 00:21:37][INFO] /0:0:0:0:0:0:0:1 "GET /maps/world/live/players.json?677296 HTTP/1.1" 200 OK
[2026-03-30 00:21:38][INFO] /0:0:0:0:0:0:0:1 "GET /maps/world/live/players.json?439188 HTTP/1.1" 200 OK
